0,1,2,3,4,5,6,7,8,9,10,11,12,13,14,15,16,17,18,19,20,21,22,23,24,25,26,27,28,29,30,31,32,33,34,35,36,37,38,39,40,41,42,43,44,45,46,47,48,49,label
0.158539181,0.930464049,0.916258775,0.340740915,0.061458907,0.311601063,0.551928342,0.183301154,0.318374761,0.529081192,0.954905121,0.946954771,0.823730283,0.237572628,0.78099088,0.633753899,0.522181495,0.685462093,0.604018493,0.652833348,0.265611212,0.811942538,0.539561187,0.952997691,0.731410198,0.793045018,0.462785536,0.962516646,0.597312223,0.58218165,0.599480454,0.059150531,0.620917407,0.081324014,0.471491984,0.720394922,0.874125069,0.089157509,0.350158637,0.177034281,0.013325386,0.457308815,0.317936877,0.867394001,0.104590297,0.310282655,0.688535821,0.908246595,0.542833139,0.18452514,1
0.686519956,0.913412221,0.049251273,0.599454881,0.37626126,0.74463387,0.50413273,0.224617357,0.517537704,0.601076775,0.338151579,0.971502935,0.594522023,0.901957427,0.459132801,0.289694195,0.077681098,0.913014161,0.309416552,0.779817559,0.584548734,0.898024508,0.170923822,0.583782925,0.14403765,0.503899499,0.224514699,0.352772294,0.120010082,0.091015755,0.577082925,0.358732113,0.870506842,0.330412329,0.92653678,0.423259629,0.253633074,0.342263661,0.570199702,0.035229759,0.432420736,0.964315922,0.90756001,0.279878952,0.712074775,0.2887623,0.382735145,0.318991403,0.294323226,0.889464698,1
0.910881118,0.215401575,0.268071858,0.21062894,0.755619556,0.607715261,0.529441136,0.624433435,0.649438192,0.940927701,0.643053204,0.2046842,0.794468582,0.269347305,0.351414395,0.909039496,0.25744956,0.174301207,0.458835491,0.067720461,0.075227871,0.433176021,0.058056181,0.452562622,0.784967985,0.021808046,0.945000385,0.106452329,0.812968277,0.518300015,0.396762879,0.908040773,0.753308491,0.082745372,0.221948608,0.021128241,0.679055414,0.381012951,0.230796529,0.029519668,0.258892877,0.38659577,0.293688313,0.289213123,0.860305455,0.5956261,0.419153465,0.870428535,0.355045101,0.951139146,0
0.717436723,0.577669104,0.711776811,0.118061039,0.154537803,0.447306541,0.202253528,0.587714361,0.642537557,0.714409786,0.706407825,0.853385898,0.616061519,0.016584014,0.519226259,0.042647233,0.531544287,0.516116036,0.854975513,0.064654367,0.222955345,0.946856809,0.383784718,0.368900816,0.143235692,0.66883739,0.190868689,0.538916113,0.607008783,0.465428833,0.15777584,0.116363413,0.274079615,0.485149654,0.307085676,0.701764577,0.702475356,0.263121254,0.047546026,0.265216915,0.943306508,0.058733885,0.220536805,0.112753801,0.910152492,0.273603197,0.698178819,0.450865321,0.445290043,0.173289984,0
0.884154188,0.695649421,0.746908228,0.931866866,0.048175521,0.713170999,0.469839362,0.526335156,0.776948681,0.297202006,0.596356195,0.269087844,0.063795312,0.925340034,0.867078009,0.720799602,0.014441374,0.831637244,0.811690331,0.68292249,0.883026103,0.334858962,0.60561908,0.298285944,0.379820471,0.04796997,0.065260109,0.372630013,0.349173969,0.597447532,0.676968284,0.749499426,0.660230269,0.496578798,0.385321547,0.352981821,0.068260415,0.551880327,0.527833675,0.086461776,0.905054436,0.136037711,0.52204246,0.96743403,0.347671534,0.892523961,0.794225106,0.938771461,0.474496767,0.813636206,1
0.654058125,0.255207145,0.536491098,0.106156012,0.824659842,0.380831863,0.49995779,0.23091486,0.098233358,0.305112893,0.787633591,0.098586669,0.570633845,0.411270892,0.291408061,0.615203206,0.91171067,0.383858416,0.492101185,0.081787459,0.159501047,0.476435921,0.809164225,0.399754545,0.954410403,0.21086783,0.366236422,0.732795593,0.623876786,0.552581234,0.855546264,0.272517575,0.408274304,0.936744303,0.372759834,0.376755974,0.426477791,0.286387428,0.482569214,0.295433315,0.156775147,0.422643958,0.981421565,0.647376164,0.064869958,0.658570006,0.595612173,0.57463225,0.281511985,0.396527593,1
0.394555413,0.95080566,0.647021216,0.053301395,0.439219509,0.93854046,0.47728462,0.370575726,0.315495001,0.948946989,0.750008669,0.349443474,0.36390005,0.644777385,0.888167821,0.601398021,0.91250102,0.498445868,0.321463134,0.317559716,0.811900324,0.20697851,0.441510185,0.058597835,0.913702138,0.345981978,0.38172049,0.791756975,0.19573314,0.766633128,0.194401916,0.472759667,0.028101074,0.754534246,0.120727486,0.647764418,0.372190765,0.976502347,0.29824898,0.018352874,0.510671569,0.169893519,0.268730712,0.499865919,0.430396202,0.313848585,0.881828688,0.38124832,0.988848062,0.254964469,0
0.898837743,0.055565456,0.033526064,0.918190599,0.249538548,0.83154501,0.290546761,0.355135748,0.468332161,0.49044251,0.304113408,0.120373529,0.533866295,0.823610884,0.073355051,0.805532283,0.227442698,0.138562473,0.277152234,0.897510672,0.007051035,0.269410713,0.398082285,0.351085396,0.064294315,0.09466715,0.750577923,0.111384135,0.210150516,0.294075307,0.24733866,0.571695628,0.273055293,0.298574613,0.166297241,0.532563129,0.224675185,0.97194111,0.037655401,0.772797696,0.283978215,0.508307888,0.253965486,0.560086197,0.450694345,0.079967743,0.95182957,0.805990931,0.481065708,0.050543441,1
0.533341104,0.838346663,0.752176146,0.075017662,0.523861797,0.99968398,0.59264811,0.158653238,0.958766322,0.493835269,0.52314215,0.720734451,0.60639358,0.592672807,0.865758299,0.336913169,0.105581569,0.838264571,0.304944995,0.517764999,0.70997176,0.874527629,0.301337868,0.884033946,0.663330142,0.33049569,0.719886814,0.209542047,0.226601489,0.629898527,0.260654306,0.658409591,0.605285041,0.879694487,0.801830066,0.076253694,0.364670879,0.493371327,0.759376681,0.95127021,0.551787334,0.44528177,0.299471714,0.04947442,0.101436452,0.311214909,0.820373323,0.141926658,0.414560862,0.592285293,1
0.398878446,0.93709485,0.870788954,0.180857701,0.151796165,0.623921894,0.185610332,0.923107226,0.9035099,0.924456771,0.494915028,0.23945823,0.091954525,0.726815929,0.234588718,0.982169108,0.563914396,0.2536823,0.375516837,0.336048604,0.989122793,0.17520902,0.55996722,0.313650576,0.34567338,0.630477052,0.132378717,0.327111016,0.724433168,0.536054389,0.048355483,0.672460982,0.827396791,0.649971128,0.850455582,0.930245663,0.5228503,0.545639064,0.515981973,0.40095838,0.604068704,0.162491897,0.664055937,0.174204789,0.222112948,0.299178416,0.752089528,0.687636044,0.24585853,0.78712672,0
0.975154807,0.397806199,0.073852367,0.2635619,0.612936238,0.537777432,0.177651929,0.068372371,0.825675118,0.90410175,0.679907948,0.558261446,0.933282525,0.734371142,0.544527994,0.431634177,0.894129521,0.588579184,0.007387315,0.963439186,0.01076111,0.261599677,0.262605126,0.443030432,0.976055985,0.186058959,0.249394938,0.392771815,0.168002274,0.139036311,0.868864906,0.045044476,0.079093714,0.075934949,0.149209744,0.463617093,0.604966511,0.158311011,0.665720009,0.433189258,0.780522814,0.15784205,0.331618769,0.347156111,0.948932757,0.584270568,0.961866792,0.122573327,0.3668333,0.30813267,1
0.412596991,0.170075547,0.115039546,0.932961677,0.268215706,0.718394103,0.293849941,0.592674094,0.74798647,0.00289938,0.090796136,0.412051484,0.805650106,0.159472555,0.534265161,0.229592484,0.21861659,0.392552383,0.810760229,0.496468179,0.039099768,0.644561032,0.498971615,0.220660498,0.007897591,0.497088224,0.796797026,0.423779468,0.797645584,0.32312588,0.84576864,0.264022459,0.962403005,0.930726438,0.15252028,0.239576181,0.572037885,0.656460335,0.612839279,0.044993138,0.990309747,0.463804989,0.372512682,0.452425943,0.352421601,0.985750142,0.910237184,0.608788936,0.901007757,0.814190673,1
0.204214572,0.897517067,0.990706507,0.862614258,0.657603051,0.576936352,0.450446002,0.192320534,0.624453718,0.221053831,0.09932145,0.598496957,0.910295733,0.123033925,0.08196965,0.8455373,0.121781401,0.258844258,0.408122481,0.921421904,0.06069063,0.942265503,0.270057254,0.546537324,0.619759214,0.257994831,0.328304541,0.85412797,0.126718394,0.819386958,0.007838995,0.515118208,0.787618773,0.067044189,0.163720841,0.581345579,0.119011331,0.773550812,0.083226192,0.196816795,0.948443452,0.744189896,0.984703257,0.954442863,0.552849976,0.15530104,0.854012807,0.591256595,0.325486122,0.333697036,1
0.571294459,0.592897069,0.267047691,0.328534203,0.368969529,0.565883551,0.590482762,0.286022366,0.06045986,0.551084015,0.686633658,0.055865126,0.764525401,0.069001418,0.260889029,0.655904288,0.997410496,0.768065016,0.407768331,0.640154504,0.094053889,0.373301493,0.355897511,0.623703804,0.102859732,0.805231811,0.439470077,0.379620788,0.511474273,0.172554705,0.987071883,0.269506069,0.42333058,0.58582728,0.827397658,0.304179961,0.591462949,0.322725328,0.89981195,0.981892411,0.314398366,0.130145557,0.393014386,0.519783173,0.831552136,0.287684567,0.347971459,0.972894328,0.935478106,0.469914917,0
0.433551751,0.0458285,0.032644763,0.987591721,0.406142366,0.800218136,0.876494338,0.413477907,0.599899423,0.531270792,0.115113527,0.319868885,0.9229107,0.20773534,0.88887932,3.66E-05,0.615185453,0.591473396,0.923216339,0.632167459,0.06196928,0.725577105,0.436745974,0.377298523,0.529240741,0.39457349,0.698434536,0.789664218,0.762136123,0.995098685,0.244261863,0.969678393,0.788005827,0.415081738,0.828382663,0.440835756,0.429891686,0.69653528,0.709060959,0.289591006,0.394029507,0.212144622,0.535411416,0.391228051,0.879764855,0.242481745,0.169010505,0.289548,0.2723603,0.307615437,1
0.559376391,0.021507518,0.766574582,0.175934381,0.295092372,0.748195347,0.81833623,0.76139579,0.214220862,0.580153553,0.407611116,0.450325899,0.820420328,0.109818381,0.499887887,0.954855061,0.669539071,0.662603942,0.463274103,0.73009464,0.671840945,0.681481474,0.967439753,0.455091528,0.003874317,0.126068684,0.436730333,0.133552713,0.397155312,0.493321823,0.796662954,0.138031944,0.731079372,0.145925771,0.50287995,0.917824011,0.382204084,0.07985589,0.571993995,0.017790856,0.735162035,0.688406672,0.205926039,0.21456756,0.67772121,0.844018426,0.196294163,0.36569095,0.245719126,0.451911899,1
0.102019942,0.992501428,0.354438108,0.092697019,0.336637774,0.673295642,0.351335112,0.049921666,0.477947911,0.898340098,0.445781913,0.223002629,0.572001794,0.251110722,0.651807518,0.250701616,0.57989141,0.754544853,0.921912667,0.329372491,0.049771929,0.598846473,0.658430405,0.494045713,0.582813453,0.994776203,0.311654151,0.10132048,0.128697708,0.691790589,0.460065763,0.500693316,0.908699764,0.593902017,0.816863093,0.510427124,0.536293582,0.62208841,0.666019939,0.841116477,0.49942753,0.675863601,0.316781116,0.25792578,0.357353501,0.038873659,0.857570692,0.875102427,0.048992888,0.166322325,0
0.1164259,0.834321697,0.752629985,0.344759975,0.694971648,0.261871087,0.593969929,0.193328532,0.450556288,0.937153467,0.76617282,0.783873323,0.814847348,0.368772906,0.235454985,0.040007638,0.58535091,0.142284488,0.589946214,0.821904957,0.87233049,0.24652926,0.507036355,0.355941631,0.764068814,0.791049829,0.603283015,0.240999075,0.002292122,0.228770975,0.937567477,0.826206702,0.625260138,0.847906673,0.857392665,0.18096543,0.712181516,0.431387069,0.195652792,0.217359926,0.979558636,0.820113963,0.32980656,0.657803156,0.818531362,0.693206196,0.213169586,0.056761562,0.429391872,0.092906123,1
0.091901986,0.333023887,0.420034931,0.955583615,0.820503388,0.886201504,0.543219802,0.756057026,0.714853609,0.928775718,0.371739848,0.471528205,0.869963134,0.19124504,0.199378954,0.939613858,0.086714994,0.339769689,0.072791224,0.176819637,0.019456986,0.164962612,0.81402204,0.792667079,0.967990717,0.562022987,0.17009397,0.85597506,0.643365159,0.039716904,0.382380895,0.282722144,0.967073191,0.310476472,0.262441777,0.325730144,0.986187724,0.277231839,0.016744928,0.774063298,0.741902583,0.410402803,0.309545122,0.786005309,0.040756676,0.905572851,0.421925857,0.424844918,0.350362663,0.831703029,0
0.131223219,0.132558638,0.812540161,0.333369966,0.060977902,0.684238315,0.556935528,0.885657642,0.660669644,0.554626782,0.639868706,0.482052005,0.595924448,0.630242783,0.752635508,0.662044477,0.146167747,0.116982417,0.917430577,0.452998231,0.257263362,0.211470588,0.390794282,0.62329339,0.103349976,0.065881917,0.676771971,0.695288521,0.260830178,0.33054394,0.007157842,0.645204648,0.212440201,0.324147402,0.756056496,0.516999544,0.058537035,0.61904544,0.665431737,0.300523009,0.68779039,0.373319668,0.128441849,0.020760553,0.317661409,0.57432471,0.241255416,0.212571169,0.645261515,0.431147037,0
0.733301281,0.660606539,0.453734733,0.029902085,0.507695311,0.315957328,0.114975676,0.075640913,0.222691918,0.994889071,0.775093878,0.308288379,0.65720379,0.922591188,0.158294052,0.682571449,0.412595615,0.457414083,0.732143408,0.083706995,0.430105472,0.296430278,0.792873806,0.8405672,0.774938983,0.177754579,0.267031167,0.758533118,0.730137397,0.455228736,0.031531335,0.530600046,0.120228537,0.163494094,0.917382943,0.780945857,0.575947938,0.365891522,0.215851969,0.210531179,0.413396843,0.398395707,0.306548155,0.236211102,0.882477823,0.168649453,0.939184771,0.678291016,0.701490107,0.213884893,1
0.485915252,0.60055472,0.113224041,0.971785824,0.170636994,0.598183898,0.256017958,0.815534214,0.796320243,0.628368646,0.571293637,0.527260206,0.602078397,0.549937707,0.965825673,0.76707117,0.374539112,0.223477467,0.522820289,0.510240102,0.809666305,0.213377312,0.772016884,0.210174979,0.156365912,0.503702982,0.676366253,0.86409314,0.6159185,0.689359271,0.511306178,0.429876311,0.058687517,0.384883333,0.239654382,0.593526756,0.866957152,0.740755939,0.469493868,0.967666349,0.988019924,0.352908798,0.257822955,0.081228766,0.726316634,0.914359629,0.357362849,0.708156899,0.712257707,0.230709017,1
0.999395775,0.520157826,0.352153695,0.896036133,0.196622226,0.833325454,0.422859965,0.992163017,0.391480343,0.517573969,0.278473344,0.389755103,0.705961351,0.473330041,0.666371629,0.813668663,0.118362672,0.024588092,0.760586992,0.872813146,0.556079637,0.041131597,0.280225226,0.857731177,0.229970569,0.015488234,0.599108173,0.483715,0.213458368,0.510008794,0.565015308,0.34796823,0.908996672,0.558138885,0.456127811,0.55590533,0.209021833,0.130295419,0.491301587,0.648236353,0.273683901,0.599888884,0.124188754,0.282451256,0.545140134,0.126192508,0.674781148,0.171329717,0.304390291,0.830931268,0
0.493579796,0.693359077,0.195987615,0.140388342,0.427894675,0.912308967,0.099222324,0.008255689,0.159534459,0.253176957,0.167220299,0.849723788,0.458485013,0.324306429,0.368594639,0.690123783,0.391234278,0.07236005,0.098114189,0.055232255,0.867462515,0.906174179,0.476757251,0.611256319,0.230860407,0.567046761,0.502923525,0.712823779,0.9623011,0.623349134,0.564324386,0.39688695,0.267361046,0.081240893,0.517737034,0.595328828,0.231486522,0.677170025,0.029536184,0.917905116,0.111765322,0.502560442,0.981111139,0.61744397,0.534414094,0.973686875,0.60783802,0.729039575,0.929834113,0.21503353,0
0.57545202,0.790332684,0.783914412,0.023396747,0.159807611,0.502791853,0.501475288,0.114633709,0.4379879,0.88039017,0.482856183,0.026024889,0.035729569,0.952942882,0.863345058,0.847497122,0.749461745,0.597207736,0.296527284,0.524225581,0.679891133,0.651578921,0.593308827,0.415392508,0.068285513,0.77879564,0.17115312,0.294073381,0.317073789,0.42737395,0.836222326,0.661676211,0.606152334,0.847667623,0.25729587,0.115510255,0.720163021,0.080648421,0.332392767,0.753529093,0.714135102,0.486256249,0.767048313,0.875624181,0.912879496,0.697235223,0.019054383,0.334049343,0.199214894,0.772966671,0
0.075806194,0.285257466,0.735873067,0.062908497,0.054965743,0.761113124,0.195521429,0.534267,0.836337213,0.285223839,0.931062037,0.307586408,0.763506889,0.842403457,0.075860749,0.367294295,0.449158665,0.066444717,0.576335933,0.734183513,0.475524738,0.023012286,0.948077999,0.594126977,0.321648082,0.311687055,0.439476702,0.96997055,0.632042964,0.115218224,0.663273779,0.479099452,0.483417903,0.880638575,0.336954613,0.587986625,0.28582203,0.877615427,0.032217752,0.025576509,0.904663255,0.870161177,0.530984488,0.580971595,0.032984439,0.842530183,0.758244794,0.963314496,0.534354109,0.406339153,1
0.853614909,0.551849627,0.785443507,0.756987996,0.271985026,0.164416022,0.904738228,0.186791154,0.041163344,0.610391298,0.857808773,0.028127882,0.982864477,0.468453135,0.503645094,0.364851444,0.899350851,0.341771291,0.074826177,0.399083139,0.645351097,0.180932642,0.390400273,0.283744348,0.743951032,0.770802304,0.151886301,0.433173465,0.917771191,0.840857178,0.580973277,0.612895711,0.243804353,0.59494679,0.170221533,0.414038581,0.19498095,0.699185001,0.874825228,0.589737404,0.43359761,0.223336367,0.172048156,0.116852063,0.476249597,0.064977259,0.091101067,0.242073784,0.242637232,0.892671383,1
0.418314584,0.872382504,0.354396489,0.570126304,0.431642292,0.497032592,0.915066506,0.58029874,0.988905864,0.679401569,0.841365045,0.079854701,0.323239888,0.009719456,0.596507647,0.483497838,0.148171288,0.173179256,0.854028509,0.549254913,0.688361146,0.873234931,0.747938645,0.640269876,0.993028076,0.748603436,0.507433464,0.816548926,0.931126154,0.417781352,0.692324881,0.230798655,0.453034479,0.439177533,0.152057601,0.146629876,0.613304168,0.952700279,0.741945731,0.679570472,0.474269664,0.169600079,0.742201155,0.148311855,0.601275038,0.792505588,0.291894803,0.333078336,0.754049032,0.618595605,0
0.279579452,0.714216775,0.40687713,0.104030166,0.254022698,0.611138676,0.300517639,0.432690624,0.858393632,0.275090293,0.336038881,0.799232282,0.403231606,0.804633066,0.536832247,0.627715694,0.467194138,0.264926833,0.057980255,0.664338617,0.394722189,0.665360485,0.237204385,0.941012807,0.113084439,0.917150244,0.185006694,0.115902105,0.35221562,0.937932109,0.423536835,0.208180832,0.629600734,0.282310458,0.418157402,0.735370052,0.382340887,0.973719697,0.465071528,0.675484593,0.056313907,0.045292556,0.927648937,0.693367238,0.021249933,0.430543631,0.149524263,0.825955087,0.204013413,0.477382663,0
0.94149495,0.820839724,0.947294382,0.264153965,0.66037533,0.543605667,0.867746475,0.888565097,0.708398692,0.541243868,0.657809602,0.285586556,0.08608638,0.637497913,0.797064611,0.133134273,0.56761557,0.500296255,0.842034398,0.461369943,0.323016302,0.37448107,0.753938164,0.818036746,0.036980279,0.317725409,0.086469324,0.903664862,0.113831829,0.40568611,0.205580035,0.771815788,0.526570124,0.417267903,0.39398385,0.61645141,0.174066348,0.474244773,0.728277438,0.544652502,0.915530962,0.165301217,0.768418734,0.360521115,0.508614875,0.916490348,0.183024396,0.061465114,0.409526119,0.172576826,1
0.465313336,0.667590626,0.584071132,0.342197424,0.058823646,0.668550248,0.39909695,0.984104534,0.945393191,0.230868558,0.546745385,0.770479193,0.719397798,0.578811705,0.816426709,0.273482891,0.338162793,0.466207652,0.929475448,0.266946859,0.225178824,0.4185465,0.276720031,0.561541056,0.988915849,0.987628613,0.986723849,0.85749718,0.026030314,0.617108475,0.817104532,0.959839027,0.436583415,0.043652061,0.05666132,0.781774843,0.253637328,0.155519492,0.947390612,0.415032254,0.084091491,0.471054083,0.500108487,0.783273412,0.92271515,0.235144713,0.212540303,0.804121179,0.423331725,0.266763523,0
0.799893039,0.248222913,0.579478157,0.869217458,0.819719009,0.269026552,0.981401908,0.945800504,0.354501333,0.19199401,0.120689063,0.363219487,0.791855243,0.43621916,0.933060384,0.09805532,0.375328703,0.809095695,0.237616966,0.535113623,0.178179358,0.278258715,0.262398958,0.860620653,0.893847738,0.973989616,0.221936199,0.283521675,0.548490837,0.434565252,0.9380885,0.852513894,0.34567707,0.600995491,0.922894591,0.041025264,0.208134147,0.508903884,0.335642666,0.27063396,0.079087344,0.911152362,0.456133958,0.780444238,0.061609142,0.826290553,0.115482616,0.363408999,0.227212243,0.983053204,0
0.964781435,0.541877664,0.428362987,0.827724117,0.085425002,0.405555207,0.856412678,0.705442028,0.066043972,0.821536194,0.37386793,0.524889632,0.943942287,0.289504848,0.824281556,0.808655852,0.400083233,0.759540914,0.458752121,0.593431148,0.992064855,0.534615634,0.00490125,0.821258676,0.744190305,0.126763883,0.230793623,0.743883626,0.29163302,0.316696193,0.647420504,0.293616108,0.245716004,0.587161028,0.243887526,0.857087931,0.142893205,0.783717974,0.744169489,0.633810839,0.831993,0.422210873,0.176967115,0.340936493,0.349793608,0.707665358,0.424079026,0.070419774,0.695721594,0.444373985,1
0.313694271,0.565314063,0.669298397,0.182390177,0.400838202,0.095772623,0.447495046,0.413551566,0.930446469,0.454108964,0.334273113,0.989603539,0.531710477,0.257749138,0.383476359,0.555082963,0.078741834,0.882491136,0.843869715,0.481594213,0.949589015,0.051243896,0.053772439,0.755149516,0.591708147,0.15561107,0.494850111,0.933672155,0.60581947,0.644697434,0.529599335,0.33379137,0.755868257,0.92206145,0.291066087,0.608100287,0.053747681,0.846964541,0.876181211,0.324397252,0.235711073,0.520917519,0.654753651,0.2860564,0.719124389,0.798769912,0.277416237,0.752444002,0.586086019,0.202410602,0
0.10622255,0.470529998,0.076866559,0.923134144,0.850056184,0.82650309,0.519177831,0.247300126,0.933314159,0.87001685,0.395493199,0.827880254,0.168239925,0.157496168,0.98884061,0.886371845,0.937072757,0.742118885,0.947568017,0.300493253,0.031588096,0.365639788,0.827513324,0.496119375,0.273050659,0.828260747,0.244455172,0.443983583,0.382582893,0.439811625,0.825705806,0.26859849,0.996260148,0.174155185,0.108154667,0.087712616,0.754264873,0.326109468,0.72922896,0.789648725,0.400599617,0.834482347,0.25488773,0.6001157,0.875806943,0.589061025,0.264982842,0.276997889,0.537310116,0.995829108,0
0.633984001,0.907688463,0.088507099,0.483713417,0.68988007,0.718739303,0.532024858,0.151730044,0.685625801,0.014327103,0.674609875,0.604359844,0.557503702,0.073259561,0.280592314,0.969064546,0.863731908,0.711150414,0.055847371,0.263537358,0.409479167,0.980753848,0.940969646,0.323991405,0.205436667,0.379302688,0.280643621,0.677671543,0.095161924,0.207416122,0.105559158,0.631036063,0.942676918,0.772450818,0.217602678,0.241948106,0.588418108,0.884156628,0.156270505,0.290067213,0.074514222,0.883015196,0.224412204,0.044659644,0.95019789,0.691310294,0.773168884,0.558116854,0.54352492,0.838551514,1
0.603065801,0.372422908,0.165519329,0.735242299,0.088645151,0.965622788,0.11648496,0.818463517,0.045741366,0.96268599,0.916188029,0.527636305,0.322308376,0.699391849,0.093484603,0.718582399,0.355899275,0.361462615,0.246511403,0.081160186,0.063934421,0.642734999,0.894874836,0.528843286,0.952594429,0.013437702,0.805195539,0.84238813,0.432489754,0.506808476,0.371050462,0.390214247,0.32483133,0.878773168,0.468834663,0.06046634,0.454648116,0.332707471,0.245138927,0.580330745,0.335572197,0.937360181,0.390564773,0.585214802,0.624406866,0.66623546,0.785741185,0.378609989,0.72103973,0.018346352,1
0.550961645,0.581374481,0.662001703,0.802575295,0.977924387,0.735540925,0.877796216,0.544084443,0.293074837,0.47442376,0.580985544,0.844331918,0.172579339,0.036873936,0.786871535,0.023408367,0.918205798,0.00791253,0.122765995,0.894468993,0.495561272,0.383322894,0.771516131,0.251665146,0.545669748,0.080623427,0.575369738,0.32101993,0.515395412,0.046497183,0.033156475,0.548892295,0.196244817,0.298942796,0.473026272,0.234273528,0.915961363,0.8952812,0.731868802,0.644999826,0.359038575,0.92132335,0.025791553,0.845374992,0.089047001,0.583612212,0.597352076,0.142464635,0.37237866,0.05360234,1
0.032545949,0.135486039,0.272752043,0.653455653,0.49405332,0.865831522,0.503358239,0.447721046,0.435250986,0.003084171,0.760805657,0.541068848,0.142877424,0.550633095,0.102980424,0.506000922,0.905851519,0.814622877,0.217067359,0.945274067,0.493748453,0.475902384,0.244867418,0.876160095,0.252552865,0.973416233,0.5212731,0.096981326,0.17630729,0.234438044,0.296933164,0.836153208,0.065741688,0.154787761,0.223210676,0.426106719,0.350829943,0.378809086,0.262443215,0.21564372,0.612094978,0.69803659,0.490806269,0.537405408,0.790213873,0.380533276,0.193728111,0.581815865,0.647695937,0.187310627,0
0.196787476,0.083780645,0.668314095,0.448299145,0.572490195,0.319829396,0.21420271,0.976167319,0.075965967,0.591491113,0.354019807,0.26194746,0.923995533,0.439196547,0.714552044,0.307592022,0.141549248,0.6030594,0.257818138,0.842940573,0.321909542,0.641246083,0.240383377,0.984809867,0.501014468,0.043162832,0.7965017,0.841721448,0.201455604,0.612882693,0.313063609,0.228899863,0.528382164,0.587027937,0.499180554,0.629869277,0.730250268,0.433973433,0.010106945,0.11296619,0.000780836,0.809588973,0.532977453,0.812886522,0.866092202,0.110675372,0.907027654,0.478075098,0.10708749,0.871086074,1
0.123692747,0.921342432,0.743616641,0.32494814,0.684777264,0.366906499,0.960066497,0.595635248,0.945571296,0.676299517,0.658535706,0.433464207,0.310722554,0.472242078,0.924563287,0.130483894,0.720173615,0.028623013,0.515841247,0.628143942,0.346427162,0.673727609,0.242429264,0.110664129,0.015765101,0.373470994,0.432094744,0.239003597,0.1840201,0.565135878,0.464295233,0.020494446,0.777821118,0.087620716,0.176737141,0.583492591,0.139521951,0.972865072,0.958188848,0.073597856,0.115226335,0.699311942,0.927056533,0.911173546,0.361177382,0.636611475,0.728138687,0.610857472,0.325605422,0.885340494,0
0.241571128,0.495264135,0.608845663,0.546652463,0.186669142,0.708377154,0.513483622,0.09766266,0.078397262,0.569310822,0.227421959,0.40291948,0.693233261,0.379099179,0.385457563,0.535095224,0.481689994,0.824238149,0.576031389,0.700763215,0.505852568,0.567366879,0.437311993,0.755439132,0.594101298,0.929240668,0.269960729,0.270632823,0.215784163,0.570957349,0.999024489,0.379776617,0.638940382,0.877560315,0.331897185,0.769976605,0.358491149,0.402341768,0.618155246,0.18514867,0.078697894,0.700898223,0.298291832,0.641522027,0.248933918,0.982166205,0.905248641,0.279803565,0.62500927,0.875144217,1
0.298852841,0.913421924,0.107641404,0.028273271,0.043216518,0.581443786,0.126140296,0.118387301,0.162130904,0.376631927,0.428646397,0.421942899,0.040329273,0.529113532,0.820475921,0.114542182,0.275708095,0.59737712,0.611383187,0.773441594,0.642390291,0.152594922,0.086731055,0.93769707,0.622877515,0.802528175,0.340835225,0.40444808,0.528786059,0.653972074,0.717717218,0.299920748,0.254529232,0.686227894,0.157360473,0.145717986,0.642820597,0.140145515,0.795091128,0.417548968,0.903592509,0.569665135,0.291843528,0.003835167,0.972315355,0.009153561,0.319195113,0.071013171,0.619347108,0.47007052,1
0.94455167,0.599868886,0.51856927,0.060588158,0.188340184,0.975012269,0.739807001,0.673060813,0.930617176,0.111025609,0.90873451,0.07819169,0.834843061,0.048483854,0.839403135,0.011740071,0.583388715,0.104032674,0.950840496,0.176104832,0.661930089,0.951669736,0.41395204,0.980579167,0.840023684,0.833737318,0.352799028,0.308856168,0.546916096,0.139440321,0.267343411,0.918873164,0.103739359,0.919084105,0.037239496,0.104054217,0.44037742,0.397180343,0.054186493,0.560003168,0.12612917,0.984496719,0.355371085,0.418817358,0.548984437,0.788845711,0.991162568,0.658875396,0.418037808,0.983670619,0
0.343418058,0.748411025,0.065056236,0.675188893,0.052936049,0.23442242,0.768815213,0.376767103,0.951364734,0.061656837,0.651013556,0.686627044,0.927356798,0.096436987,0.732952415,0.579643149,0.080444504,0.438354551,0.763634192,0.977351181,0.528301891,0.75816807,0.781152021,0.917512435,0.834843783,0.354320729,0.931118566,0.200154141,0.504701367,0.092403159,0.722397551,0.93330072,0.296059216,0.412501864,0.473463235,0.134347665,0.541249472,0.676229183,0.115624315,0.749791461,0.574001176,0.688298882,0.587144087,0.36092407,0.202940906,0.403943429,0.626157012,0.182452585,0.585430922,0.504961514,0
0.489878581,0.796228392,0.452714078,0.112464922,0.084290442,0.517891866,0.58608474,0.055130332,0.905040053,0.599574046,0.402578729,0.233151061,0.07435039,0.599183284,0.26714133,0.186043258,0.820724891,0.422804579,0.715616799,0.643974522,0.38512987,0.374519175,0.985252122,0.686542963,0.458961499,0.725903319,0.326639004,0.004692637,0.122746782,0.041590524,0.139421828,0.917947611,0.69141711,0.397459832,0.821802672,0.036335509,0.71992376,0.110907196,0.594016677,0.949472458,0.939238581,0.108690942,0.148855004,0.676398903,0.482240686,0.243708431,0.377988023,0.260662058,0.712611564,0.46803502,0
0.799837379,0.118633728,0.230776244,0.271882419,0.591923484,0.590627719,0.775829343,0.65324957,0.277104705,0.907925138,0.701758337,0.829179425,0.855591614,0.015337425,0.544003911,0.390605372,0.058125941,0.970838098,0.295683551,0.064569639,0.487830658,0.807439878,0.995536378,0.906087829,0.422372753,0.124347849,0.402693754,0.803766445,0.601981762,0.181702833,0.234213487,0.43230519,0.268997662,0.028735634,0.173348003,0.503043391,0.021897852,0.926388637,0.405967313,0.58243447,0.1071803,0.917969588,0.235255364,0.473347044,0.978749971,0.298420723,0.966731139,0.806778938,0.235356536,0.340003278,0
0.214224483,0.687141726,0.705965825,0.566017969,0.364034364,0.675067498,0.976736139,0.83378255,0.545641309,0.167341592,0.391376002,0.552643131,0.290993247,0.500390775,0.944031986,0.984055691,0.5839045,0.343322798,0.749197706,0.726060477,0.772833813,0.823222794,0.286888877,0.482217799,0.036314254,0.750290937,0.234022292,0.839783007,0.394530519,0.217448675,0.211122349,0.786033447,0.363055297,0.913340938,0.075005735,0.592447268,0.475681193,0.824693735,0.423399452,0.215656655,0.053064336,0.555635449,0.12552979,0.756077576,0.314073197,0.605194485,0.827313542,0.408422497,0.676381044,0.586496938,0
0.777387275,0.309864959,0.38036688,0.70235102,0.899302251,0.994876045,0.079960857,0.278414691,0.157743983,0.882319862,0.23529029,0.136959194,0.384223277,0.054825013,0.027771746,0.160726831,0.722132047,0.326581408,0.145147639,0.200795111,0.200803924,0.2902696,0.422121339,0.017250864,0.692147401,0.881895815,0.022832396,0.295767467,0.722706915,0.399447029,0.657982693,0.213150233,0.940106644,0.528554775,0.729983856,0.995003483,0.044683589,0.139676379,0.744923677,0.892857161,0.005485222,0.603929147,0.189650501,0.723247504,0.129013962,0.486706158,0.789374897,0.158186171,0.891974797,0.847253149,1
0.772334916,0.829234922,0.27553637,0.510923382,0.913012309,0.177840991,0.890912769,0.158571189,0.02822153,0.61365898,0.650582216,0.001947932,0.580204385,0.848656514,0.773428065,0.03973516,0.708220798,0.351738714,0.259322158,0.388338203,0.167453252,0.993649399,0.086632274,0.565657872,0.397099097,0.099029556,0.467791762,0.036478835,0.203390681,0.167230018,0.479679944,0.280643163,0.026085881,0.948379318,0.166988721,0.954139312,0.507951446,0.012854596,0.35813305,0.506121214,0.893927829,0.128455002,0.486284653,0.760755078,0.082411538,0.665602183,0.805684664,0.545913206,0.280660117,0.240040045,1
0.744667721,0.411682042,0.267099986,0.482088743,0.056305855,0.147153778,0.915191626,0.02611905,0.694108066,0.189920387,0.813107653,0.485472541,0.65706696,0.950517477,0.092839968,0.336065013,0.376728866,0.448008354,0.591380884,0.685756555,0.784055226,0.5466551,0.563345518,0.527963564,0.771688421,0.943370803,0.59247413,0.187706903,0.15903928,0.652524522,0.22796219,0.294553085,0.172069924,0.168502755,0.809682613,0.945912011,0.85410366,0.421230047,0.049750159,0.621035272,0.246947907,0.896661971,0.334070853,0.73031426,0.51378966,0.379814729,0.938428172,0.478736576,0.109915085,0.815608082,0
0.114788319,0.112748196,0.886015063,0.461839152,0.300996629,0.714010243,0.946024777,0.28565173,0.884874745,0.096340077,0.073453086,0.486431506,0.614387079,0.600734573,0.402584516,0.541573933,0.803435507,0.74496629,0.220146335,0.363856093,0.723232979,0.303698656,0.639325969,0.198420239,0.776850462,0.935044036,0.674811184,0.723857582,0.804898195,0.12611745,0.081511071,0.897176384,0.342483495,0.986422043,0.215622575,0.422610172,0.940274353,0.103307106,0.842503473,0.631703154,0.393318096,0.24851943,0.021351542,0.214802495,0.39582802,0.386236332,0.198217762,0.329559782,0.575566051,0.079662065,0
0.454200145,0.437623129,0.792537264,0.474801581,0.760368882,0.797901709,0.330782774,0.681825735,0.18566187,0.810672482,0.150385853,0.093072041,0.013908135,0.619317481,0.120309622,0.366926344,0.429238333,0.248533056,0.020124837,0.732519337,0.443801543,0.541277624,0.631215502,0.122481842,0.716862222,0.068393848,0.667461949,0.913584031,0.884850608,0.695471535,0.871069701,0.883363001,0.49369692,0.267141643,0.985930604,0.177289541,0.486224082,0.640423947,0.652205978,0.094074206,0.297530928,0.468651822,0.182584946,0.810058308,0.516161374,0.847247824,0.423123102,0.430423642,0.272318039,0.496244124,0
0.535373082,0.84710212,0.342791211,0.183895903,0.006494777,0.606183897,0.315534615,0.830009191,0.093242554,0.084923538,0.237908239,0.39117013,0.846158385,0.9759077,0.878845126,0.200943041,0.320550466,0.516740431,0.708461627,0.483923319,0.628810244,0.473059743,0.620247755,0.427454105,0.906813344,0.892981909,0.052790202,0.925660761,0.418118307,0.202200261,0.150115549,0.074744955,0.284792668,0.956650295,0.907430437,0.544408194,0.40033526,0.7951473,0.218935874,0.640007077,0.943692909,0.738007225,0.479894066,0.79722727,0.752888084,0.824041623,0.542763719,0.051669647,0.788318196,0.875617672,0
0.535009484,0.003203301,0.258012307,0.704419243,0.301459107,0.505503103,0.51732335,0.173523923,0.512169057,0.066129063,0.045089697,0.322491878,0.564224961,0.732390806,0.735367284,0.011207552,0.298586791,0.102318712,0.96430361,0.783428448,0.076293797,0.805578261,0.671153059,0.242374976,0.134415697,0.797030377,0.631432652,0.62839219,0.641000197,0.390553963,0.838855528,0.733271859,0.041662228,0.036539359,0.847401816,0.363940457,0.462888861,0.352791145,0.651748474,0.028447074,0.691214776,0.240022867,0.925173231,0.315519895,0.236606275,0.291833816,0.52501446,0.879000542,0.292365385,0.12682178,1
0.204002544,0.996866405,0.539150897,0.976278637,0.565003154,0.205177044,0.718249426,0.608451297,0.96049306,0.165416429,0.74686419,0.403628573,0.072702783,0.962607335,0.192399556,0.654945636,0.168718153,0.728552825,0.975422916,0.823470909,0.174696634,0.742101638,0.821942716,0.730393648,0.035234527,0.422910196,0.219713722,0.169339234,0.622759387,0.596459045,0.47196824,0.717975618,0.271538726,0.486861634,0.210779894,0.079197219,0.152602531,0.108667108,0.922004407,0.907776198,0.12372577,0.752776873,0.396681751,0.59140649,0.902167657,0.253192094,0.436439142,0.910266566,0.891638044,0.067561815,1
0.411063676,0.954536864,0.112426393,0.963773471,0.916801429,0.097729912,0.324953843,0.648817314,0.140727325,0.094834644,0.935342271,0.621336505,0.116640868,0.582242028,0.101610866,0.698344659,0.565635387,0.514119732,0.690634946,0.661923917,0.756452848,0.930444903,0.481004488,0.81219975,0.039930477,0.606135408,0.784874807,0.295722,0.718257779,0.155178487,0.431109173,0.441704535,0.748659321,0.56107968,0.680134754,0.988126936,0.02181649,0.088017293,0.080971369,0.302684034,0.424265657,0.504757722,0.8947211,0.438234344,0.166291336,0.470985708,0.920893363,0.026775262,0.487567307,0.4684339,1
0.797037112,0.033098837,0.203716121,0.10857224,0.733712146,0.00197307,0.276365356,0.268503272,0.530047755,0.45939967,0.285190245,0.538166802,0.808436575,0.363637398,0.469215081,0.274217057,0.949256479,0.077279188,0.085173414,0.332444057,0.436208629,0.330721288,0.293622241,0.570671292,0.651495404,0.792313895,0.520379924,0.508650556,0.075789895,0.631507512,0.775012465,0.73490501,0.716624706,0.557794532,0.180133177,0.972816027,0.668689168,0.407738782,0.068253231,0.578354131,0.722234954,0.371943503,0.635274618,0.954910346,0.9714743,0.37895599,0.679486011,0.966344786,0.931829611,0.20683853,1
0.062062865,0.437879052,0.121709908,0.870938131,0.745711488,0.286055477,0.327130311,0.314614659,0.567417995,0.734243537,0.911106174,0.196726818,0.851695173,0.662941278,0.943131904,0.655830683,0.765222248,0.537480072,0.755472742,0.156088375,0.456762216,0.091510857,0.379415465,0.06353627,0.292313848,0.746520722,0.032048658,0.484349386,0.073520224,0.907589793,0.321917912,0.438833692,0.988427239,0.253218991,0.477729893,0.83923858,0.693091381,0.450562031,0.877824183,0.023695375,0.521762967,0.212330712,0.443681509,0.368838334,0.71442291,0.775442054,0.401865764,0.867831883,0.474434869,0.030230159,1
0.12014306,0.664882471,0.050537975,0.240348283,0.993625626,0.262572496,0.550425917,0.738157144,0.374000574,0.752896253,0.44770086,0.058035878,0.220724934,0.844815724,0.216240181,0.566506097,0.147851107,0.191158674,0.353304707,0.109401197,0.932870207,0.994340838,0.77416219,0.784794415,0.557336661,0.568344283,0.930811896,0.368686968,0.687778114,0.533127109,0.256251825,0.709595977,0.484562605,0.121419839,0.429306831,0.364723854,0.388382916,0.106060455,0.607815964,0.521918905,0.806121743,0.154618169,0.859416972,0.678125963,0.468096643,0.14956044,0.603078435,0.285455508,0.63184915,0.569660164,1
0.855839585,0.409131002,0.83840954,0.889569174,0.714042598,0.173520683,0.161186596,0.031681338,0.590399061,0.968836188,0.290069489,0.280297302,0.844840193,0.693689369,0.019109721,0.416988023,0.245744905,0.101610488,0.744658665,0.714915692,0.279126008,0.18454813,0.180195178,0.446977494,0.235978696,0.21374703,0.141913412,0.995786751,0.390752993,0.580991314,0.73991505,0.435572636,0.008860863,0.891757033,0.455184379,0.407866489,0.159813836,0.898609349,0.970953959,0.924902458,0.027410299,0.554012353,0.073552567,0.522867149,0.448584587,0.062115182,0.690611195,0.243724324,0.177870289,0.317662906,1
0.829931029,0.750905413,0.72653022,0.246533674,0.180804761,0.579303843,0.83151534,0.139609053,0.58261892,0.748717906,0.828790506,0.619633191,0.296913411,0.87543099,0.951755078,0.66141172,0.566325119,0.18927972,0.533145517,0.321521794,0.259401051,0.817703086,0.343313566,0.06253337,0.694662441,0.603346289,0.830246502,0.781648357,0.26939511,0.714773561,0.787889463,0.8862908,0.665993877,0.461976973,0.198583066,0.389577292,0.903735877,0.05958926,0.337741647,0.228063761,0.196837026,0.243623257,0.097920901,0.755637629,0.601074329,0.652400333,0.013033004,0.015366236,0.390243311,0.273472061,0
0.87310993,0.949203334,0.757113669,0.062644498,0.990312624,0.941938713,0.329509181,0.119810797,0.827357905,0.540114166,0.80916648,0.298768407,0.26110979,0.153962169,0.038830967,0.989641527,0.521056736,0.978131522,0.721281114,0.011278599,0.666160241,0.104360583,0.787229631,0.959345088,0.652780907,0.966747943,0.864584349,0.178913791,0.977906209,0.712931988,0.170289877,0.715399305,0.450460256,0.393824455,0.495139775,0.953016978,0.30472713,0.962456094,0.190424726,0.667387841,0.675014443,0.512191426,0.426773667,0.544276273,0.231266455,0.429002621,0.848696613,0.789851966,0.593578375,0.800752969,1
0.779692399,0.112438027,0.78526008,0.488424554,0.916878296,0.239223552,0.939371346,0.21065834,0.108218582,0.498562323,0.821863963,0.456532902,0.882779412,0.664289044,0.360800845,0.589263067,0.455692578,0.461399881,0.623944195,0.015761172,0.042444713,0.915980004,0.159657486,0.910640639,0.497159439,0.5086419,0.189535594,0.586854761,0.350133833,0.202463825,0.491407985,0.15795523,0.630743376,0.339788493,0.926791389,0.716006921,0.410790276,0.695439954,0.785476166,0.186103933,0.219224943,0.439966292,0.889330132,0.367137619,0.525515364,0.345447891,0.623949578,0.196320242,0.957189337,0.200161377,1
0.04133776,0.012467727,0.195456112,0.972737756,0.750087078,0.481039332,0.83081217,0.482821728,0.637173372,0.002563141,0.762831086,0.273705776,0.611880128,0.16758054,0.817121458,0.930970239,0.338562462,0.866806154,0.457256899,0.941082352,0.606353406,0.461801744,0.339922195,0.515198009,0.825968571,0.242996398,0.109801525,0.561870014,0.926031442,0.762780347,0.485663143,0.309603949,0.094905949,0.622521917,0.512265895,0.445339212,0.801858074,0.312932801,0.128997308,0.12143525,0.714070904,0.446326066,0.464603128,0.51825223,0.502908087,0.092370091,0.78299354,0.510005757,0.501529575,0.091486981,0
0.176425365,0.806530233,0.658567131,0.383171081,0.037976792,0.899191149,0.074618419,0.235158316,0.000988477,0.99141039,0.471435409,0.235959975,0.865296,0.282249195,0.479713965,0.848644382,0.449026736,0.003651632,0.377013646,0.858227799,0.006956908,0.116447899,0.693963652,0.455266742,0.032944788,0.360095739,0.005462511,0.195279079,0.518916421,0.522003746,0.978027099,0.778659419,0.445038793,0.771503499,0.148988396,0.242605104,0.496522481,0.691764486,0.23713235,0.476763147,0.243733467,0.711883625,0.488906449,0.634286758,0.274035058,0.073416613,0.223319338,0.526684479,0.664908031,0.038373632,1
0.821206613,0.775517392,0.718249569,0.329998935,0.981820994,0.710829716,0.808863905,0.625786953,0.016735327,0.203559866,0.073443822,0.133980727,0.607324011,0.504396216,0.99243716,0.878598133,0.89297596,0.834218495,0.234780574,0.46955013,0.344736045,0.757755342,0.086361621,0.758205603,0.695969227,0.147483511,0.759583615,0.666541521,0.404197372,0.879207283,0.273856209,0.561726332,0.355361295,0.650725685,0.85911799,0.474454634,0.626701699,0.608235924,0.739680951,0.892073076,0.182097158,0.875394136,0.934369843,0.046656202,0.678924963,0.051169801,0.378405851,0.321817131,0.063072146,0.780812752,0
0.645036847,0.502145325,0.61116045,0.275449466,0.424228587,0.394076377,0.651092624,0.68288289,0.177705581,0.963029378,0.294633195,0.841059787,0.082478971,0.752116458,0.591191249,0.819493508,0.38690532,0.41390388,0.95103632,0.065392561,0.418950326,0.686374399,0.539285994,0.754075872,0.956848374,0.364453406,0.659397008,0.187088251,0.179107013,0.495436132,0.265581512,0.549842731,0.181314886,0.886240334,0.344843394,0.687613902,0.475393084,0.257154209,0.995438202,0.159949897,0.975370021,0.759628296,0.200617367,0.280584592,0.720504081,0.128045526,0.515008312,0.013396036,0.147822122,0.927416551,0
0.739284868,0.015911774,0.346684102,0.692232181,0.984131154,0.122665386,0.460473739,0.788390819,0.110544113,0.52154328,0.812053392,0.217400499,0.209469644,0.373768208,0.767779696,0.56441668,0.109035847,0.272246838,0.871925459,0.669608286,0.541069802,0.615263986,0.060755809,0.100761748,0.958863112,0.45023729,0.341909976,0.677416949,0.173346557,0.480947633,0.875667036,0.726643237,0.122744408,0.273637475,0.385483582,0.993737615,0.977534223,0.59418078,0.875187812,0.309196515,0.050885884,0.780048482,0.827108389,0.812363567,0.903331569,0.74124473,0.332689324,0.76000307,0.980108782,0.429456558,1
0.826253413,0.453714486,0.521412306,0.321623013,0.266565526,0.141980675,0.042764618,0.058135544,0.745414627,0.803364336,0.275020469,0.692480995,0.881040196,0.325333482,0.092097564,0.736450431,0.130243411,0.016855702,0.491344875,0.309464662,0.922787558,0.083501958,0.389557022,0.98574317,0.08465607,0.615823054,0.654347526,0.290997535,0.717408012,0.17660975,0.294068586,0.227825699,0.676065778,0.017051498,0.042268468,0.686428168,0.303721761,0.533162689,0.2513742,0.753494589,0.068836848,0.416640551,0.400736995,0.103350543,0.795859959,0.712428246,0.0235138,0.362547969,0.717707738,0.339970982,1
0.294325038,0.156791562,0.485706235,0.72454505,0.879974896,0.602017873,0.654051552,0.482926621,0.207707257,0.105064919,0.607912801,0.601535185,0.557090359,0.956996178,0.464762662,0.152311471,0.340868923,0.594131579,0.319560608,0.433877226,0.106135013,0.472380794,0.386565266,0.476679999,0.469486657,0.621527787,0.025633975,0.483742238,0.164379824,0.443171184,0.496321885,0.091869256,0.909960323,0.263150236,0.271591849,0.910973186,0.838893525,0.274195056,0.317160429,0.652842676,0.769616065,0.348572091,0.915227322,0.709153547,0.668370661,0.555885162,0.154339656,0.170651309,0.957704716,0.597288619,0
0.692443992,0.590963073,0.764563761,0.699673038,0.354924696,0.838408576,0.73995361,0.06363835,0.444643525,0.116939284,0.707263394,0.467996374,0.798767326,0.242583768,0.518311458,0.871593134,0.219819477,0.533403272,0.191709755,0.671602425,0.782544775,0.926745286,0.369116842,0.054330337,0.166705721,0.185430989,0.097780913,0.557710991,0.272134758,0.045266786,0.53963938,0.506389199,0.22534702,0.319757097,0.542272958,0.686693525,0.855349129,0.749271653,0.591450355,0.120562695,0.867817757,0.286661345,0.317959362,0.655695137,0.920954262,0.891083208,0.833460821,0.713201082,0.407990996,0.930573515,0
0.045309088,0.274077591,0.652182674,0.630738787,0.16579902,0.426989042,0.793252712,0.231860363,0.475658269,0.178656244,0.037852632,0.696665006,0.532714387,0.766809078,0.737093955,0.59000221,0.33630039,0.239352351,0.201215499,0.018499439,0.168125394,0.271273893,0.274445582,0.735390379,0.335740659,0.481590187,0.999993037,0.973423183,0.25012406,0.555547577,0.737501679,0.183482721,0.180493971,0.463523533,0.787911918,0.862429853,0.180390314,0.143411393,0.904568433,0.558848075,0.858587304,0.095401429,0.113660343,0.490919613,0.969520059,0.612445986,0.939086147,0.12850009,0.99599431,0.477872899,1
0.366144987,0.662580423,0.031638634,0.534276072,0.311347723,0.955053969,0.493236097,0.742356654,0.154869088,0.946822691,0.661151105,0.558303603,0.696781589,0.455223816,0.215925567,0.649609239,0.226724991,0.559412118,0.534288535,0.723047117,0.344265277,0.596696552,0.78241675,0.871450091,0.440572941,0.122831456,0.520397808,0.858403106,0.457091839,0.246134924,0.064494341,0.190884418,0.409586996,0.544873101,0.490421135,0.201190307,0.627666734,0.833947573,0.269360186,0.972456643,0.678868959,0.295500126,0.26982805,0.754869106,0.358997431,0.210744139,0.408147802,0.888607289,0.695024667,0.619681098,0
0.780028925,0.4290936,0.54876037,0.632393806,0.656872651,0.629835806,0.917651115,0.276406187,0.905229785,0.65162123,0.811039079,0.748922914,0.538254494,0.372833595,0.083940744,0.373055574,0.010982385,0.673846861,0.227498791,0.985093944,0.988691069,0.532329911,0.890376295,0.481343243,0.218410607,0.245195182,0.66300793,0.098250619,0.670828221,0.318364229,0.747027485,0.664851617,0.836581939,0.319934696,0.948218276,0.488098638,0.315518101,0.179743739,0.497072091,0.71196149,0.489642911,0.30319695,0.611858937,0.256834507,5.34E-05,0.978908337,0.274180623,0.261791747,0.033088997,0.421085299,0
0.031497829,0.220272282,0.212198571,0.30323709,0.863851946,0.62593281,0.414449248,0.913822989,0.916105491,0.022581344,0.350989782,0.846894388,0.240964227,0.042026379,0.276811523,0.085463884,0.518726858,0.828460813,0.061674104,0.308665239,0.536540684,0.813002203,0.936044792,0.941049007,0.87690791,0.328803704,0.924625251,0.453546339,0.065408473,0.650085651,0.969721643,0.540374378,0.325472538,0.7817708,0.537805685,0.04520118,0.990179742,0.105424028,0.398604941,0.487014452,0.698089652,0.067162531,0.034865872,0.402759361,0.729425432,0.891263719,0.187312791,0.222764521,0.196392533,0.894344819,0
0.765135808,0.253786599,0.209885151,0.261899684,0.92475643,0.140999074,0.185482111,0.148997376,0.938963022,0.098723818,0.683077631,0.625134582,0.754537496,0.712241685,0.000431674,0.207457627,0.850372131,0.871232396,0.695283698,0.191521648,0.23386936,0.149059458,0.747459041,0.856185468,0.230684817,0.973651818,0.269000577,0.633017654,0.864754698,0.73113166,0.369628656,0.906917849,0.199697143,0.072357466,0.339596078,0.570222105,0.816770566,0.510810592,0.910097684,0.950797513,0.369444403,0.846277141,0.499553571,0.939289313,0.465035214,0.750240267,0.69119441,0.905197451,0.996995424,0.517720456,1
0.623678877,0.498910124,0.214246662,0.944252241,0.255896718,0.155911669,0.845698395,0.473715151,0.306176183,0.943424511,0.542347155,0.339234343,0.819685473,0.254617511,0.182602889,0.159037623,0.91107787,0.001346115,0.341191861,0.007996323,0.777624869,0.084034999,0.795516413,0.915620871,0.446529796,0.988484398,0.312167876,0.41875613,0.710244774,0.927686418,0.697407168,0.164997681,0.009782751,0.515291719,0.535982854,0.924121694,0.418240265,0.502533641,0.256606152,0.309778885,0.658640828,0.646804222,0.432941523,0.710714922,0.802651603,0.606258736,0.254713546,0.544161741,0.113502274,0.658402487,1
0.784811759,0.242103643,0.851437854,0.79422975,0.532722557,0.656372615,0.528259429,0.951047601,0.749270428,0.523346545,0.632630012,0.173210548,0.124548273,0.960446592,0.038928793,0.193977032,0.762611821,0.815270147,0.748741383,0.239016028,0.361935282,0.596030234,0.293513701,0.041838423,0.320574702,0.895830618,0.079466181,0.734983045,0.491320564,0.441479271,0.336397124,0.01736927,0.486786615,0.821723326,0.760136985,0.946286273,0.988986091,0.976338988,0.363321364,0.517174659,0.34232118,0.611631775,0.772087065,0.773527275,0.28126587,0.798245515,0.136685769,0.508565583,0.248466044,0.441563053,0
0.969348622,0.806647053,0.940113997,0.918806653,0.147860614,0.706059715,0.962384207,0.224461942,0.797405929,0.229518133,0.636235285,0.882897189,0.468859314,0.435275149,0.448479599,0.014841135,0.22350728,0.701078408,0.442581287,0.576272642,0.526792687,0.834081159,0.184331164,0.284067489,0.541405572,0.77882646,0.288647397,0.113863481,0.869898266,0.669857571,0.010301833,0.870448529,0.71408662,0.581241568,0.359192763,0.744334084,0.189652656,0.632390827,0.301787233,0.172210922,0.587476873,0.245591973,0.734843163,0.495784596,0.423281834,0.407789585,0.116278048,0.899882758,0.826385499,0.600519226,1
0.779176326,0.124286986,0.571197258,0.806955362,0.002858639,0.667392926,0.599630613,0.202856712,0.457487065,0.643605304,0.318277555,0.321301752,0.095414844,0.904686053,0.036079566,0.563777284,0.956006206,0.692512038,0.882359713,0.072071692,0.967284812,0.290275216,0.130237267,0.809779097,0.556314397,0.398582963,0.758039142,0.220590031,0.772754388,0.768727108,0.80502804,0.115663057,0.209785097,0.400115827,0.847696478,0.998924867,0.516464806,0.110635165,0.952749731,0.252065202,0.189902873,0.48114333,0.054083157,0.504491158,0.772322082,0.481002866,0.634892396,0.004178837,0.454470496,0.858263255,1
0.656516777,0.881504273,0.536941344,0.601019764,0.327398003,0.247728426,0.739385946,0.917134008,0.631987637,0.893707541,0.382984597,0.512625649,0.649839614,0.898915992,0.522117535,0.151955542,0.052033026,0.817169089,0.534458377,0.571129386,0.688846429,0.205483595,0.834931063,0.247180018,0.259437707,0.924721452,0.291799357,0.096286757,0.265608192,0.390517611,0.67005399,0.177288043,0.402913327,0.180094805,0.679074792,0.58208222,0.891649066,0.984789456,0.35441695,0.002540214,0.591008846,0.719955486,0.420195883,0.539620876,0.111032777,0.457123723,0.590760586,0.7881604,0.596589286,0.157552596,1
0.63964473,0.528273738,0.344160623,0.274210834,0.994260133,0.626619814,0.125014957,0.283026924,0.237533161,0.058105138,0.342388375,0.885848178,0.960005621,0.808020047,0.997217963,0.699901408,0.456533445,0.255935913,0.370062092,0.086464213,0.388658931,0.366270051,0.994404584,0.341751389,0.739601095,0.474890616,0.318447865,0.938502713,0.115203228,0.78913002,0.160686903,0.587983627,0.387653509,0.758213413,0.550351577,0.526416193,0.752143224,0.54773522,0.588673629,0.51560343,0.962651511,0.142221445,0.279294213,0.763643301,0.331783594,0.086938627,0.667647068,0.808028032,0.011780311,0.755187977,1
0.288655736,0.375667962,0.814168059,0.661386755,0.869868832,0.791946998,0.467521228,0.823026806,0.307082956,0.231802617,0.420503765,0.019031139,0.522498993,0.369768326,0.973905559,0.530011446,0.086859411,0.856467821,0.756445539,0.696651926,0.989984407,0.781585124,0.765182245,0.860236637,0.973313773,0.756993664,0.142572827,0.508559865,0.602673409,0.043023934,0.836513726,0.492053867,0.785609329,0.764310652,0.819260487,0.987885029,0.993587353,0.807484627,0.778861265,0.070517861,0.147814601,0.686161766,0.945177047,0.776497758,0.009852833,0.758967902,0.709017628,0.033062803,0.563381457,0.721172224,0
0.661893,0.696349709,0.273990096,0.161806419,0.943194197,0.629756555,0.674799996,0.871509573,0.572588991,0.725966583,0.986051822,0.312524452,0.022248944,0.990504439,0.645046036,0.073983797,0.498137249,0.102659779,0.978534066,0.139876006,0.329783004,0.839779485,0.505410051,0.146376282,0.409883711,0.977246398,0.78422875,0.264324745,0.573146671,0.6443182,0.426991557,0.433352197,0.470790494,0.266036863,0.156105078,0.284765585,0.753978408,0.399584109,0.026917579,0.235392306,0.042863913,0.558200886,0.653731904,0.42366334,0.585973828,0.321425183,0.983368657,0.693697609,0.234625308,0.238075815,0
0.976408558,0.709927733,0.367013254,0.223233015,0.545025028,0.117530134,0.554886362,0.620959209,0.641807305,0.711595065,0.499222403,0.849861623,0.375222895,0.567864309,0.570411356,0.286455515,0.436076612,0.780431374,0.594918498,0.638090725,0.532815394,0.234155628,0.269126835,0.396066492,0.86956556,0.579880419,0.939116543,0.070434689,0.829083891,0.632282818,0.962209873,0.2749784,0.641149635,0.910640428,0.84526705,0.348180174,0.074509698,0.035742466,0.350474294,0.079279193,0.96663654,0.895617139,0.636600687,0.473391807,0.525787263,0.857780716,0.879770036,0.747027816,0.179316301,0.158889948,1
0.01489903,0.088225648,0.594866726,0.507466645,0.795371593,0.084069541,0.804727849,0.646598361,0.787563834,0.561131133,0.404458925,0.655482187,0.453907125,0.964246674,0.177520255,0.781596096,0.965084906,0.608365628,0.470973033,0.015051346,0.602000816,0.226930827,0.776427313,0.485031627,0.401481915,0.894161017,0.140525365,0.844648669,0.17905676,0.499208913,0.639643717,0.941452998,0.768948705,0.25939548,0.84523805,0.631668237,0.091451729,0.958629156,0.562463622,0.338409269,0.603208601,0.271527922,0.247127581,0.682971591,0.64992947,0.678458407,0.495709099,0.719539065,0.357251674,0.012985372,1
0.277720085,0.331967639,0.429537052,0.793207292,0.079924584,0.929177357,0.216649761,0.150571085,0.531124127,0.562952035,0.155826691,0.390672818,0.635206721,0.201451611,0.164967479,0.597212992,0.052853125,0.150318127,0.111823161,0.352725032,0.011671352,0.278449495,0.554415242,0.282837919,0.743256984,0.904625755,0.149890799,0.400822753,0.590724657,0.672948831,0.584956079,0.685388379,0.532714323,0.180648185,0.513086822,0.361542978,0.816070824,0.579044785,0.403751899,0.875105238,0.975689352,0.660048548,0.672216929,0.155706152,0.601280878,0.369700647,0.489686076,0.520542254,0.015652021,0.759718116,1
0.5849543,0.249092219,0.841290431,0.09547119,0.183229884,0.151819262,0.755758971,0.420831403,0.278029864,0.152748677,0.830277179,0.059922103,0.63053822,0.879278874,0.264738077,0.463568674,0.261717297,0.507495827,0.057992752,0.633051528,0.300371742,0.974643087,0.108432704,0.664970512,0.311436235,0.070482711,0.678070696,0.629686994,0.605211223,0.493320977,0.974597693,0.225900962,0.824464409,0.446171842,0.521970994,0.818297218,0.565382094,0.750941133,0.304874021,0.76202898,0.174268466,0.769851495,0.182478659,0.746062028,0.320942561,0.266746573,0.141151453,0.496744689,0.176097158,0.552216683,0
0.225379693,0.462796632,0.242599219,0.224715314,0.376924798,0.921281879,0.703514915,0.142539427,0.727535664,0.619696932,0.591641515,0.177552432,0.382415661,0.397635912,0.931547244,0.408313462,0.463550463,0.75428605,0.896857646,0.282692728,0.694614798,0.959277997,0.563599705,0.234202871,0.849415317,0.57994789,0.019838711,0.915874227,0.430584359,0.360205632,0.252144017,0.230575932,0.618748323,0.558148384,0.312375099,0.625083939,0.88242683,0.852050565,0.899253733,0.363923562,0.500466477,0.842032235,0.253008208,0.12321351,0.949845991,0.061696715,0.285981461,0.327179001,0.438813109,0.414493367,1
0.731125236,0.561152701,0.685427293,0.836883034,0.039555544,0.635700244,0.541745597,0.909308656,0.312850452,0.813923865,0.717906189,0.612824337,0.381690641,0.807052877,0.174667404,0.046504718,0.45344897,0.256697461,0.768264846,0.370331736,0.06241153,0.566688397,0.452418609,0.312139915,0.00138754,0.491399361,0.672481924,0.550478283,0.409994338,0.182194287,0.478070296,0.39823186,0.854434258,0.347607188,0.678299117,0.629575506,0.081059375,0.052509728,0.715621385,0.710350644,0.43277519,0.489361171,0.465786396,0.306514773,0.053092611,0.605234193,0.457916989,0.316148529,0.732007082,0.975011742,1
0.261411705,0.75387923,0.399715193,0.23998257,0.770625859,0.793129193,0.953423413,0.843122544,0.528113272,0.875646032,0.90416047,0.64044468,0.617258718,0.807012361,0.391177514,0.920895876,0.188049689,0.45002479,0.406611535,0.384005984,0.551527841,0.471208748,0.136239052,0.459035092,0.521085962,0.445083767,0.35742007,0.06900319,0.557478567,0.558711777,0.078366614,0.005127369,0.073986214,0.97339218,0.955984074,0.642174125,0.079776465,0.454952097,0.677661608,0.651958614,0.931099468,0.405225288,0.149671974,0.449706844,0.069751714,0.919370117,0.837196281,0.943350153,0.00059064,0.8147053,0
0.119278764,0.471222685,0.915526637,0.102603513,0.709450355,0.064470148,0.058631666,0.024227328,0.9936736,0.947253848,0.329459905,0.99372273,0.491119803,0.289811888,0.249471946,0.56180241,0.482584705,0.190622736,0.175447604,0.894736288,0.199408254,0.809209708,0.548025738,0.595096057,0.971932299,0.221041312,0.210345647,0.527616196,0.674571153,0.768846043,0.446637793,0.492596909,0.802689132,0.606960844,0.611106923,0.725938272,0.578125623,0.198831532,0.641351425,0.598847009,0.354448249,0.531943878,0.682472638,0.14372711,0.424626402,0.382283227,0.640216863,0.156082442,0.927716206,0.463224174,0
0.661238232,0.98132611,0.388725059,0.794849645,0.356473703,0.28834478,0.629517745,0.072269036,0.403229329,0.155599649,0.227058228,0.320538672,0.170021842,0.71398099,0.187634362,0.580030061,0.964330566,0.308871719,0.62704358,0.301363302,0.844536069,0.699011443,0.908946426,0.703871736,0.166845346,0.864141837,0.556519869,0.330207696,0.404484554,0.319246902,0.648964451,0.8061436,0.233978367,0.557408895,0.630631642,0.838325088,0.522688512,0.117384243,0.471702504,0.20034257,0.236676988,0.915433996,0.613521307,0.746259654,0.572278139,0.022431259,0.493271687,0.203900847,0.368563905,0.937539773,1
0.931141716,0.332639338,0.332759045,0.681018284,0.919597778,0.211720987,0.923502809,0.811543465,0.868396414,0.551117567,0.698342833,0.517290842,0.714951376,0.731853433,0.667491832,0.723133411,0.646757072,0.848840778,0.313745291,0.405879519,0.5819992,0.674176186,0.662543484,0.803785065,0.306600996,0.620186245,0.453221205,0.836650058,0.659647487,0.128203885,0.449991083,0.090871889,0.428746731,0.243206757,0.290874347,0.53848154,0.55037367,0.52527712,0.721656552,0.326239322,0.689175741,0.281988099,0.417581284,0.273450882,0.408809713,0.943230226,0.441699983,0.205055007,0.36075265,0.683157806,1
0.48871408,0.09961778,0.566402157,0.376129857,0.500350148,0.717044947,0.081539341,0.195129293,0.130776106,0.194840064,0.424683507,0.931390207,0.485252871,0.751433269,0.457916183,0.543591005,0.454966659,0.803330163,0.63715366,0.548188359,0.633965886,0.338533422,0.447006015,0.349613379,0.455545575,0.075652736,0.591776498,0.987563508,0.080895991,0.3780963,0.866754924,0.600358188,0.915478258,0.483790911,0.981585705,0.954032017,0.808083292,0.644171733,0.20046878,0.042703379,0.10237454,0.748830521,0.803745187,0.889045837,0.301845182,0.496544943,0.628017468,0.773917127,0.556840094,0.457507098,0
0.885830079,0.18151721,0.802312785,0.303021419,0.730157751,0.002532798,0.273353114,0.282475972,0.729921637,0.91147284,0.116646236,0.715256409,0.262747587,0.277671742,0.174217102,0.870142711,0.182530208,0.072403181,0.612862257,0.699775835,0.287236043,0.648879093,0.278728597,0.480948049,0.278879696,0.973001144,0.739040446,0.868499103,0.49441056,0.656201909,0.924390239,0.85271148,0.704849403,0.860109804,0.010099444,0.087708935,0.697285307,0.915514433,0.844954728,0.977073906,0.804619111,0.211306312,0.479535004,0.670931536,0.565649423,0.218551654,0.664117635,0.78733985,0.583582617,0.656451215,1
0.20672533,0.705641637,0.349837549,0.580165923,0.039962083,0.437751434,0.085706399,0.521985818,0.822482539,0.624362134,0.896645919,0.008021188,0.09682477,0.419695498,0.848905822,0.601569775,0.448272106,0.841952583,0.292548873,0.832298454,0.156762787,0.120838175,0.377134826,0.844389264,0.540436091,0.077314314,0.142119952,0.169562408,0.274486695,0.864120649,0.135947944,0.675101853,0.899331902,0.751903688,0.139694279,0.675110633,0.275268871,0.607139591,0.435055444,0.187583514,0.232747365,0.693939951,0.033197138,0.127801857,0.977678564,0.966380086,0.800208849,0.102928259,0.136044512,0.351092076,0
0.854659952,0.620992882,0.601714012,0.304221221,0.752553976,0.390043112,0.534149063,0.62960221,0.619914823,0.754339438,0.240492688,0.649843872,0.369299977,0.804869177,0.244078869,0.300079124,0.278208315,0.139868978,0.927639134,0.433546799,0.608654721,0.127274472,0.80272551,0.452068544,0.140613136,0.424574042,0.920804474,0.428099647,0.32541523,0.349037399,0.236565157,0.656924882,0.471341336,0.88232879,0.411961441,0.535471029,0.835818005,0.789565724,0.466891848,0.268525667,0.313628472,0.586583802,0.836591577,0.996665601,0.465084876,0.484592268,0.075057503,0.69191466,0.641524266,0.463676578,0
0.528769573,0.347757226,0.27894084,0.370792113,0.460239776,0.583024224,0.775650016,0.797943436,0.452459787,0.656832744,0.307402733,0.09616145,0.437506277,0.202607423,0.958281286,0.477621282,0.634152611,0.413282374,0.465584207,0.451827828,0.727712657,0.272840667,0.429315754,0.337210115,0.448025182,0.291161302,0.130812772,0.448469292,0.838569643,0.702841233,0.836854842,0.537254636,0.223809107,0.899562543,0.508415762,0.863205558,0.448200967,0.524847542,0.081520416,0.315105405,0.486242039,0.899198424,0.093947415,0.522726238,0.597776232,0.661725702,0.621048824,0.932789113,0.198063082,0.174459706,1
0.802587657,0.188438553,0.741631499,0.146400428,0.469385228,0.489367269,0.889005748,0.190299114,0.990159766,0.598096317,0.777916055,0.988050875,0.871910276,0.782275501,0.938938824,0.863083983,0.616549238,0.632025804,0.804194328,0.638384351,0.59495649,0.843955298,0.828213495,0.859317013,0.231264552,0.34256499,0.140995719,0.40366205,0.904056423,0.832818651,0.051425915,0.928890144,0.748755665,0.211229801,0.723902135,0.922436878,0.194723534,0.930981144,0.732354631,0.949938395,0.789624712,0.707708694,0.936822541,0.926195748,0.772349306,0.099177039,0.646780045,0.899219379,0.157895531,0.734853926,1
0.984551654,0.609285117,0.622639967,0.468646981,0.917180298,0.829144046,0.755952051,0.744189349,0.7538741,0.165711669,0.779466428,0.598805237,0.105659689,0.909365125,0.066115005,0.194487113,0.376674832,0.765367282,0.149353983,0.41387157,0.684940829,0.864402939,0.361829489,0.958730224,0.135453457,0.201994494,0.449947186,0.565812592,0.450547179,0.705695343,0.808636259,0.199975623,0.065397306,0.514988034,0.800923481,0.350210418,0.587874606,0.554267513,0.136167635,0.549201315,0.958186704,0.844424869,0.500928315,0.783794515,0.922481266,0.502324107,0.850436002,0.916074829,0.435173298,0.091951709,1
0.783978976,0.45153557,0.042274868,0.740034114,0.447489925,0.44391371,0.456197372,0.061944929,0.692631606,0.209607976,0.075612287,0.145271938,0.334715191,0.185240139,0.454448282,0.033505508,0.711576498,0.641043466,0.264265417,0.93242591,0.572584371,0.824926676,0.455838221,0.819583849,0.245432071,0.512449333,0.659846055,0.963668093,0.050957121,0.883594657,0.54977831,0.976918692,0.612895576,0.757164651,0.334522033,0.916071726,0.475625726,0.387194996,0.737957125,0.727517523,0.941201777,0.248985207,0.633381121,0.352567827,0.140277281,0.146355596,0.188484029,0.668223431,0.779886677,0.093981323,0
0.300038216,0.106429121,0.154195803,0.218746564,0.84130688,0.642812455,0.676060709,0.270543108,0.307547719,0.473649564,0.820431007,0.476275644,0.501897752,0.510760685,0.635852903,0.71280971,0.610955822,0.579728722,0.373997876,0.512615268,0.283307757,0.368323325,0.365118946,0.707782214,0.69599963,0.004504818,0.939974093,0.356037069,0.456458492,0.569605414,0.70248988,0.055813964,0.375380975,0.706553338,0.104300583,0.207803206,0.511065366,0.481185276,0.13551958,0.984497606,0.75455259,0.522592295,0.714916298,0.880228307,0.309056773,0.120536366,0.596881894,0.689908796,0.514695455,0.309173718,0
0.450954034,0.707413264,0.102076552,0.986453076,0.040400085,0.758460588,0.489411896,0.976041187,0.047127649,0.576129838,0.408927179,0.638145771,0.500331649,0.719219476,0.252157891,0.934871723,0.728706175,0.355232484,0.019043539,0.157419225,0.009938685,0.900157465,0.40844063,0.82228574,0.9668432,0.120513594,0.254331994,0.33052017,0.360536526,0.153323012,0.896883573,0.249853519,0.007963716,0.433190221,0.598491567,0.432669392,0.836518296,0.264543628,0.597444903,0.703860737,0.122859718,0.047843077,0.696068934,0.202424373,0.934843208,0.213594004,0.977893359,0.412975476,0.240983854,0.781349831,1
0.862183396,0.771891183,0.823149702,0.508454045,0.106270529,0.650748945,0.671965682,0.173878127,0.091348362,0.437910006,0.846987541,0.757657519,0.143035797,0.045017197,0.224407155,0.736055861,0.995706764,0.995868958,0.4078497,0.248061491,0.938331325,0.731427843,0.356869298,0.998792616,0.570464838,0.285992932,0.198479688,0.000271963,0.570013657,0.094099779,0.252855918,0.916894519,0.538280993,0.185599613,0.646305656,0.549789609,0.78267982,0.379650659,0.442337413,0.995013201,0.765067205,0.852125571,0.405798645,0.127535308,0.108413206,0.213416087,0.387047437,0.499210325,0.97513751,0.551341756,0
0.722519489,0.375249476,0.042486616,0.74904086,0.128329834,0.44097279,0.548303702,0.39865088,0.011040756,0.571601649,0.352220268,0.986676285,0.42812379,0.725864464,0.349046945,0.441658666,0.765961498,0.855935738,0.124226612,0.337619632,0.811476508,0.051823304,0.866064817,0.321583236,0.140910525,0.504821801,0.883058525,0.042035029,0.677142454,0.72580856,0.834540211,0.706681918,0.246568362,0.567723649,0.657054501,0.026878338,0.734924532,0.180426515,0.279533654,0.631713141,0.919447269,0.087886957,0.108091876,0.162928539,0.289061532,0.820190631,0.990715511,0.012985417,0.339530484,0.991671011,0
0.482551252,0.004647896,0.104659437,0.590356806,0.968138448,0.074330554,0.34194253,0.941038695,0.112576548,0.709850188,0.518428608,0.209784581,0.125455151,0.032188142,0.236415631,0.928690046,0.044755836,0.404301711,0.927810588,0.025343911,0.299089523,0.019058003,0.933997127,0.730045437,0.153953355,0.387258844,0.181113011,0.65795593,0.632715111,0.697034895,0.30858916,0.466922677,0.053404946,0.110017797,0.591084299,0.339291249,0.201919391,0.255851859,0.26995572,0.055596614,0.300198191,0.860869279,0.279138301,0.912909567,0.464967787,0.548024201,0.682637314,0.682534627,0.963633425,0.644556401,0
0.05788274,0.026009881,0.256230251,0.288030855,0.151614576,0.259392393,0.108309664,0.883357575,0.084127425,0.135625802,0.568712902,0.64686427,0.191297898,0.90674147,0.189616634,0.789780104,0.085625318,0.969668541,0.336797287,0.000370064,0.35946331,0.172185206,0.874119397,0.662947201,0.158145928,0.495958599,0.425429428,0.65203036,0.266590597,0.391058819,0.642500653,0.645878746,0.497761304,0.306291683,0.770994003,0.320995983,0.442232063,0.509946531,0.75376483,0.697802472,0.635872757,0.977328559,0.107476609,0.803820897,0.041746675,0.420797795,0.948362314,0.506413266,0.039454694,0.919851227,0
0.428704934,0.144516186,0.585349843,0.97593527,0.566880713,0.780859635,0.495932098,0.989976574,0.059011545,0.463225149,0.780771489,0.814484245,0.33313038,0.922733119,0.80260525,0.487017126,0.359318621,0.914795531,0.758171228,0.065602212,0.848350356,0.756379906,0.273430297,0.413634294,0.455412662,0.556416542,0.548994172,0.547309726,0.353291373,0.478529101,0.021144964,0.276937377,0.73689979,0.254462725,0.232589668,0.109808154,0.57715068,0.668820615,0.293128701,0.12597828,0.21803972,0.76075364,0.219885555,0.835152998,0.725094182,0.169318545,0.093183499,0.494362193,0.325238669,0.167704107,0
0.394888349,0.934441652,0.88012181,0.313873372,0.973960411,0.618260924,0.272991722,0.299162513,0.349302841,0.642941672,0.403173155,0.70029351,0.171545135,0.681258668,0.974517748,0.554711364,0.354529854,0.258426733,0.410627499,0.447477631,0.090497801,0.318882681,0.500527735,0.759118956,0.34535087,0.480107163,0.48938087,0.793809308,0.778011455,0.454582407,0.719082244,0.58182385,0.602862881,0.711232677,0.186567604,0.410725728,0.038657522,0.68867548,0.169350838,0.998921199,0.119349994,0.949023953,0.348880662,0.343976034,0.167006129,0.222219184,0.489910323,0.259236123,0.748933233,0.664661742,1
0.125609835,0.091723598,0.058132673,0.921698177,0.537028367,0.511064022,0.295751752,0.854174485,0.813006998,0.68436333,0.429379869,0.924986088,0.373401614,0.152748774,0.88724157,0.526383342,0.139240326,0.93903513,0.82777684,0.738928106,0.774799667,0.199468269,0.912843953,0.377592926,0.501365888,0.815150831,0.621348305,0.802613924,0.843131398,0.072102675,0.699894742,0.380116506,0.581401321,0.395564128,0.313110572,0.666533801,0.882937195,0.66404866,0.621826457,0.443594506,0.473239906,0.866598977,0.049333718,0.642444418,0.645646953,0.856901053,0.176910323,0.665202564,0.10785333,0.027185792,1
0.759790507,0.165032607,0.190821956,0.76953917,0.617369211,0.04419402,0.858188866,0.221627255,0.187345852,0.809548793,0.094866059,0.933195584,0.534210421,0.165854185,0.447898195,0.033923212,0.911434012,0.036078539,0.767224921,0.848338649,0.461690015,0.918113786,0.097621558,0.485918411,0.442737672,0.767293797,0.58442135,0.556272768,0.523437098,0.865681866,0.360434448,0.778496264,0.226499919,0.231412014,0.445247598,0.888288088,0.786373054,0.92807986,0.401772598,0.233561734,0.450325635,0.119610632,0.773613293,0.510316868,0.064648473,0.545002527,0.809299264,0.324349324,0.123822307,0.774624483,1
0.84064357,0.747314236,0.452362159,0.887005178,0.074206702,0.87350427,0.058008527,0.294768956,0.163480341,0.357335045,0.817915688,0.506511346,0.244191011,0.367328016,0.88861904,0.048587552,0.621809062,0.929999624,0.961136347,0.860808197,0.425087995,0.82395923,0.277717381,0.941207341,0.431086511,0.965928823,0.071687984,0.1302471,0.455977665,0.900801145,0.937861761,0.984445579,0.801886929,0.956166819,0.266370864,0.503055102,0.141605295,0.05111543,0.294675547,0.394400134,0.550753589,0.254804753,0.334166508,0.365261091,0.473939555,0.415204338,0.313774362,0.080311456,0.179425464,0.045245197,1
0.658338495,0.603871519,0.823235206,0.611553922,0.854012332,0.581106172,0.973373491,0.615137674,0.028886649,0.539768987,0.823380197,0.196957674,0.822441797,0.968025593,0.383532812,0.814418498,0.318049661,0.865615022,0.065592848,0.640401627,0.199079156,0.523917053,0.271647091,0.671414022,0.71056407,0.62494692,0.084217088,0.373959532,0.344840572,0.071732528,0.956326329,0.003296477,0.739657479,0.618082526,0.684302519,0.217607128,0.053704728,0.472605545,0.525566817,0.865606407,0.136787909,0.651593919,0.287570913,0.676355369,0.437531268,0.765540655,0.071432799,0.347861021,0.351478146,0.253258762,1
0.276860863,0.049031307,0.573287751,0.961688968,0.027716137,0.78788357,0.153196492,0.211562726,0.195509197,0.04399751,0.26679181,0.132942767,0.43503484,0.344514835,0.524705298,0.656337671,0.328754469,0.905449537,0.39747236,0.302974686,0.624893719,0.965204404,0.787280716,0.266847078,0.858002444,0.132666127,0.066449678,0.849383369,0.932907625,0.498940649,0.635786731,0.026494923,0.858178099,0.362645005,0.67761431,0.69929734,0.999797759,0.662479198,0.759381119,0.157048044,0.387200295,0.186033446,0.091541616,0.607903538,0.442511195,0.329122403,0.178044419,0.222456437,0.91378733,0.891483048,1
0.699753464,0.256437657,0.707573724,0.516528633,0.113633501,0.858772335,0.894643516,0.871567399,0.882099236,0.099632265,0.413812475,0.714645118,0.199891251,0.414975461,0.663923413,0.170605709,0.156773995,0.934192295,0.690451769,0.676510149,0.651414438,0.885819732,0.309844124,0.449872525,0.106201535,0.480459454,0.114214061,0.871362165,0.154042738,0.475481706,0.947540123,0.950024649,0.022129639,0.179366939,0.093749272,0.402504302,0.286266342,0.302958793,0.746987184,0.679120116,0.002613601,0.36258573,0.268600768,0.247864262,0.552295598,0.049402231,0.270828698,0.906527824,0.674503069,0.202687585,0
0.894423261,0.709387177,0.837343152,0.369572412,0.383308777,0.58285705,0.945117208,0.032468661,0.743774954,0.295867762,0.091432245,0.177843573,0.993272152,0.075652212,0.895605096,0.882931873,0.789936426,0.207400974,0.549846405,0.269484522,0.532723921,0.719381333,0.128354071,0.92971006,0.367639915,0.230715045,0.124399966,0.695733303,0.878523287,0.947109353,0.995922339,0.778606351,0.613868783,0.314970068,0.446515774,0.342746301,0.919363071,0.4379679,0.800014295,0.618611216,0.039966447,0.464932566,0.444180938,0.294339204,0.032848156,0.526434178,0.712287966,0.446494403,0.403968548,0.115609738,1
0.543016412,0.660077631,0.009479562,0.805344639,0.877984808,0.148377573,0.286617917,0.021507579,0.801840087,0.49761482,0.315842242,0.127073966,0.607474298,0.020262823,0.708704949,0.921282635,0.301039897,0.283594968,0.487674099,0.088337017,0.159988408,0.455019465,0.165751306,0.36016934,0.675887705,0.556846184,0.255256403,0.582142561,0.176388417,0.77661785,0.681578534,0.341595045,0.837056719,0.891507282,0.267950385,0.734097841,0.532493815,0.927156371,0.190676482,0.492956233,0.218616816,0.575405612,0.247652024,0.833198544,0.059556475,0.802113647,0.369752919,0.490496047,0.130677676,0.180190611,1
0.126229879,0.454912771,0.683642511,0.939483103,0.453556301,0.603830066,0.976282869,0.013416473,0.488339029,0.76654683,0.739836997,0.024818256,0.230872708,0.200171857,0.982794084,0.606243092,0.873066299,0.634781703,0.758407815,0.755251551,0.378286128,0.107179186,0.006543664,0.759617992,0.151749682,0.74166785,0.209258783,0.936558307,0.489259449,0.85040698,0.927156119,0.296567665,0.544029917,0.724174114,0.158897151,0.160836695,0.607495365,0.395811014,0.60509503,0.566459981,0.259743088,0.132562065,0.695290606,0.264261039,0.391233044,0.614842375,0.56310061,0.953396016,0.548785087,0.932006834,0
0.353015003,0.739226898,0.341993214,0.137828048,0.868258818,0.526092092,0.214029123,0.762874433,0.826721714,0.963786066,0.440604609,0.418245444,0.858850204,0.554962919,0.932975891,0.826727298,0.696577818,0.182873441,0.455164521,0.630297461,0.775153228,0.211754095,0.390875415,0.610731422,0.433522803,0.456460108,0.361550397,0.485865951,0.371044764,0.103957813,0.535087742,0.256371412,0.028567689,0.904518134,0.601153077,0.139324867,0.83790087,0.81362576,0.900317587,0.944928126,0.122181973,0.915311873,0.369751682,0.487447911,0.076782941,0.004116779,0.270055277,0.884069088,0.591081535,0.473768063,0
0.266915784,0.383884648,0.544095097,0.381112631,0.222705208,0.878248544,0.890268071,0.250952746,0.827487408,0.211317003,0.931293269,0.475732045,0.897811052,0.590447136,0.138395399,0.437698383,0.119596725,0.510872485,0.076037518,0.715733965,0.400930396,0.820740437,0.529490672,0.4847437,0.478718768,0.942172413,0.289675195,0.972300149,0.463761293,0.073432198,0.063908934,0.546764201,0.158020082,0.077460823,0.036816614,0.788116869,0.04259044,0.422712761,0.306532268,0.392004577,0.615208777,0.938637226,0.869962205,0.549146505,0.018446399,0.717221293,0.795665112,0.070042544,0.50332505,0.795095233,1
0.308639858,0.213022872,0.911143737,0.289944247,0.861927855,0.226227483,0.616219364,0.838766528,0.278618211,0.805680938,0.638144366,0.180951744,0.021106511,0.667574089,0.231160386,0.623465227,0.285534178,0.144918136,0.610431284,0.74268026,0.971299781,0.78061925,0.175902986,0.28314419,0.697715061,0.869356833,0.303621095,0.727520008,0.078257075,0.35528149,0.205976409,0.357892022,0.544910699,0.022251518,0.725706249,0.685797105,0.172730304,0.470106798,0.956737284,0.6225812,0.287597102,0.138922157,0.202071974,0.187424805,0.680599975,0.206177903,0.652226684,0.134509845,0.028521845,0.227935607,1
0.143602008,0.183741634,0.570351993,0.273594835,0.608295516,0.483639532,0.435468183,0.884148121,0.21392207,0.309878189,0.21010148,0.522200611,0.990540272,0.1445739,0.373728985,0.200113828,0.02546323,0.005480814,0.682836334,0.134840216,0.153012599,0.475598074,0.049986616,0.467968879,0.405432599,0.325113479,0.531628206,0.166583268,0.197554918,0.67646994,0.399148325,0.503734322,0.62680503,0.700730784,0.205381404,0.399872833,0.551133629,0.258877006,0.8246538,0.872273144,0.153953749,0.036893076,0.35268078,0.787205196,0.977655075,0.164747706,0.235179155,0.275209758,0.55253334,0.01684543,0
0.367820513,0.33831467,0.503073087,0.892781081,0.342322655,0.102140791,0.357930726,0.523090633,0.191992478,0.379129509,0.194836387,0.096713788,0.804484537,0.10204985,0.150712305,0.594243064,0.940728023,0.803581162,0.255023256,0.874972598,0.577588714,0.204765649,0.341615199,0.472011738,0.513842532,0.996255723,0.467032264,0.474861857,0.039940852,0.5993689,0.694120687,0.981344202,0.927038152,0.889834324,0.539288354,0.204707761,0.91439304,0.469759864,0.91001207,0.542223737,0.621880909,0.452802634,0.013395585,0.480458962,0.6357161,0.247388532,0.633840691,0.300773968,0.139625704,0.472394507,0
0.618478212,0.643673358,0.780142402,0.38036856,0.582441388,0.601693742,0.359123695,0.562900129,0.509156245,0.001412353,0.188862281,0.20510048,0.082324048,0.518815018,0.523478427,0.334861445,0.037478466,0.795483521,0.000713375,0.649329754,0.762069583,0.037864116,0.433405205,0.530368026,0.325196736,0.864056102,0.684937428,0.43715783,0.797787966,0.5120578,0.355661499,0.557470481,0.728701222,0.429970981,0.272442668,0.64063618,0.549545001,0.401893588,0.63847574,0.140566987,0.646896492,0.01506038,0.149981799,0.331829209,0.311299429,0.987831629,0.074456725,0.774804638,0.533523741,0.407052716,0
0.82113543,0.674286237,0.27703414,0.444881961,0.720200126,0.486057667,0.341163311,0.352729406,0.163896448,0.170517002,0.244710156,0.517453557,0.479277987,0.646961781,0.955287065,0.303562945,0.73654008,0.087881516,0.033749065,0.289459443,0.731404711,0.955732503,0.171594845,0.796426559,0.103355845,0.053328244,0.40178451,0.625264389,0.90541079,0.780844438,0.872811697,0.458945839,0.751321856,0.695644781,0.853806237,0.115428044,0.873422977,0.855369243,0.310000876,0.58217098,0.681675508,0.34523298,0.877787766,0.484987923,0.258087691,0.142558792,0.559557442,0.145603572,0.344965637,0.281347974,0
0.511789996,0.516856831,0.473347045,0.127848596,0.133349437,0.17099732,0.281685551,0.076371761,0.126458419,0.470124296,0.641265932,0.146315344,0.634356606,0.724724963,0.402176268,0.997953579,0.931015516,0.990932847,0.586415763,0.399199576,0.03496592,0.4363631,0.639279188,0.070796482,0.820373665,0.027463672,0.231001463,0.012223261,0.79704129,0.096288031,0.729127306,0.292188044,0.895456842,0.144260989,0.190178434,0.062917575,0.976357927,0.52598262,0.906890902,0.569526691,0.839665402,0.489160323,0.463254822,0.686931334,0.005680114,0.228213737,0.111316186,0.321812159,0.790285446,0.792524762,1
0.333523907,0.048567534,0.529315418,0.170446319,0.728534933,0.130726419,0.591265447,0.554709847,0.535112619,0.10537838,0.98682876,0.004330269,0.901919938,0.612502666,0.014067245,0.952138477,0.996294885,0.665605944,0.97259365,0.046303968,0.189157092,0.491551531,0.400409399,0.548490031,0.671030085,0.307737264,0.325392296,0.178862634,0.944314568,0.180263623,0.353950184,0.255129812,0.401257388,0.765237056,0.740301635,0.773702603,0.82513689,0.903274959,0.087410514,0.552763104,0.853711089,0.697792032,0.642104301,0.813160627,0.42742715,0.199840973,0.462325391,0.771461648,0.719363756,0.85898826,1
0.080729656,0.248258076,0.27451549,0.066387632,0.718132156,0.968017347,0.536286509,0.979237248,0.453034919,0.100366257,0.710690541,0.130113252,0.946700727,0.951320581,0.929734925,0.871850046,0.034530831,0.660924826,0.011931069,0.081657179,0.840666386,0.693894582,0.928423669,0.015956689,0.370701356,0.824000871,0.35566397,0.994833995,0.606756162,0.40451181,0.388147488,0.631907594,0.946744975,0.859991814,0.390701495,0.613582958,0.191713881,0.710463609,0.263656981,0.911297471,0.843316467,0.017619297,0.132694837,0.047772479,0.147692139,0.131125368,0.876989582,0.877339191,0.202602314,0.166893362,0
0.071063517,0.815728068,0.323978446,0.265503948,0.304693982,0.267273473,0.856667714,0.794222652,0.513906838,0.314976727,0.890985194,0.110411498,0.912489632,0.403096699,0.466290579,0.76678159,0.111026908,0.286759975,0.744663344,0.884582058,0.636282973,0.352769244,0.96089868,0.023113942,0.685057037,0.753562936,0.941114658,0.204741157,0.86351455,0.138787795,0.567475029,0.156569403,0.716335319,0.605636794,0.987619669,0.295335167,0.089328041,0.728001572,0.954102451,0.119950615,0.832355234,0.976169147,0.038456176,0.071301962,0.658578684,0.633819822,0.63297106,0.705381418,0.783122357,0.713165765,1
0.291576283,0.136996553,0.814790635,0.059355459,0.309242523,0.341468171,0.486341842,0.01185096,0.256855474,0.768887122,0.603914217,0.381640394,0.949723879,0.924064293,0.059378577,0.678360996,0.851920921,0.692342731,0.571088192,0.159757282,0.503418013,0.725581337,0.05709933,0.105200267,0.24530539,0.061292728,0.510267686,0.962386006,0.149801736,0.098952573,0.333982469,0.537302862,0.310271943,0.879163385,0.165893879,0.915842904,0.746326248,0.826950419,0.44663291,0.395173882,0.205148932,0.898757174,0.102021371,0.339353695,0.263557077,0.087696182,0.357946967,0.837844219,0.90323897,0.875342885,0
0.904869217,0.357993004,0.144149861,0.107870712,0.202676989,0.079520046,0.474084263,0.348090288,0.824453026,0.780759686,0.874737201,0.07426373,0.080885651,0.351354016,0.6369815,0.901122388,0.256886464,0.352337249,0.968306055,0.006306785,0.031114646,0.126893186,0.595534921,0.376514067,0.564920097,0.258967781,0.881848206,0.689585145,0.739375544,0.907430456,0.356073491,0.642975319,0.428546037,0.64797918,0.522040708,0.661027617,0.436016346,0.437370858,0.800799765,0.685067031,0.585598641,0.391251641,0.779985029,0.573084396,0.072435702,0.238319652,0.208545426,0.194680243,0.88652175,0.684386986,1
0.391244033,0.708439235,0.817257888,0.07145421,0.954887033,0.883057621,0.193000633,0.460028285,0.936952639,0.82263972,0.48174819,0.748999713,0.72210179,0.046627507,0.641715025,0.938113057,0.798824046,0.242785234,0.009299784,0.883516595,0.457381493,0.822101451,0.253691787,0.7950544,0.119487095,0.774406605,0.407012085,0.542972638,0.333685064,0.468858216,0.639548386,0.527154558,0.643838722,0.511295812,0.344537372,0.537075928,0.397475119,0.543631619,0.135224546,0.682701988,0.912090697,0.43777372,0.864983424,0.102623008,0.664875716,0.807905443,0.896783125,0.434823554,0.687165642,0.88698021,0
0.436288424,0.637274209,0.494858706,0.714644636,0.310062014,0.944199688,0.13392019,0.136620073,0.844531431,0.816883033,0.956199866,0.580129257,0.189917076,0.493345858,0.397269395,0.300860585,0.993658348,0.083051485,0.627757307,0.461744999,0.134004379,0.267669881,0.930185151,0.821871314,0.222603323,0.498504822,0.718495803,0.484484258,0.195841736,0.238897911,0.339287539,0.628389954,0.572996893,0.573755253,0.75963377,0.141732573,0.762579781,0.477980314,0.724648375,0.980225884,0.209026506,0.567355028,0.113509554,0.409528423,0.464628828,0.059391298,0.554812384,0.295907153,0.835837425,0.425797203,1
0.039073726,0.033671491,0.940551754,0.154609395,0.668738153,0.419184839,0.429561694,0.783746768,0.071718458,0.158885204,0.832178124,0.110884075,0.051552849,0.166153303,0.638122886,0.222802564,0.840223397,0.846665913,0.69685181,0.876769253,0.660319634,0.948460218,0.198551492,0.002222057,0.137736494,0.863632672,0.366919154,0.388656034,0.290875713,0.170261798,0.233097539,0.375566884,0.97486299,0.76916301,0.047237978,0.475133827,0.56004324,0.702372582,0.247914426,0.069490276,0.577095008,0.284769247,0.73765496,0.314235671,0.382062095,0.46479568,0.717458488,0.349784122,0.263708149,0.444877427,0
0.024581584,0.106345,0.683172175,0.813734008,0.874257452,0.042963893,0.907444313,0.45613136,0.942945724,0.238406937,0.065720593,0.29912046,0.516264552,0.383933171,0.002213176,0.013005498,0.12085516,0.856196592,0.158130337,0.363296046,0.716588674,0.120633147,0.460734081,0.056776682,0.635617266,0.351281703,0.948245423,0.793229304,0.007714968,0.646186665,0.502065186,0.936154647,0.732737062,0.737336011,0.866608788,0.409648998,0.10509611,0.078737894,0.192062287,0.036980245,0.018097629,0.98355484,0.284657541,0.709022622,0.388449888,0.967970489,0.865151085,0.578991513,0.738159866,0.975668209,0
0.378303796,0.660231313,0.390815064,0.890459456,0.720285732,0.675204006,0.96650755,0.434205749,0.873019716,0.544946709,0.270425315,0.249746474,0.054617279,0.654834806,0.671052007,0.814442394,0.997876178,0.220343982,0.125880236,0.806782397,0.884236094,0.509180926,0.012355471,0.359646593,0.950730101,0.852109474,0.388445396,0.081194612,0.952960512,0.608898104,0.873396408,0.1729248,0.571657314,0.778252724,0.161838218,0.114651809,0.247634424,0.64558813,0.727358335,0.202786548,0.734403077,0.457228294,0.377876942,0.368052764,0.416635839,0.719413258,0.455704914,0.775647612,0.852192018,0.797233592,0
0.41939086,0.002504142,0.673969724,0.757510754,0.811147424,0.367290237,0.465903948,0.936611358,0.913867174,0.235887174,0.719452908,0.972204618,0.146964981,0.437216258,0.349174217,0.416428846,0.48247685,0.59234809,0.244912433,0.034866585,0.876431917,0.931496381,0.962811193,0.667177892,0.269788147,0.822566559,0.754567304,0.89102915,0.005140052,0.329484702,0.164562346,0.393076055,0.444864628,0.164121008,0.326007649,0.966694864,0.346638321,0.947119694,0.706745413,0.440163818,0.762051669,0.447065121,0.836378042,0.591548564,0.069716064,0.091048614,0.871230901,0.987198243,0.970573497,0.782640357,0
0.603117955,0.142986435,0.449353501,0.348446548,0.818498125,0.031521199,0.220659062,0.154770235,0.363901993,0.485229258,0.479761959,0.004725898,0.039906651,0.915942428,0.1185069,0.19003826,0.481962994,0.760389559,0.681889912,0.017424235,0.084389662,0.538817925,0.104394033,0.859913595,0.321754341,0.911052561,0.246848061,0.289835183,0.251879431,0.629395422,0.028243328,0.849133381,0.164049936,0.625383423,0.540829883,0.010778811,0.781519976,0.686632308,0.589111116,0.625777715,0.746922232,0.645272935,0.086515806,0.035219404,0.182360396,0.134067358,0.529198005,0.320241893,0.100910729,0.081114639,1
0.213756748,0.553153026,0.391756727,0.318880577,0.961378817,0.991794931,0.19774302,0.394216971,0.498797665,0.809275958,0.775587592,0.873076476,0.0633082,0.771547891,0.181682054,0.758687193,0.136977811,0.149266577,0.554157939,0.859779022,0.356201006,0.965072608,0.289168254,0.611681624,0.838153005,0.006094144,0.958421519,0.786144789,0.676400239,0.510247766,0.346809273,0.351801743,0.653436384,0.301578773,0.496847872,0.79004286,0.018997779,0.554749761,0.360942374,0.097265051,0.359129582,0.33945453,0.867849229,0.479186565,0.793718719,0.430273831,0.795618279,0.568064281,0.539120704,0.014486132,0
0.927531483,0.341019308,0.507863836,0.673598204,0.923680748,0.393591087,0.982396572,0.062854447,0.155112477,0.02496488,0.583195078,0.675757728,0.780305559,0.556682813,0.277643454,0.599649523,0.073324092,0.193823063,0.981869994,0.245623939,0.011436495,0.234861593,0.98825202,0.75212436,0.034455731,0.443554712,0.691387742,0.017814168,0.492654948,0.99067746,0.825206406,0.879569809,0.658558682,0.057629217,0.414392251,0.389994343,0.67717539,0.478951459,0.18222511,0.52261779,0.491449768,0.571636169,0.761671039,0.512812573,0.792389906,0.005103481,0.119320373,0.349848913,0.988789111,0.64999645,0
0.140579256,0.112116241,0.419722918,0.825260135,0.665224918,0.069556645,0.780085653,0.261174204,0.065904728,0.712603938,0.138784362,0.768429511,0.048000103,0.661310315,0.885409489,0.667079875,0.969677127,0.569378817,0.84724937,0.686021909,0.499751037,0.948244293,0.751492654,0.136952471,0.150311334,0.759584321,0.493632183,0.7028282,0.619101756,0.144315339,0.739091946,0.321242295,0.287191497,0.263561781,0.90425759,0.968098446,0.120044763,0.876611863,0.97714701,0.019354961,0.541119252,0.985336611,0.982643979,0.434910382,0.984819294,0.391965103,0.286647683,0.920706908,0.463002753,0.270058036,0
0.220151992,0.225631779,0.882493884,0.974503438,0.042273251,0.80309401,0.581808625,0.850392191,0.91438054,0.957546649,0.245976019,0.625234173,0.294547562,0.844123669,0.890291506,0.56136397,0.897102486,0.904826451,0.607310192,0.074260622,0.800350626,0.17160486,0.296028044,0.897922596,0.553952919,0.497027489,0.170178476,0.696049776,0.565356114,0.234979681,0.246581359,0.502129416,0.549683825,0.791322942,0.848491125,0.730317215,0.778085433,0.286997646,0.970673221,0.344493963,0.364940702,0.845022367,0.673069445,0.458792414,0.023794961,0.104913874,0.693799061,0.887855494,0.381757789,0.137266907,1
0.621965999,0.464365056,0.65200839,0.519248826,0.286908823,0.365440531,0.66858989,0.233878644,0.664808307,0.797883814,0.70244525,0.422444248,0.571218104,0.468549755,0.928510337,0.951801001,0.137064682,0.034658862,0.954026376,0.996361576,0.554812636,0.801574218,0.312586874,0.905027881,0.343896254,0.822592593,0.449241238,0.149992753,0.875700144,0.121289756,0.724968649,0.66555224,0.279275084,0.736539228,0.94047398,0.913908589,0.739352075,0.879184645,0.157183306,0.381111141,0.468494272,0.640806953,0.189878589,0.307245523,0.493989069,0.32682988,0.308122284,0.015450011,0.032591313,0.600939783,0
0.969814896,0.522603577,0.771352712,0.344746415,0.019741048,0.641301633,0.379570157,0.242294082,0.148487005,0.991389058,0.954956996,0.042829836,0.614708116,0.543966143,0.84154516,0.954364943,0.755842195,0.089217338,0.764617433,0.285911088,0.388878799,0.658297465,0.559476948,0.046668264,0.655536489,0.702929515,0.483069798,0.188305312,0.624220304,0.053382249,0.604597647,0.984971447,0.37043911,0.773856344,0.179130293,0.771575846,0.901967878,0.241855462,0.766989359,0.491954817,0.487738885,0.280554049,0.771544495,0.575177274,0.997658449,0.528040401,0.93327641,0.157473174,0.689582471,0.925944438,1
0.99997597,0.380501844,0.407860264,0.570919894,0.917785137,0.649325318,0.217299729,0.044795405,0.684005765,0.188454942,0.289764507,0.17206634,0.418820756,0.369698563,0.420003946,0.176897133,0.716902879,0.962979028,0.285334176,0.907565909,0.572533732,0.371734097,0.74911159,0.955696758,0.946946951,0.140868583,0.947526822,0.944236612,0.342214872,0.795924778,0.264903055,0.728755165,0.785642103,0.880485535,0.129670821,0.967788753,0.800911743,0.259670788,0.963261448,0.207148076,0.051406817,0.960369755,0.001112582,0.454931595,0.812565051,0.771025603,0.695425264,0.371506188,0.461674174,0.528263605,0
0.508098215,0.030348722,0.108722526,0.38575764,0.238318894,0.379061733,0.90511376,0.552158085,0.289944436,0.08154198,0.237722737,0.952763397,0.540867017,0.683620912,0.766317635,0.275726933,0.23765638,0.022541786,0.575802071,0.791020655,0.650074737,0.446402469,0.327794778,0.466611814,0.913361757,0.503784181,0.71474836,0.236029256,0.145263224,0.188762941,0.138744612,0.663425957,0.71125234,0.146406221,0.92771093,0.127495734,0.854645543,0.249226845,0.451019777,0.498681449,0.291408981,0.709428279,0.843836872,0.956382262,0.156845811,0.917208671,0.80172241,0.652442736,0.947249024,0.09259991,1
0.937437094,0.358444848,0.489299261,0.646373333,0.113596161,0.126192605,0.675300413,0.992044561,0.095820796,0.074890697,0.314776359,0.515601658,0.657993674,0.624150635,0.399499054,0.12355138,0.958184224,0.284964434,0.940403913,0.800636358,0.931645862,0.240286842,0.547920846,0.901713796,0.479356303,0.272163054,0.512423745,0.572481551,0.72693069,0.995282651,0.933318046,0.718133831,0.789827975,0.972732337,0.73810982,0.156515388,0.339881346,0.54896145,0.680292776,0.274779858,0.798418869,0.768800622,0.142199291,0.686017664,0.727504519,0.972948561,0.5536032,0.576337603,0.972016229,0.025359381,1
0.581732505,0.318243469,0.336053524,0.848989109,0.548372711,0.15118253,0.351994278,0.092340886,0.850048365,0.6016931,0.727627842,0.675839423,0.198755953,0.625331003,0.287387887,0.69204755,0.881888331,0.582401641,0.556863591,0.621699567,0.457940121,0.34636493,0.203992072,0.363103886,0.321973955,0.17287724,0.605609395,0.871042461,0.811143751,0.206675978,0.013317293,0.271189633,0.764682455,0.43591657,0.773492336,0.17668393,0.70961995,0.08222856,0.662102781,0.132767929,0.855808447,0.583919152,0.469966006,0.133829188,0.145836244,0.983143788,0.796744887,0.622737681,0.936130985,0.555280892,1
0.117597917,0.950202764,0.482630289,0.536330375,0.124971636,0.115739771,0.410282845,0.58077998,0.296123664,0.433698949,0.704284345,0.831943786,0.919530273,0.028249214,0.9896342,0.680035856,0.425750047,0.145780283,0.181041276,0.252423422,0.752269521,0.344260953,0.337915878,0.523946977,0.046167863,0.348336687,0.740347306,0.387337181,0.779786183,0.313137701,0.550380102,0.515082651,0.939071531,0.542123502,0.226791033,0.833316886,0.554659926,0.247185242,0.391816766,0.023874438,0.560747823,0.303554597,0.928365494,0.216125295,0.213189366,0.905479253,0.953433005,0.896438548,0.574019499,0.514126342,0
0.702004652,0.184460852,0.305526117,0.976852086,0.854740929,0.145192783,0.000555467,0.655228228,0.11223381,0.308981697,0.474802411,0.228814283,0.603667874,0.572710092,0.092433688,0.474221103,0.171190153,0.712797691,0.794124008,0.295712684,0.338973296,0.744868978,0.239728573,0.478956808,0.253295156,0.6230209,0.952005611,0.119309328,0.294915508,0.821614341,0.029553178,0.68470995,0.0281352,0.131378292,0.796184905,0.43356756,0.204145731,0.957711351,0.113406582,0.068817322,0.542528259,0.27277772,0.449583568,0.157226368,0.866993037,0.19208541,0.446085586,0.453323042,0.887194689,0.462353388,1
0.455499995,0.920772845,0.109168591,0.722774566,0.211258682,0.26700853,0.715505917,0.31193746,0.637272346,0.845783955,0.360716436,0.596109247,0.98845438,0.966488322,0.122871324,0.39296678,0.858495917,0.793960291,0.419371867,0.578870539,0.456425222,0.745768962,0.585447221,0.054869438,0.368038657,0.758394942,0.073111836,0.75909495,0.914809051,0.244090431,0.868430483,0.948717108,0.111084492,0.658836873,0.479277202,0.996642115,0.391827034,0.677218626,0.041611443,0.105115306,0.581594178,0.852321577,0.880786085,0.579813213,0.871805961,0.253346456,0.771640786,0.66574582,0.242237059,0.241167243,0
0.49765976,0.488009246,0.488179052,0.076245829,0.621048442,0.884033282,0.353155612,0.6688826,0.384590031,0.025449106,0.19026705,0.633323032,0.483190835,0.536882791,0.770758476,0.762594683,0.848392344,0.940699097,0.411468306,0.975077227,0.969665253,0.497389252,0.040021486,0.135615705,0.625619576,0.605324107,0.957213055,0.855612728,0.804077408,0.351659481,0.156668054,0.211998794,0.094904175,0.124302168,0.525780984,0.254508151,0.651217364,0.105066031,0.80429808,0.475893101,0.942137801,0.678930043,0.22085037,0.074714546,0.398185858,0.258448011,0.962713813,0.151619871,0.165918528,0.726358311,0
0.47632114,0.765608803,0.539017852,0.745336493,0.332477995,0.387286655,0.858688346,0.027650985,0.438298818,0.805288642,0.377225193,0.22870158,0.139753647,0.105990887,0.411922622,0.611239468,0.857045953,0.282518494,0.859419679,0.2733004,0.763427728,0.080112626,0.439662503,0.109395338,0.834450795,0.71910708,0.73489199,0.83583532,0.112160506,0.601740164,0.318719449,0.612748123,0.766161895,0.699710721,0.957524102,0.858086048,0.389203108,0.445233067,0.813223681,0.42994426,0.266394341,0.078821084,0.302898075,0.175535146,0.241089076,0.180545819,0.807551094,0.407049697,0.183348324,0.593101161,1
0.351210824,0.85968813,0.781712186,0.311917664,0.136454016,0.155818491,0.998417669,0.933490465,0.687411595,0.418941884,0.400032503,0.952878705,0.124549268,0.331263207,0.512316439,0.587353873,0.120600825,0.136334516,0.30860425,0.008660693,0.482711659,0.031652266,0.196020883,0.223529589,0.525461617,0.481224175,0.63055953,0.052923852,0.842817299,0.927052388,0.54187737,0.61205212,0.081900192,0.242213715,0.366190347,0.958067684,0.207686699,0.865666404,0.330577227,0.699361793,0.499442688,0.151021406,0.018459211,0.438510237,0.931636568,0.037607057,0.051300465,0.044854273,0.972414912,0.801976317,1
0.78370447,0.956879182,0.637485418,0.376136083,0.865917422,0.165920298,0.847364082,0.569631443,0.039501381,0.592206913,0.790443633,0.393553697,0.79713444,0.030334759,0.748432214,0.145697947,0.220665069,0.607455008,0.711892663,0.045789538,0.519775693,0.442224084,0.214239887,0.964256926,0.541034475,0.548235692,0.099213358,0.532896623,0.857768767,0.228524713,0.3249499,0.209055456,0.500852512,0.703429301,0.742813563,0.059970809,0.288903925,0.443826416,0.453436325,0.428102123,0.253440697,0.098235533,0.727995642,0.06160767,0.849628478,0.961005713,0.062592169,0.166700726,0.702994189,0.335665697,0
0.664333285,0.928228185,0.035128911,0.985652133,0.143601448,0.886249558,0.63915829,0.890905014,0.981279987,0.978118162,0.354422897,0.201918163,0.907561769,0.127891782,0.967087004,0.743916507,0.488788355,0.1593655,0.385349877,0.447098504,0.202276852,0.412143029,0.317715818,0.625407451,0.906456976,0.266862967,0.173815194,0.489358437,0.769697172,0.778282862,0.204551004,0.470737283,0.751174387,0.381858673,0.99397352,0.774805407,0.437592941,0.174342991,0.965647433,0.927690729,0.324275448,0.610845426,0.711715434,0.317661007,0.098568669,0.115563084,0.829177633,0.898683728,0.519849681,0.966586288,1
0.312283177,0.892668969,0.476951107,0.383524355,0.2584504,0.0413739,0.14691625,0.065260715,0.145255026,0.736111233,0.906821491,0.964150053,0.646906257,0.870436756,0.693316705,0.641961197,0.077344794,0.120737534,0.489377356,0.523037407,0.778667682,0.513976723,0.481445755,0.276455554,0.105306748,0.046070293,0.478786676,0.819705426,0.978487723,0.888099297,0.04304533,0.893077402,0.054333857,0.241525314,0.341445955,0.33214763,0.46620789,0.434841859,0.991116795,0.586257916,0.581106899,0.627060935,0.403125776,0.810626522,0.490116227,0.43142273,0.877495247,0.508577635,0.309198817,0.925458661,1
0.956770546,0.474821624,0.324733605,0.964731025,0.354920602,0.073904252,0.498385015,0.181012687,0.339160732,0.09421114,0.884308882,0.660241181,0.697913524,0.441896918,0.495852794,0.799213895,0.792201273,0.146357844,0.115096228,0.829594862,0.280217011,0.066830718,0.361284021,0.769665582,0.32429556,0.084753333,0.585173642,0.727936613,0.09111284,0.117683976,0.902492117,0.540800261,0.799579156,0.277713494,0.533274791,0.510806884,0.689297872,0.513426524,0.217931911,0.272521367,0.863655314,0.082693262,0.262537561,0.472895077,0.571649617,0.836763346,0.786934669,0.793609823,0.95137316,0.667579202,1
0.911348224,0.567692515,0.494860039,0.523238816,0.433528713,0.670558229,0.096790643,0.514956037,0.521992614,0.86968696,0.640278948,0.739762295,0.325128829,0.471016925,0.970859762,0.720167397,0.472740045,0.811654677,0.931186062,0.182760018,0.661660604,0.541179894,0.632081058,0.552220533,0.744940638,0.020335153,0.243507929,0.149662438,0.345465344,0.050560091,0.903238673,0.768421153,0.587981039,0.553929225,0.273702974,0.055263576,0.664772144,0.794154707,0.433733482,0.879816491,0.785494099,0.281879129,0.615706309,0.92242248,0.416458474,0.098339123,0.318335657,0.504032409,0.254746201,0.973229267,1
0.486965055,0.501071032,0.98886523,0.657539816,0.825882632,0.329735855,0.349589039,0.117852881,0.861539046,0.892525066,0.555279016,0.546726161,0.092500052,0.523119006,0.459305239,0.742607747,0.206820191,0.316720947,0.746033917,0.079681213,0.725640896,0.469561048,0.929527411,0.482907274,0.351710534,0.010725255,0.790973938,0.121011586,0.364639541,0.805424097,0.197500607,0.49558154,0.827879484,0.842472965,0.414056236,0.436643992,0.045332382,0.177626755,0.185869537,0.150728049,0.912653149,0.230168565,0.087117653,0.74218749,0.751751928,0.114482566,0.569206023,0.621973345,0.721510173,0.0121233,1
0.011016009,0.93709588,0.843288333,0.423103743,0.542503761,0.200323832,0.090834448,0.817304944,0.854401757,0.574540427,0.623900309,0.8741293,0.31755098,0.886439979,0.519922628,0.620568552,0.520863709,0.041729809,0.24056624,0.86573769,0.270367982,0.422588659,0.154993924,0.146978466,0.69348771,0.749872476,0.745758293,0.668777082,0.963381611,0.650291482,0.387848483,0.273615735,0.043538161,0.336119765,0.597673393,0.979091646,0.538536401,0.182589432,0.341965126,0.500558235,0.784851209,0.539949101,0.048035064,0.23174261,0.284388101,0.551366797,0.380488752,0.763975639,0.7611736,0.150117285,0
0.518857087,0.785576501,0.365359125,0.280502191,0.165214952,0.779160443,0.291159384,0.888382868,0.853930538,0.43990762,0.201430987,0.50535415,0.200730493,0.965161503,0.118532363,0.239844557,0.565129856,0.148818667,0.283290439,0.901934715,0.410949403,0.932568686,0.077386052,0.253697751,0.244964591,0.709845911,0.576746122,0.773174024,0.409480601,0.154027984,0.700432313,0.464432592,0.826188378,0.053296786,0.777246246,0.261654043,0.70753267,0.523506003,0.952178626,0.812063965,0.965720886,0.486680378,0.964548332,0.938721855,0.680533647,0.656111187,0.344464063,0.641362643,0.754642287,0.196605245,0
0.793866115,0.846994274,0.339183305,0.806062044,0.695657484,0.844317863,0.145588534,0.803215219,0.519984804,0.099734228,0.631926032,0.196621567,0.771098588,0.007678049,0.496955276,0.101113629,0.170509791,0.806092178,0.54702357,0.021572869,0.711581743,0.288838854,0.147110919,0.618892136,0.912387487,0.783152481,0.245428741,0.341010262,0.662177805,0.371536226,0.067146787,0.299819646,0.413777975,0.224185194,0.147298949,0.24185081,0.947832266,0.606309508,0.418329241,0.495124167,0.30507222,0.94149219,0.248935547,0.847412845,0.388387395,0.170501145,0.108459453,0.421026121,0.583260381,0.667149797,1
0.491587418,0.414649297,0.831213714,0.403562017,0.06043738,0.923263936,0.042688877,0.491122288,0.426703598,0.329971124,0.202826039,0.972191819,0.467181974,0.660329048,0.798020236,0.489566302,0.936177374,0.146491435,0.523731319,0.696310959,0.161872875,0.657897675,0.972968208,0.369043307,0.352657236,0.645717292,0.885065687,0.020819809,0.17065181,0.947139798,0.891464124,0.837852776,0.405290949,0.050945133,0.831279008,0.425624404,0.355097283,0.690309066,0.827262023,0.353783067,0.683682319,0.347415436,0.945747156,0.676050601,0.853505519,0.662924382,0.793093166,0.04877479,0.049653225,0.960409771,1
0.511400761,0.403746677,0.53226198,0.015874949,0.686131072,0.892205057,0.294730582,0.015324326,0.42027906,0.45991538,0.21494709,0.768610143,0.519223929,0.533733075,0.08724025,0.017857054,0.805326482,0.195812206,0.553917209,0.103268569,0.696121475,0.560909258,0.387208777,0.402065398,0.965024608,0.911482249,0.223614843,0.165587906,0.635955904,0.881001342,0.123436636,0.966897877,0.571451035,0.64586941,0.007351739,0.028268633,0.405715109,0.324015667,0.563262183,0.445378566,0.139673085,0.91574207,0.027574732,0.64921042,0.26398589,0.713813516,0.767450467,0.163153856,0.657625559,0.681243172,1
0.240004427,0.555565901,0.923245607,0.012052099,0.495079515,0.686946661,0.129096179,0.723791873,0.308003676,0.538826825,0.306683984,0.387691196,0.571779848,0.006423393,0.296673889,0.069075047,0.219289348,0.921159619,0.521240654,0.20493247,0.938946,0.451833679,0.545963984,0.600906266,0.113332997,0.090724252,0.133814179,0.748454729,0.835326805,0.626527221,0.207899976,0.828146577,0.725519779,0.709499303,0.151277304,0.355420761,0.63610255,0.015532317,0.561056131,0.134298516,0.260777125,0.629568398,0.486405389,0.650835063,0.817312187,0.109157248,0.431871359,0.999277627,0.797484,0.02622281,0
0.70697622,0.736273434,0.433510409,0.836531148,0.562663016,0.338397457,0.275741747,0.631491564,0.343883315,0.96121187,0.030655826,0.605132636,0.870944538,0.310683545,0.942300929,0.393686868,0.202760313,0.032103096,0.611669446,0.411545043,0.009567719,0.103729393,0.557704474,0.994178829,0.877113656,0.296785089,0.279791119,0.930446065,0.531943999,0.283295803,0.452368417,0.392899731,0.212298459,0.527378211,0.592662096,0.031948993,0.958329613,0.570686167,0.14273116,0.076960842,0.726154828,0.433819301,0.263454064,0.827426858,0.412172119,0.209518852,0.968861803,0.077774051,0.742102328,0.287980699,1
0.61088212,0.033145497,0.935205031,0.270542493,0.350743261,0.968239664,0.368309346,0.2459612,0.449606797,0.174460573,0.627967496,0.017818047,0.278330221,0.818042732,0.606791602,0.678847107,0.110405809,0.300757615,0.688470952,0.753449879,0.744838129,0.907866674,0.084440336,0.520079658,0.116529017,0.652795335,0.216431186,0.546589006,0.778015291,0.229083861,0.942835372,0.992319625,0.745746157,0.49380044,0.948206939,0.445156517,0.119892854,0.0997691,0.740043681,0.632496026,0.809948174,0.913006904,0.761648081,0.17266016,0.527722222,0.750803074,0.831528234,0.225217953,0.745802412,0.741846621,1
0.675819542,0.922579232,0.390158143,0.956195115,0.018732882,0.305202341,0.902429512,0.67967419,0.906087887,0.565323633,0.327169258,0.982496036,0.164279487,0.594966069,0.551788638,0.785703262,0.292882764,0.885149892,0.000688093,0.808778319,0.271477983,0.099885492,0.562933946,0.805367545,0.249041317,0.893904343,0.984764451,0.694970904,0.411626818,0.979839643,0.036836133,0.243026112,0.937857768,0.691827508,0.203898581,0.921554396,0.117842048,0.439835125,0.767940754,0.25747687,0.116449545,0.737711098,0.752866081,0.74530502,0.258004757,0.65332136,0.408808407,0.360072357,0.159122794,0.861504768,1
0.50704154,0.947552059,0.916029802,0.733824952,0.366581514,0.796789302,0.1691521,0.802080902,0.683874541,0.595878786,0.019572524,0.004877908,0.292033478,0.407325222,0.971021288,0.837462883,0.463443872,0.480527831,0.785423171,0.164554928,0.772833185,0.178411592,0.050700601,0.854753409,0.482250369,0.847039242,0.284971238,0.020204569,0.611802582,0.554321711,0.740079196,0.269691663,0.63530229,0.450027102,0.293306794,0.721427164,0.435733262,0.014199236,0.302848392,0.150988272,0.925872192,0.134463206,0.723020059,0.82656414,0.536108546,0.446047565,0.150228121,0.494696796,0.599939713,0.370171682,0
0.698661005,0.32219299,0.801481385,0.484924657,0.154353396,0.896392344,0.518303118,0.339817577,0.687427512,0.105968262,0.273525157,0.136804544,0.687673091,0.581877885,0.854999693,0.181798416,0.743278402,0.501693855,0.891215065,0.737324702,0.588198468,0.862720765,0.493869361,0.739614591,0.82377519,0.242058742,0.166650901,0.329749035,0.021971479,0.342492637,0.532653051,0.476026043,0.624347167,0.478489556,0.460293128,0.378880195,0.224088953,0.455731815,0.96499752,0.735391619,0.061645565,0.013219723,0.0444741,0.672459745,0.253906969,0.95874961,0.253506339,0.249486466,0.827985173,0.304069301,1
0.796639601,0.169905077,0.440654306,0.061037028,0.127544731,0.611989485,0.758696675,0.603467555,0.3469121,0.595492446,0.30901001,0.078125358,0.410537664,0.367869744,0.454888775,0.158129995,0.485160901,0.499338822,0.193701698,0.651356591,0.602286258,0.00665413,0.514017082,0.307961797,0.591872984,0.439739908,0.624131255,0.264136491,0.80103548,0.415696419,0.86744481,0.576593364,0.530371234,0.909737294,0.239099041,0.16914979,0.070624002,0.084450122,0.032338222,0.431220148,0.440557615,0.423542873,0.212817713,0.228442398,0.25042194,0.18111028,0.66272566,0.337244557,0.246176041,0.072653963,0
0.799144997,0.931918388,0.541619208,0.513929757,0.870957015,0.396580738,0.437763134,0.447425606,0.008388499,0.222716295,0.497471493,0.849990688,0.133301684,0.664780351,0.248404055,0.567437888,0.034313552,0.620475317,0.957178899,0.810695928,0.169197132,0.062490237,0.453916556,0.792177913,0.296731211,0.950486753,0.516807604,0.280037411,0.60935906,0.573302865,0.936948458,0.129534715,0.785786302,0.982309859,0.332162911,0.568304821,0.002548757,0.183909708,0.88701899,0.273733722,0.949466766,0.715574753,0.937219682,0.154815345,0.213434449,0.365734055,0.282710011,0.423664919,0.0771093,0.776018907,0
0.27833204,0.522126566,0.223479926,0.387587608,0.177655589,0.711734773,0.270092487,0.907305626,0.673991641,0.744771794,0.557560962,0.641590626,0.887177663,0.181208182,0.692324485,0.662175436,0.812902677,0.812815282,0.217897392,0.152535018,0.23352524,0.13690638,0.391467323,0.139127601,0.417497441,0.674276651,0.99679495,0.17445984,0.121139342,0.514009916,0.552874002,0.266155991,0.602765342,0.596641996,0.31742042,0.806247362,0.377057194,0.743150655,0.438140552,0.612916219,0.778886866,0.361786727,0.412835005,0.679363294,0.891117932,0.745030043,0.655662121,0.163484652,0.975480342,0.141739164,0
0.667476406,0.561116582,0.048025429,0.563816018,0.251326428,0.138891728,0.115459647,0.004993887,0.197462564,0.684120914,0.744794707,0.429330049,0.722406985,0.068414915,0.404099892,0.403554577,0.499181813,0.994497929,0.461723699,0.513205429,0.453182358,0.534620586,0.503448359,0.006662413,0.482114533,0.383886916,0.959329873,0.734630891,0.815332208,0.73922996,0.446680405,0.792349141,0.648218239,0.976195574,0.074302582,0.807901379,0.978170293,0.634607247,0.389839106,0.068246029,0.513109923,0.206451723,0.570580594,0.774421683,0.830690302,0.084920366,0.93823901,0.133447262,0.205684684,0.348608292,0
0.8170643,0.283319313,0.237071318,0.359914644,0.531603581,0.970536108,0.12125497,0.987498881,0.015982014,0.198670904,0.433483149,0.044341665,0.419388933,0.864136596,0.74382541,0.15067595,0.539271268,0.883043849,0.086791223,0.415170125,0.848961433,0.621067598,0.811417916,0.750318324,0.754192129,0.306162251,0.004777845,0.527907263,0.31444001,0.269181459,0.131093062,0.427948754,0.556677526,0.127603407,0.910209005,0.600861528,0.405586847,0.261726662,0.465734085,0.894459865,0.662853325,0.646335125,0.330993344,0.08868291,0.360558797,0.318102237,0.884078926,0.062872359,0.379469517,0.815970725,0
0.66981347,0.4594604,0.965886017,0.871421792,0.64874194,0.71655979,0.616909489,0.862590044,0.123879822,0.550172617,0.462987992,0.005460675,0.648218908,0.963060684,0.748751313,0.229382765,0.955793563,0.867479108,0.550598049,0.638585462,0.224495371,0.966169071,0.239760364,0.298986169,0.486318312,0.935651411,0.06576024,0.766076151,0.58821138,0.679261208,0.81472348,0.281387166,0.512603067,0.178003071,0.754514774,0.734179872,0.314252661,0.234307139,0.84453165,0.861608479,0.651605874,0.161424572,0.714044912,0.171201581,0.872368763,0.56634087,0.720953177,0.606041898,0.260122516,0.856738292,1
0.916767722,0.564303954,0.263392018,0.922240908,0.938012677,0.623357465,0.778107095,0.003923342,0.278935181,0.404023695,0.857380214,0.55103251,0.893259161,0.943612289,0.139410992,0.795111911,0.79484783,0.156808245,0.427895135,0.331401048,0.727696286,0.578034137,0.17019413,0.287637227,0.921688863,0.310543122,0.709638411,0.867753769,0.296105805,0.294024781,0.343280426,0.279308983,0.604711606,0.51871603,0.351508903,0.82216876,0.783881238,0.096486128,0.288804151,0.123022885,0.642102192,0.85512538,0.392710975,0.557423277,0.603473579,0.528476577,0.430922953,0.452915796,0.034949571,0.085995232,0
0.520527329,0.023283806,0.380684091,0.969166588,0.706342061,0.592398113,0.805111977,0.460602957,0.64909813,0.212433306,0.681406534,0.117026657,0.821479751,0.875026621,0.025209571,0.311198145,0.14607157,0.768210899,0.555103419,0.542406978,0.199250068,0.09422028,0.260369915,0.534444843,0.512482511,0.283235407,0.391740985,0.301634673,0.387073426,0.871330986,0.69587204,0.917525594,0.730154638,0.581885228,0.664392101,0.937275189,0.96414843,0.182491918,0.809074471,0.008847016,0.337507234,0.864470027,0.65838055,0.38180159,0.872866968,0.878892812,0.908731183,0.60956712,0.068458678,0.137871143,1
0.735617965,0.591083251,0.588906766,0.414364914,0.381706029,0.480910864,0.395553678,0.191841617,0.076220978,0.567912209,0.652682654,0.220885975,0.909990469,0.78346369,0.706759719,0.350995734,0.725737997,0.255594082,0.197472589,0.832668343,0.410974248,0.625298604,0.457821625,0.165750662,0.521639459,0.274775493,0.160563851,0.080124474,0.49310677,0.146070235,0.795226802,0.75234122,0.857998111,0.818561275,0.847332418,0.807673779,0.302460374,0.02791811,0.817863277,0.499296345,0.943848109,0.65291434,0.376277922,0.403545328,0.079044312,0.114361825,0.901813667,0.391167166,0.361393877,0.642357094,0
0.55881199,0.503291675,0.035032428,0.710045084,0.218805624,0.72842826,0.46810041,0.517956593,0.188159605,0.860011763,0.33166557,0.14406523,0.163663922,0.526364715,0.37545358,0.669135649,0.541387185,0.979930302,0.076914243,0.656147991,0.742095926,0.470203127,0.792188882,0.089003018,0.792294838,0.526176676,0.722327148,0.430622043,0.781444254,0.333801361,0.281453438,0.390369462,0.824141639,0.718163151,0.039301373,0.639623663,0.337010834,0.528434817,0.549641617,0.2907459,0.63763013,0.89644185,0.887885867,0.029379338,0.79673943,0.180074394,0.712813298,0.686560638,0.812670118,0.219655589,0
0.97731534,0.813399943,0.61279181,0.273767574,0.113052503,0.327780828,0.960609412,0.340929098,0.600566349,0.739898706,0.417099787,0.353461922,0.238239628,0.993336062,0.91512314,0.74003696,0.524746582,0.716062169,0.178318625,0.267546525,0.233676879,0.326480805,0.703595737,0.080269316,0.944403814,0.577365247,0.564736918,0.487685103,0.181290536,0.590719788,0.826277231,0.928441321,0.839053052,0.399396543,0.579675641,0.653557726,0.75389389,0.893028119,0.497008088,0.574156151,0.344034153,0.172400362,0.291943588,0.771051936,0.372013776,0.601078196,0.402259408,0.379421387,0.682185142,0.160063047,1
0.487481293,0.455687076,0.954271733,0.903226962,0.893931918,0.901035282,0.066114007,0.754127828,0.073585899,0.969550172,0.544245037,0.113074951,0.868983744,0.815991098,0.813265506,0.41104358,0.814173032,0.53692751,0.283009978,0.976117307,0.462241768,0.877679198,0.498015739,0.402629252,0.955337256,0.770155364,0.74577204,0.91914732,0.943484649,0.019949525,0.489146689,0.731914988,0.821450671,0.109273365,0.081984392,0.036806641,0.495498175,0.145745141,0.569203365,0.950076076,0.297310173,0.613051836,0.70866465,0.614040934,0.438488658,0.197073957,0.515438011,0.471186075,0.794053157,0.002223499,1
0.658194865,0.544939268,0.576150671,0.826789141,0.643962674,0.451610353,0.956613328,0.243868397,0.231271462,0.349367554,0.785622298,0.050806935,0.19815238,0.010036754,0.290874777,0.627035644,0.847177955,0.611266981,0.25109788,0.386686869,0.073873745,0.46146642,0.763158375,0.942141462,0.499822335,0.622169736,0.265267178,0.338690769,0.797057242,0.853461676,0.023482181,0.119799807,0.779320445,0.061969833,0.377281442,0.693655701,0.418887958,0.891132809,0.213079672,0.229624261,0.440785076,0.393880202,0.626330439,0.231155736,0.209046006,0.641809113,0.946924468,0.635819593,0.690471,0.267079871,1
0.15974637,0.858849443,0.313005971,0.013752564,0.294375138,0.304545654,0.848264505,0.276748499,0.614062609,0.312021749,0.64119455,0.514146746,0.884329516,0.03451961,0.106639493,0.402996477,0.280759978,0.500609928,0.371266203,0.650997457,0.278336474,0.166300889,0.699638339,0.969786621,0.455849519,0.586186811,0.738929448,0.264624244,0.208654339,0.270754704,0.953419688,0.489385159,0.294499638,0.659610964,0.854063351,0.255167292,0.275136282,0.043145333,0.654459832,0.24480193,0.028585507,0.08992848,0.532315528,0.621154569,0.479305417,0.050649549,0.52662373,0.064124503,0.993207132,0.29109821,1
0.153034287,0.528540232,0.983511489,0.634462347,0.732952158,0.163635852,0.791363493,0.562143141,0.643645812,0.554205444,0.479863058,0.973090951,0.209869452,0.830401512,0.651649012,0.325977402,0.393202434,0.568486387,0.953117601,0.653053458,0.375942139,0.021487593,0.852012376,0.807770252,0.957454457,0.496189076,0.670143476,0.645887511,0.274612874,0.933514244,0.691566622,0.093115312,0.519506074,0.085572739,0.120844342,0.358422055,0.505125584,0.815471304,0.49420123,0.575416119,0.378788256,0.994960849,0.055382722,0.08889644,0.460280675,0.228912676,0.228859375,0.525864051,0.335455138,0.777048834,1
0.625465358,0.03651795,0.399101634,0.750480813,0.728370658,0.012591292,0.331530006,0.491006448,0.921078941,0.339723941,0.134975743,0.66860811,0.708066782,0.43708919,0.665073346,0.246316227,0.176604387,0.557643514,0.937549805,0.917039996,0.516551033,0.178349029,0.643307605,0.968416338,0.559072932,0.50870007,0.413561139,0.315725996,0.162191678,0.964410087,0.713797055,0.001066278,0.523427383,0.731518663,0.539084788,0.043376358,0.266276339,0.164659146,0.665604709,0.328453658,0.922909892,0.528545433,0.786960939,0.034206376,0.430997098,0.364025013,0.782878405,0.626109841,0.87364628,0.918569609,1
0.226956849,0.457767465,0.417146236,0.96735393,0.028676192,0.089255239,0.086118534,0.165972849,0.512212862,0.535206048,0.407840512,0.438650924,0.703027899,0.528928564,0.301885257,0.216271574,0.954562268,0.419701234,0.817945821,0.009635014,0.040658935,0.07372187,0.306750013,0.572054231,0.515784669,0.769720701,0.856016006,0.466484938,0.014287293,0.084911583,0.188299925,0.437035993,0.856931625,0.991343507,0.838640936,0.831854652,0.264169735,0.564340113,0.965482966,0.631820708,0.900573286,0.208572291,0.345340302,0.352195604,0.797644345,0.358885306,0.53426655,0.704188442,0.6465254,0.826581476,1
0.84925925,0.883516701,0.822094809,0.343603107,0.12352241,0.09126363,0.306788344,0.576515938,0.257307124,0.663782999,0.055166612,0.674601123,0.986163582,0.086239078,0.665639017,0.137791734,0.74418558,0.009208038,0.355104169,0.12153184,0.80280124,0.389483296,0.866650508,0.479105736,0.975613968,0.09768071,0.793472053,0.711653325,0.98203696,0.7888739,0.250041301,0.257400643,0.922245703,0.808376998,0.675029623,0.861394005,0.79621635,0.044088432,0.136436638,0.730072981,0.021710295,0.348320501,0.577147488,0.601545528,0.194738429,0.337646169,0.339031018,0.162220665,0.069218084,0.882732476,0
0.748616665,0.545577708,0.684545263,0.031259605,0.294591861,0.441466312,0.004033638,0.233604487,0.234359901,0.050990006,0.671435647,0.413766635,0.071288967,0.019873744,0.344537094,0.5087566,0.930142826,0.597205909,0.922635421,0.124469122,0.723175492,0.301556135,0.03787788,0.990175095,0.807458789,0.213662068,0.141171269,0.632661637,0.258348423,0.637115291,0.79633719,0.86685711,0.452729368,0.558450307,0.209784579,0.561635596,0.274947308,0.172879961,0.175195124,0.653792258,0.967428011,0.862592333,0.415175164,0.574960051,0.397563066,0.316929909,0.463619265,0.947295396,0.102036187,0.82029018,0
0.228038766,0.802322745,0.388136206,0.609494652,0.024176203,0.143586048,0.98377576,0.569943501,0.594882679,0.664712575,0.284036194,0.326479092,0.798492364,0.292029799,0.636245127,0.752169278,0.076383177,0.343228875,0.034472766,0.845028877,0.529293855,0.8914651,0.630575024,0.677234167,0.552913612,0.114364801,0.540586639,0.9043317,0.920265433,0.26436892,0.507500664,0.216202084,0.185859483,0.68861607,0.642779,0.441801885,0.700244788,0.312462078,0.852586331,0.164108864,0.499635604,0.057618461,0.630325124,0.343817707,0.515450311,0.588618583,0.978094955,0.663780204,0.321111153,0.539171028,0
0.487586149,0.012992935,0.523880696,0.143334689,0.89465927,0.964027472,0.596578544,0.396697153,0.636669161,0.754413953,0.046841681,0.139632407,0.867506624,0.216797612,0.581787192,0.324371488,0.5889249,0.707298602,0.534680389,0.013490646,0.98294394,0.93959581,0.225736495,0.538433073,0.46970146,0.687041765,0.202650334,0.708781783,0.379036097,0.103405101,0.911148052,0.025715218,0.156872861,0.008186835,0.764411682,0.692214907,0.430869904,0.577267194,0.224961251,0.12193984,0.23364745,0.552602157,0.835369126,0.618642795,0.822536756,0.061668188,0.545340975,0.035725645,0.59380682,0.411584541,0
0.08142909,0.532878789,0.40613895,0.992851052,0.372379731,0.005484626,0.881780909,0.851156493,0.634083294,0.252056065,0.957004782,0.749144683,0.204646205,0.947246626,0.089461528,0.449480128,0.535411367,0.997043423,0.06237831,0.460489326,0.469175276,0.418278968,0.630304738,0.97325486,0.435794587,0.733200217,0.984263281,0.593375541,0.789557907,0.456748588,0.763562149,0.203059002,0.418186076,0.016375853,0.22455927,0.935835847,0.979671885,0.725272734,0.425962091,0.737672834,0.332613357,0.076928675,0.394437672,0.034461845,0.366634187,0.315863931,0.884780078,0.501320872,0.00662794,0.886574938,0
0.957630817,0.293983475,0.210315891,0.202585188,0.19569816,0.0862405,0.445612243,0.279842824,0.536669714,0.709550163,0.021530401,0.088708509,0.096324741,0.611841674,0.249788364,0.822211263,0.887681958,0.344086242,0.099553497,0.940101681,0.074669658,0.743218023,0.917518695,0.310148403,0.279266116,0.248121838,0.226289152,0.461275421,0.468685492,0.2344434,0.526239032,0.631635008,0.3614752,0.504713625,0.126450706,0.11106566,0.879078231,0.911518714,0.132387028,0.900252282,0.670244876,0.961219142,0.980520866,0.350280347,0.353128392,0.644526348,0.302728071,0.681099384,0.66240197,0.124999508,0
0.101152136,0.806645481,0.026346149,0.647096292,0.427055041,0.215894463,0.808950041,0.967017846,0.606799523,0.459500538,0.158378254,0.7657571,0.167034988,0.788974606,0.468270472,0.488592705,0.034769821,0.318049692,0.309538313,0.75786676,0.320515635,0.509566327,0.932168164,0.135999711,0.172080462,0.534807671,0.379628897,0.460655995,0.868451478,0.389603785,0.962745005,0.673507429,0.311654154,0.860788208,0.289851056,0.169971131,0.867868498,0.710048106,0.846603405,0.301485145,0.93430001,0.776438013,0.620347927,0.645816223,0.871979755,0.076515541,0.340172177,0.279037673,0.594839473,0.535708504,0
0.970900842,0.260265422,0.483974601,0.545342467,0.758712378,0.521594765,0.394258786,0.220097625,0.455541398,0.744235645,0.158439237,0.58169035,0.007375777,0.169715867,0.865995224,0.55365849,0.001723209,0.327764561,0.500117312,0.429850317,0.320504611,0.507268757,0.05808548,0.330704181,0.694102588,0.35696293,0.530659942,0.275165748,0.206701678,0.613753402,0.038536246,0.998555451,0.008543548,0.936389607,0.431920556,0.859242276,0.115502263,0.7578476,0.855428657,0.385306229,0.504495211,0.298066585,0.976311939,0.516622104,0.654346139,0.462714539,0.335141573,0.04716577,0.782546076,0.371130874,1
0.949846495,0.842800184,0.161714424,0.530287296,0.31635053,0.40193371,0.560366945,0.952663835,0.995447606,0.751138879,0.172840726,0.623984188,0.634880685,0.446365089,0.795589623,0.085804923,0.242834983,0.436643504,0.077633862,0.860311879,0.310153952,0.36372889,0.32372557,0.341707196,0.057177154,0.873251502,0.324799723,0.681316249,0.602597981,0.675329882,0.21385158,0.001042959,0.013212059,0.803076951,0.548082863,0.291957819,0.435347709,0.231022124,0.734653989,0.506506774,0.168462426,0.288428489,0.69159915,0.025448904,0.609565998,0.332277167,0.830881748,0.680741592,0.027858973,0.781606926,1
0.211830897,0.786679385,0.809071055,0.455830877,0.595720745,0.261593834,0.986900443,0.674350498,0.831533644,0.615808324,0.78227183,0.058297529,0.891868442,0.650171254,0.535184226,0.874588612,0.16291805,0.797861908,0.482117612,0.548539044,0.698281986,0.419941961,0.775334254,0.402680927,0.301508492,0.612741592,0.7880036,0.351586842,0.615977577,0.343577469,0.177779449,0.415447229,0.351131581,0.393270552,0.210724252,0.425098464,0.727345927,0.685584651,0.829890967,0.0408604,0.496712451,0.148691099,0.501961229,0.924090777,0.122039893,0.09454004,0.502121366,0.092780756,0.535039379,0.060463286,0
0.091473199,0.84315255,0.827353344,0.321780437,0.077417923,0.371595329,0.709329589,0.157750631,0.200150894,0.439748457,0.349807569,0.439471287,0.569225011,0.899853252,0.222694571,0.822471806,0.476779054,0.80237306,0.949256278,0.065059501,0.772325117,0.657331952,0.751431015,0.674346275,0.645654452,0.239329109,0.81703474,0.282476017,0.19557431,0.330053183,0.652666822,0.202496923,0.638866103,0.994193871,0.464273852,0.805376045,0.906402304,0.215906345,0.666230134,0.770592198,0.614708023,0.036138421,0.836277398,0.444120125,0.522278235,0.770792612,0.897801651,0.106438771,0.881308661,0.7755174,0
0.611989071,0.88089422,0.501469877,0.593520226,0.116988139,0.956147886,0.058071091,0.507204474,0.510071796,0.650312191,0.242282506,0.470251955,0.746261057,0.392203802,0.220973345,0.774563738,0.604686308,0.859678424,0.218466904,0.957820749,0.934483317,0.8705537,0.088619559,0.140219609,0.932292278,0.250675537,0.059038683,0.010167859,0.379025639,0.530049421,0.383757003,0.031399664,0.088556012,0.216234407,0.726245386,0.911522791,0.050937525,0.262629565,0.949101799,0.550041964,0.398728113,0.054029257,0.219622544,0.431191127,0.991020756,0.55891018,0.347774324,0.937995672,0.5047765,0.578639342,0
0.257574549,0.644842461,0.566660717,0.480300708,0.612770876,0.349933917,0.770955263,0.195470074,0.456847751,0.29783034,0.452869228,0.977676939,0.998165367,0.440317419,0.237464979,0.463442537,0.351882254,0.317586948,0.365878544,0.279577208,0.110074734,0.127688445,0.70682893,0.913435164,0.06763921,0.455733101,0.433795858,0.503999917,0.385413808,0.763096523,0.30206548,0.627373981,0.924444378,0.534662275,0.235478955,0.064812753,0.663972653,0.018910608,0.290085592,0.420521011,0.894143734,0.988812215,0.520355526,0.429797663,0.760336825,0.913660006,0.941162831,0.241952448,0.064990354,0.515136564,1
0.921250972,0.253022921,0.773370721,0.60583602,0.738974332,0.484801275,0.807838638,0.486241812,0.508811665,0.791909463,0.268112618,0.910053906,0.692677265,0.129003374,0.616826225,0.047275835,0.528512107,0.29584248,0.039307382,0.653938595,0.58972465,0.529743721,0.031576311,0.850002018,0.295082921,0.960421277,0.066493344,0.305397832,0.150974369,0.748441056,0.553997415,0.797362428,0.869831704,0.203626639,0.8820438,0.830074864,0.433271683,0.726132454,0.99325707,0.494983116,0.065821034,0.715426873,0.208411427,0.320745991,0.008196324,0.242421281,0.029478596,0.963548828,0.919816944,0.154355991,0
0.97207886,0.120771906,0.389033439,0.657526361,0.537768336,0.458321419,0.825633811,0.199816684,0.066980803,0.281330044,0.024884612,0.870011709,0.99864659,0.224222405,0.767521733,0.292755012,0.633392371,0.332168269,0.441659313,0.677976794,0.575566597,0.028375392,0.853881926,0.774341304,0.258853408,0.294937266,0.111265454,0.990156782,0.092013094,0.434316862,0.415029127,0.533391203,0.302050548,0.538642051,0.971820209,0.12265735,0.863916831,0.575346742,0.791497532,0.575080909,0.966761236,0.96074278,0.525893312,0.787794518,0.1881898,0.140384918,0.387187241,0.489404607,0.628672004,0.251923389,1
0.511359548,0.593168896,0.367329362,0.400084017,0.902685653,0.105892117,0.637289867,0.559358888,0.017261379,0.419476277,0.525814323,0.807618511,0.294314436,0.172345943,0.728813661,0.291337472,0.192431043,0.583601272,0.523391901,0.53850599,0.992514541,0.417124679,0.990274801,0.813211135,0.739110629,0.024900156,0.796907929,0.907550905,0.650706936,0.874917238,0.972572608,0.177944905,0.738576395,0.886882001,0.661870856,0.853720369,0.110805289,0.606633432,0.409830999,0.542073793,0.394940007,0.588130675,0.296718465,0.561495363,0.712309645,0.424362873,0.868851081,0.75094229,0.270271864,0.624112978,0
0.931216105,0.154472101,0.673123258,0.069135629,0.668574015,0.634186682,0.262521199,0.56724996,0.15333427,0.662348521,0.673887784,0.43732166,0.248324031,0.698327282,0.260703437,0.611395409,0.977706969,0.420950087,0.779429142,0.561452507,0.266506998,0.017644845,0.239977133,0.675532806,0.652394595,0.137341243,0.86965879,0.558324184,0.746234065,0.589876316,0.290506882,0.839139889,0.138758052,0.436801739,0.909764308,0.5754277,0.463209751,0.797643841,0.224547164,0.418201533,0.508900542,0.611445151,0.108999223,0.255627877,0.908863474,0.864572625,0.215951384,0.565611999,0.705147165,0.94305481,1
0.944861166,0.038666638,0.484480704,0.529108902,0.487926226,0.566162957,0.854081452,0.467649245,0.978815552,0.896527397,0.225610164,0.736627484,0.443493488,0.799794247,0.512177915,0.038008492,0.44076665,0.269544192,0.155524856,0.795191781,0.600641906,0.563170728,0.515147096,0.213069337,0.727905688,0.403148309,0.473434382,0.843747282,0.075889554,0.078686385,0.810050152,0.329014103,0.458312652,0.794053776,0.623032158,0.786114055,0.605795677,0.615930696,0.240695846,0.856312251,0.977336531,0.884709258,0.654702171,0.68773871,0.680397535,0.770917086,0.40089591,0.135706473,0.797804101,0.486850141,1
0.186135411,0.112155375,0.409108933,0.947814596,0.825332842,0.22263962,0.292740596,0.280066626,0.812378084,0.572462069,0.748562831,0.837181124,0.601385257,0.558050022,0.817936855,0.965839483,0.136426438,0.970263097,0.011115551,0.161770716,0.692077133,0.783481665,0.71666077,0.841404853,0.386742321,0.267758596,0.456471656,0.562048007,0.699370818,0.200586756,0.534858611,0.270001925,0.521985546,0.429593542,0.778021758,0.732482724,0.5634548,0.347624624,0.903734051,0.615801293,0.545428018,0.962191296,0.111779301,0.129949934,0.262928632,0.255018507,0.689473197,0.887826541,0.501959226,0.60026682,0
0.323813996,0.799135436,0.982233119,0.396333936,0.219728637,0.373890785,0.955393029,0.855420741,0.62764132,0.50989873,0.653012389,0.388562226,0.925828163,0.833999065,0.674298425,0.475569672,0.005565178,0.076592979,0.613384893,0.90194858,0.594317428,0.3771957,0.296468215,0.842397734,0.814899682,0.018084452,0.446703049,0.222479923,0.320564538,0.346173628,0.922035634,0.991683826,0.238524509,0.17384445,0.7515732,0.288375256,0.73316935,0.081940432,0.018551343,0.844695348,0.356770724,0.417821418,0.867886609,0.961569749,0.463619241,0.260544456,0.677563679,0.751832895,0.410760089,0.230473587,1
0.509353647,0.789726852,0.92255186,0.79787113,0.119235814,0.679345457,0.778103756,0.827961677,0.135567084,0.659960846,0.948752548,0.735162469,0.973956175,0.773974477,0.233897422,0.121483003,0.017573028,0.406541259,0.104592633,0.683432444,0.754622425,0.091780658,0.43076082,0.678478903,0.697627512,0.609174961,0.969306476,0.566844641,0.961868405,0.304114555,0.997487536,0.126479819,0.979217363,0.00491104,0.367250858,0.013440336,0.976003231,0.980606259,0.029980732,0.483150001,0.899236779,0.870207509,0.903269703,0.496288297,0.93367105,0.946514589,0.846005821,0.106953687,0.291284103,0.415270295,1
0.501996513,0.546210125,0.063275255,0.836002658,0.517361468,0.712238557,0.201366528,0.653473227,0.253666195,0.428312023,0.586835762,0.223417592,0.27156885,0.903351557,0.708666273,0.144921345,0.943718285,0.142785425,0.366276587,0.579988159,0.447877362,0.882663062,0.162014557,0.134269628,0.84796616,0.003035344,0.256628239,0.132363446,0.874028443,0.061906767,0.43247394,0.226690619,0.091088872,0.00372,0.893552591,0.592578521,0.536635461,0.978723134,0.190107673,0.549428211,0.434040512,0.303525946,0.783970112,0.606388919,0.057239696,0.119345133,0.22724677,0.756337986,0.82489115,0.391676575,0
0.487144855,0.721946107,0.046102409,0.764559546,0.366162605,0.159559156,0.654185106,0.906257227,0.461510985,0.911000965,0.66983035,0.518248359,0.231914591,0.413684284,0.55304079,0.880614765,0.918553541,0.881011063,0.748072275,0.603710859,0.487560875,0.859436278,0.972296082,0.757409262,0.870780693,0.438714736,0.431696764,0.488822234,0.676229785,0.164301148,0.956351683,0.614758934,0.376884219,0.092341886,0.365687516,0.870444728,0.053356493,0.781512515,0.252725406,0.518327742,0.751095583,0.47383059,0.74106456,0.522017728,0.166838442,0.328045601,0.757878936,0.459384024,0.307369858,0.38864096,0
0.396175214,0.001224547,0.912589952,0.34712306,0.286910903,0.608562484,0.813519361,0.312517706,0.538283293,0.27141649,0.688347971,0.528300913,0.382147332,0.573553842,0.783936157,0.358096647,0.049735865,0.002784773,0.322070279,0.937818904,0.258492262,0.084325164,0.943955219,0.371921061,0.984440684,0.967780166,0.492307353,0.022103966,0.124710732,0.982808456,0.062789389,0.316190758,0.683774558,0.622881746,0.504719931,0.08184505,0.630645698,0.448082966,0.778698319,0.360905625,0.214892195,0.272265837,0.270921198,0.499678956,0.593858511,0.421471174,0.032248839,0.282584587,0.326361876,0.122673662,0
0.28651143,0.284623568,0.092357122,0.167844556,0.735144567,0.124685851,0.714157074,0.524593587,0.685730575,0.428882473,0.082419873,0.323615959,0.131928188,0.506160116,0.501308707,0.734160404,0.567849585,0.491828546,0.209045247,0.057201567,0.669066664,0.433923431,0.714809913,0.978490474,0.808377111,0.679783052,0.208652456,0.817069286,0.738354634,0.953999723,0.942459715,0.59181131,0.000856228,0.014658809,0.273485954,0.59891977,0.45009921,0.794926398,0.312834624,0.261366417,0.340824816,0.986340185,0.067006209,0.477071349,0.103597452,0.915971428,0.432643064,0.722108131,0.428158017,0.605368416,1
0.262758564,0.016164185,0.027512448,0.803823659,0.462118989,0.152090875,0.39759977,0.388483697,0.605883762,0.140344442,0.001195504,0.483416051,0.651504168,0.582392327,0.127483856,0.495468851,0.898473134,0.519350253,0.023639234,0.755011277,0.062634797,0.955914321,0.374920716,0.222377693,0.711364466,0.116188038,0.233610458,0.470374084,0.670898609,0.970784118,0.91623086,0.181383376,0.207397685,0.592932656,0.937963179,0.140180573,0.317094439,0.680851143,0.369418637,0.094000941,0.119124977,0.508506659,0.883511002,0.832352045,0.148972343,0.69412127,0.541117376,0.706060028,0.651973336,0.342459654,0
0.302369721,0.519856485,0.021382004,0.26440506,0.326899631,0.74664324,0.776196842,0.792047282,0.419098119,0.789390828,0.786492457,0.581083206,0.205090416,0.877434988,0.483339746,0.772907862,0.628667037,0.205129284,0.495792088,0.511274667,0.274703764,0.311863026,0.548610313,0.406648473,0.050819603,0.396474315,0.07164386,0.537005837,0.246660757,0.619672289,0.12488284,0.848543041,0.57479052,0.53722099,0.829955881,0.973162363,0.508723357,0.738054008,0.457682239,0.461202344,0.692744754,0.746810617,0.789239475,0.612431565,0.891148515,0.709353455,0.358535112,0.832202098,0.303874149,0.388640298,1
0.830989552,0.455422261,0.166164918,0.944485523,0.248216631,0.789801106,0.43706428,0.792329929,0.111883481,0.902637375,0.81312154,0.167320781,0.201857322,0.196806875,0.811648644,0.647244044,0.767884323,0.232436336,0.133795334,0.636491763,0.874733018,0.8143492,0.012108672,0.938015935,0.433710079,0.252897027,0.844572337,0.529194546,0.294653646,0.083405537,0.285451111,0.281573381,0.168427342,0.43102277,0.775930287,0.317181128,0.971547541,0.541887396,0.575964338,0.180048323,0.92930742,0.941590901,0.903705573,0.25772067,0.966339806,0.861681803,0.111933592,0.087398938,0.262637399,0.16397786,1
0.799823962,0.236211281,0.898655202,0.474101665,0.867798144,0.476822657,0.15870745,0.915990414,0.044585876,0.487801541,0.22651056,0.346138408,0.96621562,0.098040254,0.367736705,0.441853477,0.63905329,0.311123675,0.779438591,0.969317964,0.668623952,0.103153345,0.101141988,0.272628262,0.319792527,0.784335633,0.323515034,0.073992065,0.082292529,0.919363277,0.776083523,0.44174037,0.042423379,0.726863987,0.100627705,0.838529537,0.759955851,0.739824179,0.348201216,0.824491576,0.138904696,0.137161648,0.333019567,0.092260092,0.406794773,0.138937957,0.881452547,0.671363305,0.402342529,0.532252116,0
0.804066322,0.615383512,0.697040966,0.779052264,0.222418269,0.744429298,0.638753618,0.550800456,0.619616343,0.989174539,0.212924438,0.802270935,0.492858627,0.282846955,0.17921129,0.729577729,0.79823891,0.065320942,0.986502525,0.842197957,0.522893774,0.991050866,0.377893459,0.336950836,0.328214687,0.405222316,0.779351513,0.635093267,0.643092642,0.280975517,0.186361847,0.353260184,0.552481719,0.275175875,0.732703424,0.900859985,0.232818711,0.285564908,0.199997848,0.293515061,0.918950211,0.417625742,0.888421527,0.727495928,0.720447573,0.402915973,0.1807968,0.562881386,0.113251767,0.394946568,0
0.727061992,0.765075385,0.655829262,0.271900038,0.047491625,0.759024868,0.053439573,0.060248015,0.605533038,0.43665375,0.118474993,0.225080846,0.86612184,0.681340246,0.205713297,0.305237033,0.425316575,0.385190536,0.47050689,0.234899953,0.482853277,0.182119481,0.552698459,0.614049038,0.902406002,0.390500765,0.238365723,0.699640562,0.943381629,0.016923402,0.258728042,0.067400154,0.956946892,0.835158121,0.045148147,0.572730436,0.327383301,0.501634558,0.503834212,0.87407806,0.930005256,0.562306577,0.913866297,0.391793112,0.754893839,0.94680797,0.957647994,0.175728775,0.051749229,0.094913524,1
0.723563516,0.696992206,0.083117331,0.824511073,0.297820585,0.81209049,0.866022126,0.722036395,0.048890327,0.299581635,0.978063936,0.789382023,0.044438701,0.250290057,0.849827522,0.580607724,0.673640953,0.477669871,0.478720519,0.770734047,0.463131834,0.807125177,0.405129518,0.687249319,0.224873999,0.690432174,0.253573493,0.873972947,0.587343988,0.831253727,0.33602243,0.244044252,0.341048972,0.051155153,0.879350227,0.722069752,0.488334546,0.824216023,0.095766806,0.685362091,0.942138408,0.391561753,0.759320045,0.868188199,0.480858149,0.684972138,0.161319507,0.252219726,0.23829274,0.257023939,1
0.240249249,0.851719,0.825676365,0.316282705,0.256917802,0.665807828,0.61307865,0.537844679,0.172630804,0.778129784,0.766181058,0.908079579,0.0628039,0.346648131,0.531183767,0.362811431,0.268455379,0.552081704,0.090033046,0.26419708,0.088659706,0.306668324,0.930339269,0.77629639,0.999027497,0.315653828,0.719640498,0.049014298,0.355020679,0.935904368,0.36304825,0.850961966,0.163193703,0.858306237,0.37887336,0.309989089,0.485547333,0.442808657,0.472933763,0.985002156,0.300787297,0.339703364,0.879503271,0.588323499,0.835366001,0.0957668,0.29147692,0.615609833,0.405619869,0.761277536,0
0.875567881,0.170168348,0.926443583,0.740983313,0.034104534,0.922787091,0.289462586,0.143732022,0.033776842,0.104188905,0.094782171,0.06686123,0.969412282,0.598643759,0.317264872,0.987285029,0.761447945,0.822204178,0.922340696,0.14121215,0.767005471,0.293168495,0.449306436,0.027050826,0.682890334,0.276134814,0.309682142,0.801683796,0.346168059,0.542417662,0.436584645,0.878926476,0.257659748,0.967493522,0.984343164,0.328223166,0.420993115,0.050967678,0.817975514,0.23721872,0.283123808,0.865756005,0.049354283,0.487038941,0.895560664,0.113535314,0.671632705,0.483133822,0.348488365,0.677974712,0
0.907950742,0.351964999,0.048869557,0.790076616,0.062272913,0.734214794,0.508889561,0.660330954,0.913313893,0.611524043,0.851836597,0.152156201,0.238508787,0.070091914,0.409110876,0.084816913,0.249107975,0.798855916,0.290588568,0.333828855,0.749827908,0.30867978,0.119383084,0.904035971,0.972956287,0.580683771,0.843857826,0.459819073,0.387859298,0.732086476,0.311023127,0.322011137,0.490872211,0.125998341,0.842605023,0.179611011,0.875518344,0.19979094,0.366418188,0.2538735,0.39562029,0.111524372,0.431773986,0.407514721,0.270828558,0.414167895,0.410335602,0.421632541,0.070725323,0.701153063,0
0.449038582,0.914254983,0.826702629,0.236157414,0.157774446,0.749659057,0.881608702,0.719346548,0.813617917,0.838658953,0.729865664,0.44069207,0.459870318,0.537028832,0.150204465,0.196399008,0.204873524,0.219738621,0.751658729,0.529974947,0.94329784,0.43388747,0.577052566,0.332499033,0.474106093,0.424041531,0.972219843,0.95519303,0.193573926,0.472645899,0.843225898,0.213563246,0.602227653,0.810696328,0.001997411,0.566161923,0.412546983,0.375478334,0.054482041,0.648299632,0.436614244,0.845909865,0.146331349,0.218313948,0.82171077,0.983677139,0.187468447,0.894954184,0.492191081,0.760442503,1
0.193200933,0.092899658,0.826068754,0.476418273,0.072847894,0.129630843,0.903431458,0.523038991,0.351967939,0.91953535,0.788797292,0.417980437,0.919350853,0.756005959,0.03578125,0.991254394,0.609616551,0.370941403,0.820556038,0.555062236,0.334773563,0.44482922,0.630866492,0.882719427,0.889108596,0.545648077,0.587671156,0.417739025,0.78477891,0.344487301,0.571647234,0.373551457,0.728091856,0.680433764,0.73610164,0.602152907,0.847890956,0.146528664,0.363966039,0.881804307,0.78825803,0.080587645,0.163720394,0.648649857,0.696611007,0.536356204,0.733590396,0.846742959,0.822939104,0.814513886,0
0.941373121,0.605815076,0.18473702,0.285857569,0.556876266,0.718705251,0.434461958,0.898949469,0.242556579,0.325847424,0.826380119,0.888620183,0.913557755,0.977083976,0.249340387,0.398168879,0.881497923,0.396289186,0.330269892,0.444617775,0.776590183,0.247875801,0.244154098,0.793729075,0.406676442,0.394975731,0.300764089,0.843115563,0.077952079,0.824847335,0.872577236,0.59091041,0.310257285,0.285413823,0.285798807,0.421367285,0.97817292,0.943972439,0.18388442,0.369915246,0.63817801,0.747576234,0.936877393,0.293298096,0.836037772,0.419895595,0.791022658,0.83995926,0.45294596,0.052438465,1
0.786371296,0.52469892,0.767667785,0.725383284,0.452014938,0.728063201,0.626109478,0.724585898,0.193780097,0.322214954,0.482426275,0.611208896,0.29622479,0.257592198,0.102560719,0.262143706,0.101909762,0.089112141,0.035968748,0.036682973,0.247830676,0.034247036,0.36611099,0.853367585,0.75270241,0.164445833,0.306722942,0.588235326,0.882142814,0.593768938,0.638496956,0.287342599,0.95284888,0.410999991,0.190329237,0.209174498,0.224914718,0.69372489,0.405047799,0.347606289,0.651598416,0.104552427,0.945744075,0.78761384,0.412798804,0.622578218,0.903952481,0.925084464,0.846497788,0.455378571,1
0.149510483,0.616916104,0.925577016,0.281092528,0.758217078,0.402952678,0.493273178,0.728457219,0.737406986,0.520959554,0.860460123,0.945882026,0.104673499,0.424944594,0.978209365,0.277652343,0.890044596,0.904670084,0.804617096,0.968588671,0.718010064,0.83572435,0.353936442,0.522850917,0.347850293,0.484682327,0.980456396,0.68001722,0.565900517,0.95897828,0.596090491,0.374602932,0.762377695,0.850657841,0.347515162,0.036160413,0.627196524,0.106241105,0.522573651,0.088182418,0.976102243,0.631975354,0.441271414,0.769311,0.990809278,0.527904838,0.036674144,0.105353698,0.404306145,0.001768675,0
0.051790837,0.962907919,0.484126859,0.60324302,0.290026435,0.038726888,0.517384121,0.166549846,0.667870571,0.492674684,0.796540003,0.900620386,0.28418936,0.812085424,0.104268771,0.103211728,0.921129207,0.602380425,0.306689852,0.174805043,0.115715798,0.824079971,0.827512238,0.756089378,0.906997395,0.744999963,0.114479804,0.077604034,0.557184483,0.723476374,0.66766637,0.821959225,0.606654413,0.444150803,0.737187595,0.976773744,0.850317014,0.201507609,0.874884688,0.595449451,0.494571813,0.587158243,0.685406514,0.166875264,0.004529584,0.494927775,0.342893126,0.191238969,0.229367756,0.085013127,1
0.643893337,0.281283046,0.69642331,0.737321345,0.861013596,0.139121591,0.824594464,0.180758779,0.223371756,0.238805594,0.349176021,0.914387474,0.148298851,0.17955541,0.585924023,0.566871415,0.022286264,0.351952233,0.991788357,0.590474566,0.583744034,0.229462164,0.772920594,0.234977627,0.170913264,0.540210481,0.995003474,0.583214627,0.645494205,0.062274456,0.396292879,0.784182851,0.6505046,0.482032262,0.194378177,0.189449878,0.614030933,0.286696067,0.219177487,0.787016708,0.873604071,0.596690706,0.419794203,0.21699819,0.093323232,0.811738713,0.984613274,0.14115276,0.760999013,0.993326225,0
0.293108741,0.193195374,0.883656057,0.604657776,0.49869165,0.008120496,0.810953117,0.298172351,0.989938332,0.861285515,0.46735506,0.381351645,0.115613136,0.992448673,0.016414207,0.109088155,0.632155173,0.949396153,0.555577085,0.5351962,0.305609582,0.067442637,0.654105201,0.097963784,0.447278756,0.835574276,0.114499797,0.440301496,0.840643729,0.96538358,0.590953045,0.32986925,0.453294077,0.26231012,0.552253838,0.936198532,0.03262178,0.49169044,0.308907013,0.67881995,0.496477694,0.925286113,0.321015025,0.388084987,0.333538678,0.79186074,0.074502625,0.000427555,0.560363468,0.154130387,1
0.622259643,0.513303219,0.535559409,0.541221932,0.951164534,0.351923113,0.93431638,0.198197795,0.05421973,0.785890676,0.670805068,0.982559414,0.961623051,0.991268809,0.902613765,0.757869855,0.043466407,0.513299396,0.142761165,0.416895017,0.019578847,0.499174497,0.764148899,0.769335232,0.337657505,0.9389848,0.459258636,0.78543501,0.198723029,0.468453589,0.765725369,0.263979635,0.578327529,0.864103059,0.608841851,0.864790887,0.554260791,0.616428678,0.428537155,0.778513574,0.43630327,0.995036943,0.24125338,0.418216422,0.99319169,0.857141411,0.176047783,0.201609567,0.149962258,0.777902716,0
0.231114341,0.156225705,0.919191008,0.944019698,0.797922487,0.000893077,0.233095039,0.583338205,0.64083324,0.712397085,0.062112968,0.066582647,0.133409653,0.415576723,0.068115358,0.374481189,0.281480921,0.197770435,0.001717397,0.213881265,0.330886526,0.769619453,0.057872096,0.062448322,0.523565001,0.663982731,0.315213037,0.829419421,0.008153202,0.056703547,0.555887454,0.011487832,0.240474196,0.685066683,0.506466476,0.306569984,0.13689464,0.317220007,0.853367319,0.903790689,0.050425903,0.48327413,0.235059219,0.934159295,0.264885456,0.436302637,0.713144471,0.401295912,0.185225203,0.255438043,1
0.675599206,0.929145885,0.58978354,0.47620993,0.025816057,0.490983735,0.938976716,0.098940427,0.93400178,0.284926605,0.838059129,0.639099971,0.538880132,0.4328352,0.523720732,0.223171381,0.698691345,0.198485447,0.002863809,0.410583155,0.933396562,0.68135979,0.889356782,0.997690744,0.454602432,0.956813646,0.157775074,0.896922961,0.187320732,0.56043359,0.594648431,0.184110818,0.897744061,0.62373648,0.179395347,0.073947652,0.744348204,0.129838839,0.990732624,0.781452931,0.354488043,0.473031264,0.747066328,0.079076282,0.060444839,0.284626498,0.521693625,0.853314624,0.756923828,0.384612924,1
0.60016747,0.835301484,0.169130362,0.548966181,0.139029492,0.078481371,0.467529514,0.894119108,0.478177073,0.95206366,0.062201507,0.494588853,0.498487216,0.626081175,0.512569829,0.293382597,0.520409791,0.210975006,0.510654466,0.502824442,0.871313795,0.124800545,0.958552179,0.952764003,0.938228599,0.645284725,0.538646202,0.181296568,0.345622202,0.593608515,0.016695665,0.160007298,0.890539641,0.95432561,0.361484083,0.773589593,0.512798493,0.226174537,0.540786885,0.513089151,0.738756926,0.866802526,0.449993621,0.540951334,0.136385706,0.968284606,0.399553227,0.25325817,0.309426709,0.380345446,1
0.815294928,0.835408384,0.575151994,0.979532652,0.48412351,0.907624244,0.234398183,0.26337777,0.343405243,0.026828085,0.13165007,0.323487189,0.633104057,0.741287391,0.292897121,0.610044239,0.380869506,0.481391664,0.585441197,0.697510254,0.29137574,0.855284744,0.683240231,0.289003289,0.339109452,0.74500766,0.621838268,0.546765961,0.375272094,0.268482628,0.494905566,0.44916882,0.89404378,0.044845002,0.066609295,0.442387872,0.136740696,0.662640774,0.252055036,0.128726815,0.208500236,0.49031644,0.834118348,0.292879625,0.394438487,0.163941276,0.151505229,0.195103898,0.953146321,0.643624243,1
0.671715167,0.536586785,0.293109687,0.984389052,0.604139079,0.140566212,0.927536583,0.927618155,0.0081643,0.809797797,0.175474212,0.183055916,0.111129544,0.159111917,0.74180497,0.888162223,0.043663146,0.220084781,0.042585308,0.050051086,0.158276603,0.985700435,0.201094117,0.600676276,0.429843057,0.289008528,0.788182475,0.041539409,0.486659403,0.066664675,0.050175296,0.772374945,0.493636949,0.572575259,0.837423011,0.934743147,0.28862986,0.625396228,0.468809189,0.803701679,0.482523275,0.732472741,0.861723029,0.832342362,0.435772542,0.911460596,0.742281721,0.917278148,0.695971749,0.668943857,0
0.460757135,0.114681002,0.125205344,0.277672068,0.272871338,0.840827177,0.165359354,0.393635745,0.089205281,0.841092706,0.598135459,0.493462226,0.518826976,0.510477348,0.81223142,0.280670747,0.55954573,0.675054532,0.59595113,0.622952213,0.224191736,0.372387552,0.810014564,0.379481787,0.144500076,0.177018246,0.276035373,0.452334063,0.218127949,0.360131241,0.599040265,0.464067978,0.084650825,0.168794342,0.379376087,0.653278485,0.80427561,0.212205555,0.528335733,0.480646002,0.473484417,0.324040942,0.983157351,0.263537938,0.113892014,0.679682485,0.250157557,0.692343766,0.810914712,0.790440353,1
0.191315933,0.378554351,0.789598913,0.258635091,0.654255392,0.757960015,0.522674099,0.293748161,0.061493051,0.935468766,0.680124481,0.329255819,0.21948311,0.268219448,0.13541826,0.108723382,0.224770733,0.138398412,0.806650553,0.925677902,0.935658722,0.605601691,0.445318432,0.977902338,0.201317231,0.272099839,0.568545356,0.892606118,0.009315215,0.259895765,0.658020723,0.380573278,0.793491392,0.33649113,0.605814699,0.168023778,0.183134954,0.488489998,0.451343919,0.111700371,0.494890968,0.554265925,0.380452123,0.243005644,0.292375918,0.009145956,0.832902174,0.205993721,0.332473267,0.129571151,0
0.985197178,0.630739995,0.726596581,0.220117923,0.27139269,0.545444484,0.82087305,0.093249601,0.739498576,0.325218797,0.351786809,0.307078195,0.741586078,0.38172863,0.198607817,0.709912453,0.366229033,0.877431971,0.747732033,0.644168641,0.859448506,0.612076222,0.41611335,0.011098146,0.59388936,0.172579426,0.139593891,0.890603176,0.60881677,0.945068231,0.425572356,0.672272638,0.438660707,0.640566385,0.263513759,0.429661292,0.368587129,0.70218045,0.070629248,0.844024152,0.003012791,0.248432605,0.702253216,0.39299409,0.153853406,0.211814794,0.978102119,0.579796271,0.950511301,0.540325614,1
0.439800133,0.535029475,0.188388951,0.986679885,0.572470835,0.677367842,0.480105483,0.167871057,0.648840942,0.18037446,0.789442296,0.428970457,0.931433517,0.691397909,0.698471142,0.117293349,0.265412622,0.063289463,0.257706404,0.107779739,0.851011163,0.345051171,0.488654006,0.861604981,0.352838363,0.51538534,0.974865901,0.907700508,0.988632785,0.855058173,0.616969948,0.130490184,0.082233594,0.800262461,0.06224971,0.635990543,0.872139105,0.283709909,0.25802344,0.459798864,0.93901538,0.254814976,0.776012829,0.825951409,0.038025794,0.255724858,0.357364061,0.687421269,0.912187463,0.274670405,0
0.511689761,0.430351694,0.519407486,0.001955883,0.021799633,0.556528926,0.15662564,0.475815922,0.116975684,0.973416085,0.461158591,0.663838946,0.120695665,0.97159384,0.506670162,0.897598256,0.114326936,0.299069467,0.893572588,0.40249165,0.783950021,0.180170888,0.508913897,0.397579487,0.722652362,0.306723272,0.524825053,0.935651561,0.097735621,0.617517992,0.71339763,0.768225676,0.634100832,0.885469494,0.579962632,0.50979584,0.433988743,0.420727709,0.654361562,0.721889232,0.722089312,0.115019337,0.829054209,0.463967799,0.615761841,0.481890408,0.271842718,0.520255924,0.37292866,0.42015998,0
0.166877957,0.976022452,0.321400449,0.455502811,0.156703852,0.072414306,0.532843369,0.318644232,0.225167382,0.866662782,0.012361671,0.799804301,0.6424658,0.278202877,0.542203799,0.083378115,0.861754376,0.988226202,0.863867328,0.260156735,0.442941434,0.761120446,0.980626805,0.947294802,0.519174582,0.703571467,0.712137225,0.894233263,0.12401193,0.108558225,0.843216479,0.771041586,0.021126738,0.799538652,0.942668452,0.71102153,0.20246674,0.39086519,0.982341389,0.345858565,0.648197308,0.573458766,0.702150038,0.798346053,0.346927626,0.690963124,0.704799453,0.773048144,0.025215688,0.877134978,1
0.564284649,0.215961929,0.697634928,0.117087709,0.425246679,0.135691774,0.697846301,0.2337627,0.170912417,0.147843816,0.45498012,0.130103162,0.999850904,0.590356148,0.310437742,0.056024353,0.081387883,0.987250596,0.467596113,0.428205874,0.053524571,0.848613428,0.187659019,0.510708592,0.447669527,0.928906638,0.356262009,0.357530841,0.663314941,0.118940205,0.371126181,0.790654246,0.40022436,0.931659802,0.67227262,0.937578262,0.764070404,0.070843526,0.100884137,0.176229212,0.777316888,0.889891055,0.526958357,0.618790868,0.556488411,0.880368683,0.919821449,0.363770451,0.742746257,0.334118922,0
0.005615238,0.224092904,0.065433796,0.795432821,0.861473693,0.798766305,0.135919956,0.550623283,0.209080365,0.687605167,0.595905238,0.067453002,0.653813583,0.105645307,0.687964736,0.102336781,0.234380607,0.906161708,0.689645077,0.327052639,0.927045722,0.00320502,0.050422814,0.426201823,0.891404414,0.921816031,0.386205799,0.532877492,0.069418002,0.982333613,0.098104051,0.388563901,0.64453967,0.380337127,0.829648077,0.957580179,0.830313821,0.750613751,0.670666163,0.723509745,0.319534846,0.115639834,0.486320597,0.413272759,0.112912688,0.023700568,0.52985632,0.067884997,0.867195608,0.499982478,1
0.453288566,0.296756954,0.309610932,0.989589251,0.161121778,0.232167103,0.088977885,0.072771558,0.447365275,0.535180965,0.945836933,0.008764029,0.632076141,0.992320257,0.739181047,0.595929229,0.286467226,0.04724205,0.526917421,0.221801785,0.376707694,0.700112968,0.911233532,0.095320093,0.142484184,0.657822616,0.242072091,0.620234025,0.570879183,0.811321264,0.875116164,0.325776256,0.346129217,0.124477876,0.684981795,0.855257724,0.881287529,0.372925773,0.468666316,0.116140589,0.50341415,0.689442776,0.676328003,0.22059418,0.736619396,0.778129834,0.326116052,0.928398615,0.347172424,0.363798477,0
0.441237324,0.915278861,0.102200047,0.904247572,0.39258229,0.107892865,0.407150889,0.983620676,0.461616945,0.598973626,0.288102009,0.915859947,0.973123635,0.162923216,0.977208284,0.325159483,0.422081796,0.288839832,0.187410785,0.199103799,0.916371424,0.536661742,0.414144041,0.702914416,0.183090973,0.491802371,0.700156219,0.878764153,0.383322876,0.86348632,0.504081819,0.971258979,0.302753082,0.810163521,0.976960392,0.22883161,0.616740244,0.708075963,0.630384661,0.672952393,0.884383901,0.334754142,0.973346508,0.184898649,0.168821722,0.732713434,0.373983799,0.141558385,0.29871325,0.338199793,0
0.692179169,0.076766652,0.403691321,0.633986715,0.856581933,0.533902162,0.721609159,0.464701131,0.39414567,0.251135198,0.124889448,0.955016273,0.222515135,0.134008021,0.14327278,0.513982717,0.776321299,0.975034537,0.462654338,0.785862569,0.403677286,0.304483097,0.730987543,0.888766148,0.076405868,0.51010745,0.577019878,0.40592075,0.104619691,0.316439206,0.876032052,0.144155684,0.841580771,0.017911301,0.117028318,0.334098384,0.437493114,0.06390032,0.352318831,0.105025146,0.229099119,0.709593991,0.637068772,0.330386886,0.230394425,0.875690153,0.908575058,0.879071062,0.05288573,0.084619163,0
0.168644185,0.940081354,0.442198718,0.538612852,0.76709988,0.6230291,0.085127699,0.967679597,0.035583276,0.405434062,0.814199962,0.49705284,0.129284765,0.258433611,0.9951667,0.728902051,0.726959124,0.528896617,0.163814635,0.91116577,0.199382724,0.752899962,0.222531369,0.112993928,0.98211025,0.073630016,0.174445604,0.071722118,0.374583017,0.946226581,0.834627274,0.288802836,0.701230762,0.403287445,0.652313879,0.011465856,0.961792051,0.92133059,0.289778003,0.223981212,0.237790191,0.37181444,0.540406343,0.731911816,0.654442183,0.233441751,0.001264357,0.923885392,0.874075544,0.648405439,0
0.564963621,0.436413373,0.252581197,0.949174318,0.542608828,0.188725477,0.842017411,0.81353285,0.066935591,0.363236044,0.651485636,0.819118094,0.04979008,0.950070294,0.773722142,0.255924674,0.0084889,0.962750272,0.90457015,0.86342981,0.913471145,0.473022806,0.560431864,0.288110037,0.76829028,0.988091666,0.393260509,0.919843838,0.859221771,0.16685581,0.584250693,0.819841732,0.45926136,0.334054469,0.570071744,0.448760018,0.533334977,0.600521569,0.839777034,0.771667002,0.613650992,0.368477769,0.358132355,0.333886272,0.277053695,0.031722134,0.451762603,0.493248972,0.910424961,0.477651927,1
0.206258968,0.963992431,0.751318814,0.901103252,0.691970523,0.782013519,0.897771571,0.596404724,0.229198835,0.480852716,0.617856988,0.195945792,0.146342672,0.850567745,0.666876898,0.991530029,0.777069441,0.754707011,0.611278263,0.698560031,0.117780406,0.58022382,0.001888117,0.588568602,0.220476012,0.249100501,0.501262407,0.818016629,0.580007277,0.151125663,0.897369887,0.304108559,0.997704125,0.974751829,0.951466269,0.902240431,0.312464865,0.221094224,0.735818845,0.140482448,0.128391886,0.115327303,0.264201669,0.766249409,0.409455,0.347304077,0.216896599,0.134644987,0.243354887,0.003231717,0
0.010009548,0.772577663,0.082308098,0.06402773,0.335515056,0.260428566,0.444111716,0.864168937,0.378596945,0.872919442,0.945041691,0.242350886,0.459536216,0.245472016,0.168336166,0.523258111,0.843405519,0.752452101,0.956364433,0.273893047,0.205354305,0.878940062,0.715175585,0.608978007,0.533479012,0.967114509,0.35537642,0.054206719,0.954704656,0.057806621,0.321297342,0.172220827,0.330521074,0.237720351,0.921504444,0.467209164,0.346772067,0.059634568,0.513805899,0.021065966,0.679811565,0.739489136,0.50795526,0.867218925,0.914982133,0.196042597,0.387088146,0.354685186,0.593563058,0.494396317,0
0.8701725,0.739543507,0.417285287,0.284938649,0.817711247,0.247483004,0.779595651,0.052026869,0.316668651,0.001302565,0.910110203,0.36069484,0.551242808,0.177201085,0.39813351,0.930404738,0.285922485,0.041344768,0.059231031,0.242941834,0.963191248,0.744185867,0.426730762,0.835436745,0.760474578,0.637230606,0.958910839,0.147300814,0.521268348,0.939514838,0.78217309,0.016517674,0.763017066,0.982333566,0.649125303,0.459410954,0.939269063,0.384133947,0.677693807,0.817316416,0.905344283,0.664793019,0.519745713,0.264394813,0.119529099,0.349552283,0.460805046,0.52557294,0.73500615,0.739385077,1
0.84853867,0.93342995,0.785195346,0.667143231,0.35671236,0.14891024,0.804882022,0.835168099,0.141234693,0.109360443,0.628207843,0.098378787,0.567234903,0.506402416,0.829234706,0.421574687,0.543435507,0.374906353,0.680782748,0.998428741,0.21174335,0.548889399,0.381110057,0.180902043,0.317512814,0.985551082,0.08426295,0.325869956,0.162909284,0.09876257,0.442946818,0.71979415,0.478369854,0.724745226,0.683206934,0.284981333,0.929222083,0.763794698,0.213915174,0.729894436,0.767493473,0.173318328,0.227565697,0.853314152,0.07962148,0.137676459,0.055445418,0.982915141,0.041813329,0.489146856,1
0.183398043,0.607192176,0.136959721,0.503740223,0.897089386,0.280053548,0.654143421,0.318161054,0.686790494,0.035515085,0.00926787,0.727473896,0.213757886,0.089548736,0.205234607,0.133299295,0.582851604,0.747379659,0.033773083,0.805747786,0.983408026,0.831600327,0.841169702,0.814730816,0.380477055,0.181136455,0.377590885,0.787272146,0.998035561,0.188343766,0.481364025,0.349280554,0.928190889,0.532880051,0.896878175,0.422285774,0.534005877,0.259624327,0.005864941,0.960432913,0.322108248,0.124889784,0.629133195,0.60938643,0.967610386,0.090267417,0.64231015,0.115801727,0.936726176,0.799242922,0
0.41470735,0.221116183,0.128873333,0.984884572,0.47106609,0.381729406,0.923910766,0.899042768,0.082896348,0.293779149,0.634993058,0.0146798,0.096711317,0.839210724,0.333624145,0.839612781,0.4229572,0.689426231,0.856693604,0.20881408,0.869086286,0.87804971,0.797630026,0.235597928,0.365087144,0.914411953,0.296440648,0.197052502,0.13762196,0.352030843,0.787830761,0.711853716,0.890450107,0.753148414,0.055889709,0.79447588,0.017134298,0.578753199,0.546923233,0.793246396,0.862940131,0.67161017,0.087023338,0.913910389,0.423334342,0.897492109,0.090640732,0.200813501,0.034757758,0.288276181,1
0.459954117,0.876248474,0.314698877,0.068106892,0.679760924,0.281492672,0.372523588,0.649204054,0.243692659,0.249589266,0.544871594,0.820137906,0.533168536,0.60815043,0.446029906,0.842432059,0.589063979,0.39481868,0.275488779,0.567792708,0.286795916,0.71316015,0.974076236,0.411136136,0.084204906,0.404278482,0.084599643,0.277252244,0.092795654,0.025718982,0.465477367,0.739537172,0.148799759,0.861027642,0.461476199,0.45479186,0.2546806,0.667097336,0.521665896,0.950602515,0.621110958,0.285186286,0.262502097,0.900282408,0.49251322,0.671491496,0.655631302,0.258317668,0.000130842,0.346201316,0
0.151163771,0.301151396,0.936222263,0.763990462,0.138332194,0.345051777,0.321644585,0.969486807,0.269256318,0.038116207,0.506506337,0.837393568,0.976360218,0.963808394,0.961677654,0.643473288,0.964507819,0.185504327,0.592562543,0.644075649,0.583095268,0.351967146,0.170440299,0.967953583,0.627481684,0.393933043,0.268067385,0.263110484,0.472815345,0.972336496,0.657930377,0.423525213,0.901796864,0.788340612,0.605446678,0.237847294,0.652218992,0.463904705,0.061584147,0.440903367,0.168841475,0.749851047,0.776427216,0.546602928,0.836355011,0.819842527,0.888232003,0.09035478,0.828850384,0.635289257,0
0.848297576,0.465978147,0.958449183,0.915467849,0.294875148,0.068439802,0.577558404,0.10706405,0.502226148,0.982040972,0.530657277,0.606248453,0.960517835,0.370166217,0.377784369,0.955874543,0.664213956,0.87948496,0.801137407,0.866368063,0.417138841,0.781542218,0.948235027,0.242741557,0.253906709,0.941910852,0.169957315,0.06207908,0.707688956,0.996734247,0.714065171,0.121782791,0.803870971,0.933283468,0.278349747,0.784845834,0.553290578,0.805997635,0.510960357,0.4897175,0.643643734,0.803900527,0.65710089,0.855404247,0.095482644,0.253648064,0.101509858,0.120984639,0.894465409,0.192521316,0
0.110286151,0.511123996,0.321410053,0.80465381,0.51925104,0.43303111,0.887200188,0.839218985,0.087644168,0.926582358,0.05322245,0.839054077,0.713637112,0.863798484,0.862842564,0.961862747,0.939061464,0.309060147,0.843649,0.807938916,0.518722527,0.088198836,0.226612578,0.670441388,0.098198518,0.394685882,0.557680006,0.462215064,0.487719898,0.70997587,0.225062286,0.802926403,0.031253858,0.59120993,0.065910226,0.957225466,0.756267467,0.148299326,0.035122506,0.036204422,0.505956714,0.17532026,0.515896722,0.800057704,0.557710631,0.168632592,0.923590121,0.250008987,0.218012045,0.28218814,1
0.392828706,0.498955141,0.836597391,0.276069095,0.594611058,0.692725652,0.546703131,0.733988385,0.317764126,0.185834658,0.811895611,0.713750811,0.187180685,0.155757322,0.6715168,0.120958473,0.136433516,0.544192107,0.107251204,0.613790349,0.164178674,0.703771595,0.802505327,0.087005511,0.348667644,0.657079927,0.276235373,0.340262659,0.725772572,0.415235592,0.066810818,0.891955343,0.801536148,0.457607113,0.770668052,0.117558506,0.143465849,0.404550161,0.45966151,0.154059109,0.467123482,0.907761193,0.40683417,0.572021988,0.929442856,0.333913039,0.5095641,0.118092093,0.171914397,0.669617105,0
0.102095693,0.288419568,0.639398156,0.732416824,0.628278426,0.307625171,0.347013485,0.955038991,0.889195815,0.820943393,0.564115489,0.276522752,0.056804684,0.621000903,0.934267641,0.240070804,0.992104446,0.429025739,0.831209725,0.258280675,0.62103308,0.571035607,0.509768491,0.742231518,0.589162405,0.707117788,0.630440049,0.075679485,0.084420591,0.079555037,0.945111807,0.370007301,0.240639675,0.750030872,0.108674115,0.427530987,0.094579064,0.830228476,0.806873214,0.453141446,0.639230354,0.735160691,0.287622913,0.605483805,0.683224349,0.524783902,0.767319237,0.299750008,0.082388423,0.812734816,0
0.179348133,0.648144289,0.82430511,0.474115257,0.216124878,0.660508634,0.502204418,0.02237719,0.802542425,0.7522102,0.423189248,0.192109817,0.370264649,0.886083545,0.587072929,0.836356924,0.459472653,0.968347909,0.630017448,0.018840414,0.260951423,0.604441112,0.413281408,0.162266464,0.494299283,0.91585266,0.858607107,0.968394092,0.85523215,0.893691818,0.123462963,0.964297955,0.513148812,0.259583845,0.116687441,0.164344499,0.366852913,0.066957063,0.439252605,0.258816459,0.12216777,0.635631099,0.679154319,0.318781183,0.920308277,0.723944745,0.40071329,0.589941319,0.835891084,0.546431592,0
0.562885693,0.209179617,0.210711001,0.690042607,0.874077004,0.09303459,0.538874046,0.617713584,0.46262348,0.505151539,0.756021271,0.644938421,0.402903563,0.14515338,0.276397042,0.770682818,0.084546449,0.95102426,0.171557657,0.4137084,0.436080693,0.38665699,0.500080342,0.45380274,0.551545439,0.247254431,0.199726206,0.464438085,0.681168547,0.773788942,0.877056563,0.475116203,0.478805666,0.206545865,0.607219605,0.835356266,0.205976825,0.911201597,0.008388702,0.291627436,0.116396761,0.01483455,0.625272672,0.109592278,0.885566432,0.227789572,0.309952557,0.597147745,0.747507945,0.111060383,1
0.116838587,0.572270002,0.274927621,0.883636033,0.506006292,0.629475201,0.162327957,0.783370913,0.915950994,0.476720506,0.358926811,0.681669661,0.862652638,0.11418561,0.382079049,0.164467937,0.659347741,0.989879151,0.937427677,0.261771132,0.15288312,0.618368826,0.912507068,0.962498274,0.291595419,0.686081883,0.378167844,0.957026537,0.353177528,0.432548034,0.689520635,0.06942097,0.695276979,0.289247886,0.260014781,0.883060623,0.570712309,0.390515301,0.743469556,0.2925697,0.957350897,0.275651479,0.593627987,0.008215582,0.218652955,0.803722038,0.809738937,0.008298776,0.526127825,0.91671283,1
0.707515045,0.704345887,0.694094387,0.882311461,0.384145062,0.042554692,0.715856044,0.682040171,0.345069265,0.17795904,0.268037687,0.623613273,0.867111625,0.892786027,0.66643274,0.858682054,0.012087296,0.098265597,0.560059739,0.346086113,0.487374386,0.772665904,0.924678213,0.083871376,0.607504738,0.800294335,0.647059824,0.145951052,0.730186818,0.353386994,0.193961561,0.380425278,0.36684544,0.972367814,0.837889261,0.745496044,0.995944928,0.421284559,0.957825905,0.130209974,0.411543916,0.436983549,0.646822809,0.635500482,0.541367615,0.096772375,0.745017707,0.513826788,0.127380791,0.633323575,1
0.031156516,0.938980909,0.637783999,0.86789274,0.086981131,0.927066045,0.704726217,0.430486461,0.836056732,0.049957686,0.126135475,0.134541314,0.846344097,0.430516857,0.878771523,0.900978885,0.325919281,0.320922432,0.28488159,0.865931647,0.976912076,0.261503291,0.103438409,0.367739286,0.989207379,0.158608223,0.972414656,0.118044243,0.848487484,0.031439835,0.063039251,0.541853932,0.219971068,0.906274913,0.636937744,0.257182228,0.667540001,0.539724206,0.17777888,0.911333399,0.489535701,0.255066439,0.759162746,0.114685999,0.479330148,0.958048149,0.829422028,0.867289774,0.347841615,0.952275318,0
0.051001079,0.451810897,0.39252065,0.372973952,0.985194063,0.260032136,0.390146435,0.274793858,0.177210136,0.124064459,0.171553169,0.780797363,0.177293289,0.860573992,0.786943225,0.458997989,0.138190764,0.212902039,0.565298073,0.010089798,0.757282567,0.39400368,0.11425428,0.612755585,0.427743026,0.707272527,0.432458083,0.316503079,0.531752426,0.294818333,0.836415484,0.26993621,0.165062576,0.318607058,0.921102932,0.890638331,0.020348043,0.825856425,0.558603107,0.042122113,0.19381762,0.834167627,0.914596862,0.684993684,0.372911023,0.233981982,0.461587133,0.646469922,0.666938299,0.77308247,0
0.106531778,0.130199259,0.273845537,0.737749435,0.719731089,0.159118773,0.073511445,0.143177655,0.667578029,0.941071813,0.059053932,0.014832358,0.463200992,0.827917179,0.584662139,0.598117567,0.589934976,0.418747514,0.147258314,0.188726566,0.205743118,0.82175087,0.966023845,0.524178908,0.598336701,0.445431279,0.805805737,0.97493629,0.021535156,0.86797559,0.136318349,0.417040355,0.38032445,0.760133446,0.625879224,0.436006442,0.64292639,0.416281329,0.167673138,0.563067238,0.633586961,0.831764507,0.652977039,0.843789332,0.286430049,0.079368515,0.298345822,0.247379347,0.315127823,0.798630968,0
0.674726108,0.780244388,0.985944959,0.91507778,0.784965298,0.606859191,0.336070114,0.926925066,0.995791747,0.100658037,0.742639796,0.261539395,0.460023408,0.772411243,0.635223928,0.002973715,0.67023852,0.883490221,0.953621922,0.106845549,0.441363889,0.447090904,0.772737123,0.552191724,0.598714908,0.132465307,0.122195698,0.596951529,0.661637779,0.078988763,0.02266055,0.606526397,0.60938309,0.86305686,0.006028403,0.922549769,0.487113858,0.55993294,0.976969464,0.16474957,0.488510679,0.864025699,0.994648311,0.483964773,0.523901159,0.206613229,0.434226766,0.449874805,0.756337464,0.61465758,0
0.786738575,0.688478639,0.870546287,0.219953359,0.377140521,0.908585536,0.580079535,0.697825095,0.4753225,0.560447967,0.419783337,0.425298819,0.588284869,0.258684094,0.53928295,0.369381244,0.735997874,0.164523755,0.035067143,0.777834185,0.013565503,0.723433011,0.489163387,0.583502209,0.563391137,0.021010355,0.511154099,0.23588178,0.813699113,0.625579044,0.380128888,0.486691449,0.830377973,0.78942365,0.571296003,0.531837538,0.949023367,0.424014341,0.99439144,0.493909465,0.532434168,0.792579152,0.971116054,0.948516156,0.833035135,0.21920165,0.586134522,0.467488128,0.492076149,0.981484033,0
0.59447871,0.398221567,0.862023814,0.971321424,0.747490579,0.915853903,0.735705797,0.528984155,0.33059129,0.149529354,0.778261032,0.590500657,0.645164737,0.02697282,0.404234252,0.913484681,0.747567738,0.158609098,0.327858074,0.88613219,0.13789328,0.343644846,0.324697415,0.09914054,0.460908071,0.642916129,0.463471391,0.113850531,0.543008085,0.927706001,0.462508236,0.408656939,0.632537195,0.745947984,0.86155369,0.113290295,0.545016178,0.815278202,0.022725819,0.303139967,0.587657375,0.166831115,0.639843888,0.097637993,0.582634174,0.196926062,0.173723491,0.453519638,0.090571139,0.345070793,0
0.00290809,0.847617518,0.912723057,0.556646071,0.060832769,0.359436348,0.351926165,0.660203005,0.847637991,0.543183212,0.123516869,0.98199947,0.056542031,0.85896618,0.025169492,0.127297282,0.921395046,0.958255394,0.077519418,0.596971135,0.351508119,0.698200711,0.122302392,0.80179175,0.396607986,0.804172147,0.54385231,0.266370823,0.10884462,0.16527712,0.955379674,0.490246674,0.383093535,0.488851964,0.730082253,0.424591651,0.957778342,0.854143183,0.148644711,0.362163583,0.621328844,0.711471676,0.252111421,0.293474485,0.07455862,0.218036657,0.414296946,0.335606405,0.514187265,0.245016333,0
0.716725801,0.367663825,0.712383961,0.756781206,0.584239813,0.457666303,0.69854485,0.746376544,0.302001576,0.342833463,0.181592372,0.389322529,0.110473846,0.93856902,0.518979948,0.150420809,0.548785562,0.7346257,0.931537688,0.758971067,0.698201486,0.933791123,0.78253698,0.155194798,0.326803761,0.471325911,0.379383366,0.759189588,0.848735375,0.252810485,0.133989378,0.422001765,0.954674247,0.853503523,0.858953824,0.977204473,0.836238177,0.986422268,0.419799704,0.739464121,0.832047935,0.685685433,0.509905607,0.917881043,0.323941689,0.948280401,0.79608071,0.129707331,0.153886897,0.148649041,1
0.295230012,0.567689049,0.829328634,0.999438887,0.294893216,0.713546545,0.349279303,0.647475723,0.663515546,0.212340617,0.278465451,0.131421087,0.900077229,0.390942444,0.916661205,0.044741444,0.530560807,0.527547187,0.615120894,0.352209207,0.009614743,0.929725038,0.885497023,0.135799905,0.693193459,0.352218835,0.486365344,0.503151607,0.487408023,0.065528472,0.239302206,0.559828196,0.062448009,0.603649907,0.348850378,0.470704973,0.560742429,0.554933141,0.694279812,0.75493969,0.185819824,0.197370719,0.154758044,0.674403599,0.800742085,0.164219624,0.603099195,0.820882868,0.279172417,0.348974994,1
0.830907019,0.613863785,0.533438063,0.238343001,0.547647282,0.901859189,0.325825501,0.410677861,0.783247355,0.405080015,0.256478896,0.547975288,0.308624785,0.314714038,0.062538298,0.324051834,0.61853792,0.374858574,0.881900604,0.492847118,0.890554516,0.307880669,0.571785347,0.472970127,0.428412783,0.219337309,0.680148932,0.30246479,0.341248053,0.669532549,0.024706812,0.716607276,0.579659433,0.550683086,0.013665657,0.983496998,0.702896168,0.068223895,0.483695902,0.06600741,0.783273314,0.772644261,0.546426113,0.997032165,0.207934435,0.167839358,0.885841916,0.354399438,0.603288826,0.06750155,1
0.007477184,0.922186452,0.681285015,0.482458642,0.530967411,0.333201773,0.375973697,0.101434417,0.66930597,0.525852607,0.77961431,0.569285458,0.9123138,0.776626258,0.605052996,0.412585318,0.189641061,0.620443926,0.419065664,0.952366252,0.386451495,0.27916104,0.702321458,0.114226117,0.594324372,0.736205719,0.34064102,0.468723193,0.243306833,0.265324298,0.929255188,0.354710847,0.101502105,0.102340559,0.704184611,0.660540477,0.553947939,0.027625543,0.670744132,0.576021867,0.336501792,0.05273164,0.193760681,0.542377883,0.463360998,0.103341808,0.482504429,0.577379663,0.928051843,0.836135678,1
0.616661113,0.379621808,0.729132876,0.646776752,0.124028984,0.469408014,0.415181263,0.7306763,0.401555369,0.944745071,0.521566431,0.575297505,0.811451501,0.350974657,0.26694533,0.912093523,0.017612491,0.899064153,0.617052571,0.077667564,0.434666588,0.13620391,0.332698483,0.21338097,0.843223451,0.537678095,0.983528174,0.367922801,0.450292389,0.007533394,0.180096114,0.684242164,0.120234074,0.370197027,0.724859022,0.745282897,0.995208441,0.999542188,0.716318189,0.135194551,0.451402111,0.612346878,0.67511884,0.352202902,0.160625777,0.596781289,0.797711094,0.533211786,0.764547568,0.69524666,0
0.18143171,0.643012844,0.89680177,0.964926861,0.588521428,0.261492146,0.183997661,0.751681098,0.043380529,0.137022537,0.303848961,0.546695004,0.793340118,0.637211859,0.08562274,0.601090979,0.507996577,0.023982569,0.622303517,0.193225949,0.758518898,0.384064967,0.656262378,0.750802916,0.797124092,0.762996288,0.064553423,0.433513169,0.143768291,0.967064657,0.617717007,0.303152578,0.580244941,0.222524496,0.484417967,0.534621501,0.409457926,0.640398716,0.580452843,0.699359535,0.480116195,0.447133955,0.577277948,0.8146192,0.381889883,0.000229848,0.272868183,0.471159877,0.639332067,0.539198923,0
0.258529856,0.845736205,0.921591089,0.590328756,0.467835247,0.719519513,0.15517865,0.889798624,0.656517342,0.037265656,0.299871893,0.206625792,0.01720497,0.955166449,0.871834799,0.913150923,0.352837246,0.99572825,0.581468788,0.507686976,0.56335537,0.634860614,0.313024331,0.548853468,0.716634619,0.776026394,0.080157543,0.544287958,0.031136269,0.751621285,0.965229104,0.007623022,0.685002116,0.421011811,0.648792835,0.741690746,0.392858671,0.973558703,0.119912124,0.617106299,0.401431501,0.492502105,0.117391504,0.481775997,0.518948614,0.177226787,0.204392708,0.240542788,0.629204484,0.73014389,0
0.879091552,0.680709232,0.745645072,0.815024957,0.876908609,0.446036723,0.490392365,0.358243966,0.425145203,0.793790823,0.397497677,0.356191682,0.852761021,0.53658381,0.357091309,0.277125392,0.53137002,0.354151746,0.977750525,0.539878317,0.694122295,0.023661007,0.506412559,0.633953066,0.140538653,0.898637311,0.195645692,0.497085663,0.683218873,0.851175282,0.077296843,0.664176241,0.227557289,0.430726162,0.332181127,0.44908251,0.941723601,0.708908824,0.907286348,0.674543133,0.476036443,0.216889041,0.440290609,0.121805776,0.706565835,0.540313764,0.789404417,0.04097157,0.579614059,0.511845735,1
0.279178285,0.128181709,0.903991975,0.749400055,0.364116204,0.926072004,0.148457952,0.64221349,0.45863839,0.443297931,0.475135212,0.016059593,0.234136434,0.331650932,0.513000063,0.614350046,0.674004493,0.617009957,0.726905392,0.397892694,0.608990698,0.305218561,0.054067334,0.85476518,0.375687124,0.025673145,0.868801558,0.563191089,0.02502667,0.945114415,0.701883169,0.065662655,0.690221253,0.546253868,0.707837285,0.175973175,0.968146353,0.656215231,0.201343227,0.564730832,0.840671724,0.192472969,0.3921562,0.17237607,0.244179661,0.22934069,0.924606146,0.833922003,0.234798713,0.11758783,1
0.573405265,0.678103216,0.700557135,0.250280831,0.722615097,0.339911215,0.912388541,0.361630655,0.425091725,0.775529655,0.598823497,0.379308153,0.214041234,0.501056318,0.09175835,0.988498092,0.187736614,0.605242334,0.897517704,0.564778751,0.156624832,0.889662736,0.422962791,0.32472318,0.391604005,0.237043078,0.201270766,0.228691392,0.045205375,0.514439563,0.426963436,0.037761906,0.062920866,0.254277465,0.038617453,0.190136835,0.081367324,0.558726258,0.716518421,0.036239216,0.540692584,0.405346207,0.442808409,0.171309328,0.738901825,0.496480904,0.123089636,0.948350628,0.996750946,0.865256,1
0.515845063,0.860218013,0.909516057,0.405046149,0.520877509,0.434887965,0.330963884,0.603561368,0.931635582,0.146328853,0.737453041,0.312360548,0.827928517,0.364738969,0.636016138,0.353946506,0.574158436,0.906024784,0.646682755,0.704693528,0.183832043,0.013544912,0.551422701,0.438332221,0.690397422,0.026463088,0.371935184,0.133681375,0.322324032,0.935428213,0.513441515,0.116061504,0.815697566,0.650736705,0.335569821,0.142010649,0.933231181,0.346020884,0.196550754,0.140905398,0.965730904,0.424771273,0.633943952,0.90925359,0.55664986,0.616857818,0.183818609,0.241694125,0.625354403,0.488408211,0
0.821174039,0.706481183,0.479141321,0.12627946,0.064761462,0.929665307,0.700986766,0.185104809,0.351730299,0.056955856,0.074972922,0.692333406,0.916927834,0.060596717,0.304882096,0.900387302,0.445524814,0.550650814,0.800861911,0.239991193,0.927362795,0.791109459,0.456078941,0.68518143,0.687687282,0.912407849,0.891044513,0.278365489,0.906039222,0.113396636,0.995672545,0.728736033,0.637886496,0.579346401,0.689823297,0.916874214,0.154339765,0.900118928,0.962072688,0.52896109,0.034373905,0.70207146,0.991425029,0.364771679,0.822468267,0.83329797,0.059360547,0.813056893,0.114997256,0.234188705,0
0.351042148,0.539675245,0.896919154,0.572438644,0.540513806,0.563524514,0.14083016,0.232540607,0.442398762,0.396157561,0.033883347,0.682641945,0.604526897,0.044616459,0.990521874,0.664682743,0.352057585,0.552595496,0.866427977,0.302576679,0.283401455,0.079223144,0.449655822,0.782355108,0.322490741,0.735583031,0.735302932,0.428815241,0.889314274,0.317208268,0.007808662,0.142094696,0.236610705,0.791091962,0.955526436,0.675184761,0.691559187,0.062817036,0.417329054,0.857813012,0.196202527,0.127576529,0.502410493,0.960675333,0.773352208,0.621878319,0.253532066,0.114436801,0.780495358,0.377708524,0
0.704787997,0.902069755,0.378819613,0.253466085,0.196215424,0.324102319,0.410196433,0.714023986,0.703463723,0.846248271,0.257785716,0.882887401,0.618634012,0.055906198,0.657210197,0.235754747,0.68629391,0.609099928,0.985591389,0.712002108,0.629905604,0.617953233,0.438955529,0.153920263,0.237393009,0.009787171,0.258757178,0.675628093,0.938820784,0.211243828,0.957195206,0.819790797,0.010094913,0.718379009,0.948131818,0.271450987,0.354707292,0.566977318,0.41224476,0.805663901,0.909156754,0.617267018,0.143925799,0.483750723,0.632647817,0.011619248,0.764868065,0.181195393,0.449353865,0.820445802,0
0.558423059,0.006245347,0.079094799,0.4692927,0.283247445,0.261859451,0.122116473,0.663594326,0.214989938,0.097839307,0.662711897,0.424198505,0.611622283,0.060383587,0.252565891,0.772259423,0.769248513,0.229578747,0.132745513,0.211197599,0.221480525,0.676910964,0.313217492,0.752772968,0.706204086,0.564717819,0.345701111,0.967354435,0.39302131,0.828847078,0.552069443,0.961831195,0.314274635,0.985448605,0.405728965,0.716338594,0.051373132,0.481031782,0.915315958,0.660301123,0.572799973,0.058534508,0.165686013,0.801747705,0.322674045,0.816550598,0.500315039,0.663832007,0.222133449,0.506921097,0
0.081914278,0.548361141,0.326639134,0.1885942,0.762343053,0.276389984,0.653930996,0.718713504,0.438357058,0.737202812,0.094936737,0.415096229,0.128291694,0.745797618,0.638282066,0.725611864,0.101551005,0.353794782,0.562890263,0.039072152,0.463360049,0.402599001,0.022746195,0.838212586,0.12975144,0.825925552,0.945857006,0.745338069,0.283792889,0.04922777,0.862915078,0.868509844,0.938493282,0.7543792,0.149786938,0.034107054,0.32232822,0.112862434,0.421344015,0.65575169,0.587367169,0.581127656,0.706597325,0.622086682,0.60330104,0.734707388,0.098979482,0.482101034,0.455653383,0.860221498,0
0.194484253,0.018324394,0.400526869,0.947397041,0.500581237,0.090165228,0.610070372,0.354798875,0.715392155,0.510889629,0.073096053,0.604915025,0.971092403,0.065668866,0.334670805,0.892378916,0.621432873,0.841936515,0.62677912,0.955117634,0.845745968,0.505827129,0.249540003,0.517269496,0.80043599,0.408712956,0.271904834,0.062000047,0.945415252,0.73955434,0.517939003,0.097259351,0.637517079,0.17331669,0.531091065,0.774016643,0.417919294,0.261157562,0.333596953,0.95148923,0.14174553,0.817562417,0.63716871,0.397123866,0.160698953,0.461405581,0.750839469,0.011503528,0.877984981,0.12518724,0
0.006604616,0.399865972,0.145950055,0.287197564,0.163013874,0.266613127,0.05322301,0.399054791,0.753186895,0.753334284,0.705733643,0.934330973,0.624187204,0.600171364,0.425783933,0.425032326,0.084620183,0.877064116,0.774582017,0.128802581,0.639318993,0.947157615,0.947571169,0.834725788,0.739995101,0.607008926,0.881476626,0.452245507,0.016729826,0.014371567,0.491022892,0.027315025,0.452323528,0.058267892,0.98583008,0.234077914,0.925196194,0.235396357,0.446309025,0.073484619,0.557255495,0.785459661,0.208743262,0.884405343,0.445901289,0.756897878,0.882899272,0.434040281,0.020998553,0.138074722,0
0.686120613,0.31235344,0.28570317,0.955444007,0.634925681,0.198552735,0.267804596,0.597175806,0.151733916,0.846025839,0.333878416,0.534319633,0.884875116,0.583725822,0.889009532,0.56817575,0.12188192,0.662239617,0.977205932,0.929703468,0.961846018,0.831694632,0.316886963,0.16678625,0.981108651,0.210914918,0.466932513,0.122729317,0.547214267,0.355467747,0.651104983,0.477887485,0.075907641,0.640132605,0.555619586,0.456186915,0.336610583,0.649343199,0.308712588,0.440972939,0.052461327,0.856809084,0.328504111,0.70959811,0.15814789,0.139478372,0.918557393,0.851796391,0.751379732,0.55949328,0
0.087190101,0.268796591,0.017992134,0.065681784,0.678651839,0.851030651,0.852769141,0.013524339,0.666978004,0.010957598,0.69827685,0.861900558,0.783028097,0.9848617,0.807429491,0.399589993,0.512814297,0.123990444,0.832985495,0.453791964,0.495131993,0.042426034,0.884670558,0.93678945,0.256327145,0.134057374,0.476409544,0.702246478,0.63684293,0.606890405,0.965472667,0.394037111,0.457073782,0.288134382,0.87081259,0.546552747,0.234216187,0.188728888,0.109056435,0.44459561,0.147823464,0.4402158,0.730063075,0.667234732,0.953819648,0.842736079,0.319954198,0.475560026,0.36509241,0.075752429,1
0.867951058,0.110830818,0.665494975,0.708578067,0.365654732,0.750168257,0.106486773,0.619857295,0.204918437,0.377831231,0.788561097,0.455747116,0.193222256,0.347738835,0.472478308,0.859569254,0.944247446,0.312420599,0.235327923,0.03560149,0.051769088,0.837430127,0.544831715,0.748929582,0.514170201,0.569276684,0.786224608,0.227482085,0.551259974,0.399322051,0.61683462,0.915249395,0.745435105,0.297316077,0.405435383,0.426942728,0.045319217,0.946215623,0.692027041,0.80727602,0.821449997,0.094869691,0.057927895,0.737721867,0.434034885,0.472282148,0.123826393,0.99408854,0.903607899,0.239465959,1
0.17512456,0.253237689,0.638867292,0.239019729,0.894204693,0.389435763,0.241696194,0.127590161,0.309552186,0.115057856,0.234067564,0.748330048,0.493493212,0.308452699,0.642775887,0.493672525,0.293731829,0.982635078,0.499162932,0.981777269,0.617010975,0.409178884,0.55969271,0.763022386,0.687652997,0.019020833,0.564153717,0.952269029,0.201444092,0.91969072,0.295957584,0.79062317,0.562369333,0.451943748,0.443679386,0.537919109,0.047941767,0.630916288,0.357096698,0.602929747,0.491335826,0.284084621,0.815335075,0.881697698,0.371602275,0.117743268,0.542592289,0.080883323,0.021978515,0.662538199,1
0.391656372,0.831649157,0.740936133,0.501907321,0.838990441,0.018269927,0.077199607,0.649115385,0.527565832,0.963551673,0.808115088,0.330922517,0.442229454,0.245553985,0.597079511,0.691185075,0.01344711,0.257981744,0.148907019,0.757281005,0.893453993,0.421876494,0.022600582,0.804456831,0.354283203,0.436568444,0.52696041,0.453970984,0.531095906,0.927752857,0.835229101,0.332396093,0.486686376,0.355646925,0.597853245,0.350286409,0.256591701,0.141226904,0.44757195,0.329156072,0.15775234,0.289487375,0.326780863,0.757792391,0.72321963,0.669002083,0.120080877,0.335175274,0.100903138,0.456029742,0
0.08626401,0.983963488,0.923193585,0.540870396,0.049006756,0.429601884,0.073086483,0.869402503,0.33619651,0.274737317,0.473867911,0.520405249,0.956020735,0.158779526,0.505374165,0.457200147,0.870720562,0.746132088,0.991097719,0.148120737,0.071204475,0.980709673,0.323318585,0.184596945,0.489232276,0.947509682,0.267489865,0.939384171,0.509697958,0.984319784,0.727050249,0.339584235,0.786007886,0.366439111,0.967462456,0.379178282,0.656619867,0.626483439,0.652358564,0.158769366,0.173126654,0.237725422,0.17236356,0.672900776,0.813033778,0.383316702,0.275805623,0.213411868,0.291569941,0.5321243,1
0.634332507,0.388224184,0.404231235,0.678296376,0.848821735,0.469969803,0.384785406,0.031254828,0.339943019,0.864804332,0.364104282,0.008517372,0.416999235,0.318069213,0.517599096,0.830160297,0.374095578,0.834795236,0.62546619,0.814257389,0.543647571,0.68010735,0.022985331,0.316600409,0.842937275,0.359579936,0.279049538,0.949299672,0.319011263,0.782919467,0.316301095,0.79649553,0.510242199,0.030162838,0.792293608,0.530547984,0.692658039,0.689445887,0.608121231,0.811546142,0.810752139,0.92626411,0.644009138,0.658886442,0.854264014,0.336906835,0.62503853,0.719799025,0.436091539,0.030240139,1
0.371652393,0.247292889,0.585398572,0.853068177,0.253850697,0.474256252,0.980520073,0.423327952,0.550239019,0.954540342,0.08605278,0.837355665,0.318793559,0.824581027,0.202158458,0.883973093,0.320529644,0.276438813,0.159312966,0.776431344,0.507055481,0.13142028,0.593360781,0.506600038,0.842728211,0.121455788,0.372184573,0.633091264,0.165548758,0.160707165,0.648877444,0.037150481,0.917194431,0.622927635,0.925825301,0.315565499,0.233376653,0.462066391,0.920631476,0.981496577,0.888748786,0.170145866,0.741170284,0.18989744,0.192144301,0.042475733,0.674000689,0.40889685,0.892754255,0.440290403,1
0.426683777,0.774249538,0.096940717,0.881607336,0.760452506,0.685102023,0.206811599,0.845626384,0.159325338,0.522200949,0.520320351,0.63099539,0.767615372,0.185398068,0.744958968,0.864090276,0.281862291,0.878423274,0.286877493,0.402719627,0.418914767,0.662495733,0.926279401,0.500949622,0.245689707,0.442978553,0.298039891,0.935974785,0.392227791,0.789298645,0.887384554,0.609084972,0.901040101,0.355046405,0.360428952,0.427534163,0.11418819,0.985060661,0.031008078,0.781487411,0.794149627,0.478084007,0.726947812,0.863182263,0.516566611,0.579919841,0.479540195,0.429972335,0.553900304,0.822955567,0
0.656823556,0.938238201,0.683721182,0.356382185,0.893110759,0.841772576,0.043385359,0.125553775,0.410046637,0.5220815,0.902937946,0.762706086,0.9929767,0.958149106,0.378970896,0.347455624,0.705164963,0.299504622,0.154999365,0.181945876,0.200393007,0.334701384,0.065703206,0.197922611,0.477536243,0.923715215,0.223409847,0.520841645,0.414682482,0.592772625,0.301367167,0.613682976,0.590763852,0.577893518,0.374026773,0.734298297,0.353962538,0.432879262,0.835599971,0.985909638,0.679874255,0.582611979,0.843346708,0.62478838,0.71730039,0.978479482,0.113139013,0.145545492,0.567335597,0.487315872,1
0.383025448,0.263766298,0.249435488,0.576085033,0.441694509,0.123785269,0.812382425,0.776636588,0.961639468,0.373981211,0.467656974,0.531105999,0.571421722,0.822864823,0.150396563,0.705918805,0.906943379,0.374998479,0.400736556,0.81433226,0.161536191,0.199035587,0.018651387,0.387249712,0.982272462,0.593380061,0.313912593,0.857220957,0.873982267,0.00725726,0.279558243,0.311492729,0.854587051,0.344227226,0.678284143,0.599609891,0.738364867,0.973405917,0.712760479,0.307207245,0.483869777,0.498628073,0.457812838,0.7319665,0.260115898,0.548754,0.509728862,0.462876122,0.472204894,0.473429415,1
0.181925105,0.805287899,0.497028058,0.385435969,0.428997758,0.954986591,0.997416819,0.873124002,0.827622183,0.87205654,0.842200452,0.28857124,0.316599743,0.330103969,0.338750245,0.071784278,0.683933394,0.483161314,0.083858106,0.18570545,0.630197851,0.924007169,0.043327386,0.798221405,0.519601664,0.421846039,0.20013271,0.680625025,0.359416456,0.833891431,0.499996594,0.181848733,0.406248681,0.99262164,0.35561966,0.030375232,0.371151689,0.423032706,0.495005697,0.792170362,0.396699507,0.560341418,0.475326339,0.307352794,0.685274625,0.561296015,0.17330391,0.033741436,0.064604472,0.468972825,1
0.625630008,0.429342762,0.376680262,0.988646427,0.253828066,0.89454047,0.310297978,0.96962106,0.62710088,0.31939356,0.231146343,0.134518816,0.354828918,0.672667776,0.534090355,0.294375511,0.448401658,0.490308413,0.033401289,0.875738464,0.925636082,0.759761629,0.107915338,0.525568617,0.202478941,0.646663525,0.019286898,0.927933292,0.492108776,0.85243304,0.881652445,0.377387155,0.456794566,0.882124232,0.142258187,0.126630151,0.489093898,0.181495712,0.930436381,0.725938766,0.191742533,0.902788459,0.362840938,0.479252094,0.320973054,0.249758978,0.319454231,0.315357635,0.934156576,0.918710061,0
0.217266429,0.162717039,0.328684276,0.315955469,0.48065597,0.634820756,0.801115016,0.098436343,0.621384152,0.046679594,0.276456769,0.631131538,0.388493927,0.701854785,0.672485471,0.435127432,0.30058203,0.482827062,0.818980398,0.726599129,0.528020317,0.868292676,0.248583484,0.362799798,0.010433212,0.8038735,0.537404667,0.01964419,0.801840383,0.726193721,0.296356224,0.789098743,0.128396838,0.557662289,0.733276381,0.471670168,0.15870894,0.389651509,0.514419642,0.328166743,0.925673529,0.043927364,0.773815204,0.391997067,0.690852209,0.737923821,0.102243129,0.362701533,0.574492596,0.242006085,1
0.616790477,0.919093434,0.264223535,0.422575737,0.728928513,0.203163899,0.438373995,0.110443977,0.455204908,0.595606315,0.079221237,0.136508567,0.064214162,0.673431729,0.423069794,0.074524014,0.975443831,0.820958555,0.309048501,0.511401849,0.153633339,0.210559487,0.139327307,0.957752312,0.421718525,0.232760176,0.27783946,0.389180377,0.266321838,0.443422687,0.164617168,0.64165713,0.727682523,0.896508325,0.284425773,0.074679617,0.080286827,0.874893175,0.478740808,0.551390546,0.805037972,0.289634541,0.049499371,0.337378218,0.681953137,0.446696899,0.831248484,0.03152652,0.222788409,0.018666245,1
0.276284563,0.074372439,0.248665117,0.715298492,0.527724014,0.517447039,0.938820288,0.134023256,0.281790054,0.225738761,0.533809421,0.979251687,0.451093067,0.219909107,0.220203842,0.371625191,0.498873715,0.243821617,0.625524683,0.350756987,0.365229923,0.082585878,0.814828338,0.625697537,0.788733459,0.809080705,0.773827755,0.142514771,0.416492011,0.607603569,0.197751501,0.950325657,0.300845404,0.335272486,0.723932882,0.310532789,0.474476538,0.788544525,0.056752061,0.070494522,0.055825631,0.929598741,0.33033512,0.471453274,0.56172057,0.923847425,0.574650337,0.019764352,0.01937372,0.682124837,1
0.756287726,0.574030658,0.855130459,0.996107493,0.002447016,0.271453502,0.756566747,0.451075581,0.939862594,0.219426893,0.640961998,0.386677477,0.620863056,0.741000867,0.536862464,0.354790402,0.154410104,0.714561315,0.190008508,0.30665529,0.311551198,0.444717978,0.672444465,0.373654313,0.889564528,0.160183226,0.993866694,0.299121456,0.140986376,0.8074297,0.611045792,0.185066513,0.863995335,0.111837012,0.277380642,0.505738489,0.69763952,0.897755997,0.331939519,0.964012048,0.503654386,0.852735107,0.956571319,0.869741068,0.721046426,0.927922597,0.675342625,0.762816362,0.235767033,0.099710977,0
0.514984,0.297432361,0.376453587,0.770548412,0.680403206,0.981180271,0.493093466,0.600696578,0.05674563,0.499726428,0.598993722,0.801956146,0.210203719,0.046074069,0.632966065,0.015248059,0.708198031,0.838604111,0.274913744,0.797424159,0.515829832,0.47113798,0.812253463,0.825239406,0.349571498,0.170881106,0.617551633,0.047901044,0.124333809,0.654398563,0.817132173,0.33141648,0.044310843,0.106581587,0.647537123,0.435136593,0.375924782,0.70120219,0.936444328,0.533918081,0.128823258,0.161095246,0.090340842,0.835561552,0.400802207,0.574850759,0.219175845,0.702957863,0.014399644,0.767933158,0
0.52065441,0.860673655,0.259903195,0.928752201,0.146687879,0.928794931,0.176872712,0.720401766,0.634923788,0.135808329,0.679557096,0.283771761,0.256240612,0.572946423,0.252217389,0.959472943,0.64637476,0.779386509,0.558322267,0.436751362,0.558972606,0.511596009,0.719826271,0.412849239,0.489944364,0.381876363,0.444644878,0.257794641,0.367579239,0.106944826,0.629867816,0.413536758,0.104328013,0.500801145,0.032442085,0.00126676,0.963413908,0.429196782,0.373652158,0.924355801,0.74185283,0.900951847,0.28714425,0.148118629,0.061760567,0.354390982,0.836029294,0.183280606,0.339887976,0.341015127,1
0.989976777,0.087933106,0.585065304,0.169302949,0.009843401,0.264727478,0.430519598,0.065769181,0.947975406,0.602355239,0.376382153,0.945941136,0.46622755,0.412085504,0.573010619,0.301222606,0.598482028,0.625708953,0.010200752,0.941103524,0.773638177,0.560761252,0.094758497,0.570035321,0.137114249,0.638964548,0.96634433,0.310734441,0.695560739,0.721485045,0.911939482,0.258175848,0.814019496,0.098875011,0.094054946,0.815911293,0.696546101,0.375082549,0.893478148,0.245644962,0.10804379,0.02271528,0.67016146,0.427687708,0.571465394,0.758941382,0.270500982,0.201320291,0.894650084,0.017001071,0
0.307835573,0.785483924,0.926832506,0.203164326,0.871148159,0.811109105,0.745723478,0.346651127,0.349426791,0.894590475,0.793768088,0.244781406,0.041252866,0.219441687,0.463841504,0.245987235,0.047496259,0.522661435,0.257022004,0.544790359,0.624264733,0.065955404,0.237225209,0.151465583,0.075376039,0.821282588,0.034192861,0.541084415,0.542457699,0.875707978,0.772839481,0.891411532,0.790603178,0.045175026,0.598967983,0.672390461,0.814180873,0.821859678,0.801871877,0.999883831,0.467754675,0.139602689,0.679277009,0.228184597,0.166656775,0.59062067,0.537208731,0.852859618,0.038060317,0.273428683,0
0.728809074,0.610188394,0.814436358,0.243447991,0.916002688,0.124977584,0.196851133,0.925043876,0.299231985,0.20397126,0.070944611,0.438647678,0.199471105,0.113882347,0.515157988,0.169375365,0.546372189,0.126644001,0.082325678,0.431196811,0.526069245,0.97159072,0.795086864,0.252461951,0.181760185,0.696199395,0.865938795,0.941475057,0.562834854,0.289666585,0.870150092,0.587960848,0.858442944,0.023787552,0.435555093,0.712466572,0.091011825,0.215698722,0.060080089,0.145298569,0.019947678,0.507714079,0.217205482,0.86818342,0.13983948,0.982736864,0.637709174,0.660252489,0.791994921,0.57239915,1
0.295385531,0.260165126,0.183504411,0.884854421,0.248670775,0.077377366,0.369991257,0.629436986,0.947756126,0.492984605,0.166842452,0.138740351,0.789505649,0.257942952,0.963896239,0.837459061,0.832768793,0.949281425,0.51543525,0.324320451,0.742684764,0.053890758,0.549873622,0.454990462,0.242223892,0.521332117,0.46234392,0.668948067,0.08510884,0.136459414,0.423526533,0.078446709,0.825589412,0.230847474,0.818660472,0.835532331,0.140351484,0.065689139,0.723989506,0.406698842,0.824301836,0.745964144,0.568582086,0.398596705,0.888121103,0.737360222,0.182972529,0.385108372,0.237482816,0.593867103,1
0.898596858,0.834789812,0.866572999,0.871129665,0.77230193,0.997978866,0.490457808,0.199946409,0.572009911,0.537335745,0.177698991,0.26624054,0.852556509,0.91070782,0.086357807,0.905319343,0.350879105,0.816763362,0.393134152,0.694318199,0.346360464,0.832063707,0.830831371,0.45434667,0.691228728,0.615323174,0.970353883,0.097920007,0.570120224,0.273713396,0.697934474,0.983312965,0.525456771,0.649492563,0.911193233,0.197483258,0.365511395,0.10323335,0.429552041,0.222487305,0.958905424,0.248727513,0.45553478,0.38176439,0.41162779,0.947666194,0.170701119,0.461513409,0.345576236,0.911901442,1
0.563808644,0.427773701,0.666657845,0.17398855,0.923199183,0.629009077,0.248731243,0.628610895,0.192664456,0.457750207,0.368433375,0.021351925,0.662687371,0.245576953,0.93949344,0.839379683,0.956326554,0.355861935,0.286272833,0.745050269,0.042388598,0.486241963,0.82656153,0.582240639,0.755746441,0.431659557,0.328694649,0.834943236,0.225715122,0.752247986,0.438290708,0.73329071,0.24525139,0.887392246,0.078553969,0.928977827,0.521394111,0.544386549,0.96859544,0.711921265,0.34004067,0.149318104,0.56175098,0.279047035,0.457205855,0.660470132,0.17216873,0.344002398,0.187759635,0.378425182,1
0.675533719,0.991361571,0.132701348,0.185320362,0.609643747,0.075610352,0.257670642,0.082110982,0.255467298,0.852816223,0.205057995,0.527167719,0.591465308,0.48636767,0.150689155,0.978616744,0.651797827,0.289148323,0.194546024,0.399288745,0.070617965,0.681991848,0.475402313,0.984750759,0.36628478,0.717855373,0.723790383,0.114274953,0.790655356,0.137183493,0.511897127,0.804110138,0.967040064,0.109141683,0.010870506,0.732120639,0.371370004,0.699081527,0.096912692,0.843902955,0.938060296,0.00889204,0.755617107,0.503528979,0.620492888,0.765658985,0.760708754,0.307951189,0.384448178,0.980468933,0
0.2371042,0.31825051,0.011468429,0.529543716,0.042242648,0.617032612,0.311644541,0.185055019,0.76887162,0.00153814,0.843442297,0.371808646,0.277862219,0.878175224,0.524719868,0.344312304,0.349489531,0.819416822,0.889162094,0.030603451,0.627873038,0.111784318,0.375409358,0.802644722,0.923659484,0.035362639,0.700513885,0.316663845,0.851508874,0.604729852,0.030424557,0.570980339,0.799274514,0.8118925,0.762475826,0.915975748,0.681786302,0.524755469,0.359710314,0.705557133,0.333610939,0.2549086,0.467939091,0.487679518,0.830998646,0.639727037,0.334380764,0.795854627,0.505405145,0.218698766,1
0.606245453,0.231175272,0.575292289,0.841468815,0.064204109,0.661622529,0.468214492,0.907445056,0.142514819,0.048055308,0.094095689,0.231383267,0.450785377,0.886959658,0.120792415,0.325691145,0.647183134,0.098771689,0.694250642,0.071481091,0.910097037,0.588566094,0.156434423,0.9887012,0.68363206,0.687461042,0.437391837,0.438091069,0.610929342,0.839718693,0.735752193,0.603214557,0.79109635,0.736048095,0.113502013,0.742916584,0.952322753,0.491709306,0.979832318,0.829809326,0.181134403,0.715376536,0.942578775,0.68259762,0.418656431,0.762873379,0.482415197,0.318261512,0.04670285,0.270801898,0
0.15056863,0.06517006,0.283902749,0.4059309,0.029651126,0.908277869,0.181782156,0.384561105,0.486577191,0.97078389,0.908164309,0.996252096,0.428172686,0.211986647,0.972148144,0.087618469,0.983011187,0.074974193,0.617053008,0.912820794,0.901278257,0.014913274,0.479432863,0.142166147,0.933059193,0.419839404,0.577135827,0.879365164,0.212736562,0.46563674,0.596508992,0.682193402,0.312199287,0.884333896,0.801811044,0.405090777,0.992209288,0.154496404,0.016600377,0.08162832,0.703449327,0.165584805,0.241680949,0.29457615,0.233521778,0.077762558,0.229950248,0.094910259,0.05633429,0.971066932,1
0.809546194,0.776529886,0.010528861,0.35787975,0.804113721,0.915553824,0.477655941,0.795481466,0.786554452,0.0855852,0.460876927,0.829972829,0.433609153,0.990352927,0.529493322,0.812662254,0.421276109,0.592572895,0.507516659,0.654815111,0.9551266,0.477713317,0.47167364,0.679622565,0.152857782,0.5539921,0.71340923,0.032005984,0.207142319,0.133314749,0.205125936,0.519053712,0.466010938,0.963797568,0.482411082,0.977288107,0.064081401,0.180648069,0.293553163,0.660748147,0.041690448,0.386679699,0.989838789,0.369824308,0.729789409,0.434847364,0.367373669,0.0339081,0.129303276,0.351949056,1
0.511385563,0.697172959,0.148778564,0.816175662,0.210447953,0.091200493,0.815367234,0.301881827,0.804796724,0.156915917,0.41067561,0.209943021,0.581408788,0.642071245,0.801756486,0.659405687,0.95112246,0.384666352,0.609238738,0.491177622,0.724664123,0.415791408,0.577158586,0.464337263,0.499358954,0.332648137,0.030861938,0.560202358,0.883823755,0.024790597,0.99981912,0.386710495,0.859941259,0.558552285,0.589006942,0.086373455,0.289424763,0.447475124,0.665953324,0.537310869,0.936182236,0.210924373,0.578254731,0.421785096,0.484360366,0.474692727,0.976346191,0.445351022,0.462362056,0.076783966,1
0.342347181,0.042742951,0.49922118,0.344032938,0.88639059,0.273441494,0.016931413,0.794804001,0.309038416,0.91137386,0.481566606,0.852605928,0.534409251,0.366035418,0.770747915,0.044839937,0.296166584,0.237757368,0.287849035,0.630576403,0.451027817,0.434609215,0.298709713,0.821003621,0.627193796,0.693939716,0.602032873,0.186921372,0.231010669,0.900152354,0.438055339,0.379703909,0.196183967,0.508978756,0.182055368,0.732193806,0.373376685,0.749365333,0.903003464,0.196933262,0.937229486,0.067168792,0.987892597,0.603005203,0.391908174,0.904260751,0.864029662,0.315845774,0.14836372,0.635955358,0
0.688634275,0.118075982,0.283432019,0.053238251,0.344197097,0.259232901,0.152653296,0.428109257,0.134076144,0.813066964,0.659637326,0.807890622,0.590849437,0.49051135,0.445629197,0.482631855,0.437842012,0.227302405,0.515366871,0.573294681,0.304874172,0.81905063,0.667929626,0.664321537,0.437955336,0.033212265,0.562345411,0.828327001,0.321423392,0.917469905,0.930957467,0.699173351,0.217886539,0.10421417,0.490480602,0.909993683,0.996551905,0.916197143,0.772971789,0.493550378,0.905768261,0.576800249,0.44193599,0.963663889,0.419576279,0.927311058,0.67374135,0.409193648,0.887485941,0.62611038,0
0.813191989,0.835984306,0.059705151,0.065287795,0.490689659,0.317731302,0.916675095,0.444515574,0.120489198,0.909804479,0.60095893,0.855116572,0.666972869,0.576707157,0.544928547,0.713517136,0.003178495,0.813195151,0.674446915,0.173808471,0.500845359,0.305334045,0.211089868,0.518823785,0.159683553,0.090096585,0.907462402,0.620219838,0.705083582,0.101061058,0.707769189,0.016682995,0.342019573,0.65162311,0.676027896,0.886063669,0.184398413,0.782423156,0.804028776,0.726634958,0.293705506,0.200228681,0.453574768,0.80112745,0.811378969,0.746531232,0.333611325,0.102222116,0.353435162,0.046380573,1
0.37072728,0.462972623,0.415301218,0.749876744,0.581197284,0.96049238,0.622043005,0.539275337,0.73341664,0.485737541,0.107883495,0.396515628,0.064974076,0.138727508,0.449398063,0.663471506,0.986424352,0.573902004,0.624464645,0.321825003,0.650092852,0.754466559,0.991618636,0.751718385,0.45633259,0.523600231,0.587379751,0.481586164,0.16754212,0.018416826,0.537880851,0.892250242,0.765347254,0.275558975,0.960477097,0.754801919,0.054264569,0.832551239,0.985089808,0.545927705,0.342895349,0.987119653,0.49480206,0.23818247,0.811724815,0.548606691,0.293510951,0.239542208,0.032014727,0.750262441,0
0.030847395,0.909540275,0.846840775,0.395855142,0.923407494,0.485833731,0.181428063,0.669315741,0.751271935,0.669319734,0.595673434,0.699678933,0.330780738,0.335086652,0.088814889,0.457691055,0.901400064,0.363280985,0.623793143,0.3556246,0.321231955,0.983453085,0.390561239,0.354692734,0.225482169,0.396475784,0.182587005,0.706651261,0.247185374,0.110763704,0.554268995,0.019745729,0.850896487,0.147571439,0.73078252,0.209491627,0.460065864,0.551321969,0.900413271,0.53530885,0.618595227,0.581492616,0.229173485,0.661936894,0.919690088,0.703808394,0.969920507,0.890173082,0.395292783,0.281837064,1
0.527570158,0.624782645,0.035563567,0.792043689,0.311162653,0.667121564,0.415032902,0.814360298,0.016660152,0.630736923,0.187464838,0.807228849,0.491421249,0.113517134,0.28025271,0.276210611,0.627794173,0.344000348,0.034060449,0.193918709,0.937876316,0.471277816,0.137802691,0.054097002,0.139780279,0.11805631,0.552826423,0.757143833,0.587333501,0.350454613,0.619412675,0.290165788,0.330314895,0.536670695,0.560808546,0.260829344,0.227661985,0.562076825,0.709576132,0.266422188,0.865717085,0.648833261,0.748913142,0.224808,0.244864884,0.422214739,0.618016135,0.957916102,0.768349936,0.108376146,1
0.900039921,0.072987165,0.470795247,0.346315074,0.150263036,0.058710534,0.190833219,0.710089854,0.378436395,0.568558648,0.595321731,0.107040427,0.762044149,0.769073095,0.336154214,0.56692234,0.435484037,0.479638203,0.834732393,0.183256262,0.370257966,0.492116839,0.094131411,0.958750321,0.851833208,0.68904485,0.877346396,0.154993056,0.109220523,0.443166763,0.155101542,0.879615665,0.63406963,0.300699391,0.857282717,0.123370657,0.451739278,0.14919617,0.091856525,0.093635887,0.978416197,0.862278441,0.024392649,0.475594004,0.649762126,0.232780721,0.666994529,0.149690926,0.188606922,0.802963685,0
0.029281934,0.389049579,0.103410398,0.653268108,0.343617378,0.460342432,0.749274439,0.799545481,0.954412728,0.409973244,0.894718519,0.275514292,0.064752642,0.616348098,0.273360074,0.986305509,0.514986721,0.920701346,0.713574252,0.51982051,0.306406032,0.049476443,0.973677492,0.698037457,0.660869587,0.498505515,0.41532601,0.817750218,0.995563515,0.041832362,0.67834926,0.441514051,0.936862324,0.099889984,0.5372468,0.401855339,0.328523527,0.129953326,0.482851144,0.259832868,0.748463025,0.88033189,0.536990332,0.01772669,0.495458945,0.340128329,0.655909118,0.251321891,0.244075621,0.694664796,1
0.003349633,0.526314508,0.671838432,0.201638474,0.265457939,0.421041445,0.340815152,0.502638899,0.933324466,0.188809931,0.160134712,0.010757541,0.453643822,0.765488227,0.180916982,0.729320045,0.013830707,0.861320924,0.445582513,0.525730773,0.508832935,0.089611054,0.077513255,0.379805057,0.290164268,0.730361612,0.166587029,0.728868169,0.539622153,0.335168824,0.563155348,0.575290983,0.61161615,0.866150615,0.459728523,0.669791933,0.429257016,0.89468479,0.540621194,0.093791637,0.862717564,0.231859187,0.236664398,0.292709691,0.829693077,0.806303759,0.359319402,0.847942849,0.585990917,0.492457004,1
0.28849209,0.415809734,0.232151345,0.584316095,0.226852062,0.561122295,0.649349959,0.399725706,0.364870969,0.890396839,0.048886749,0.533860668,0.511807519,0.046909822,0.250624988,0.607148966,0.376034113,0.405646053,0.497613943,0.666898511,0.512761598,0.214524704,0.115028119,0.702821477,0.653859488,0.332351854,0.081164344,0.515183763,0.775877911,0.170652889,0.091032089,0.978900726,0.335010755,0.843662174,0.24939004,0.93018071,0.164377503,0.066269447,0.112361779,0.125522185,0.651362901,0.967255683,0.621005419,0.309440185,0.394626571,0.52227918,0.6273589,0.375242492,0.444470502,0.236802003,1
0.241348651,0.140122885,0.950462263,0.157815915,0.241588694,0.339253259,0.01349047,0.517204409,0.678198429,0.078507387,0.685369037,0.038046308,0.526065367,0.169294159,0.953852832,0.563796094,0.066386136,0.678881467,0.971716103,0.583930979,0.442298938,0.917681607,0.413783775,0.219652579,0.197669918,0.548348098,0.921156586,0.864037682,0.384723274,0.746476061,0.388007259,0.949640817,0.776328041,0.730450881,0.708632394,0.899822783,0.287216684,0.652750281,0.625810463,0.393159538,0.062491224,0.450715516,0.173828721,0.610493954,0.025133037,0.746516377,0.217401207,0.001618356,0.857317577,0.604991773,1
0.437106653,0.301960424,0.502286144,0.923634422,0.269252185,0.051768023,0.8538136,0.090381432,0.001348737,0.027677629,0.316220797,0.32039417,0.892412429,0.459600516,0.603809415,0.492228323,0.349689165,0.791106887,0.710316658,0.887580734,0.339746183,0.01761848,0.087991533,0.252232778,0.839582752,0.360565801,0.402279124,0.525906581,0.478109905,0.321391239,0.74874213,0.76443829,0.29663684,0.289697527,0.485204114,0.961908495,0.67643917,0.553557059,0.015491332,0.427140694,0.260361693,0.803296796,0.997568353,0.501968833,0.968086625,0.674696253,0.653473588,0.407331443,0.311270136,0.491751347,1
0.596814074,0.918369074,0.949276974,0.15567029,0.225932657,0.023565514,0.180108517,0.396793263,0.891258553,0.749924823,0.498115928,0.388322788,0.361525944,0.308458649,0.39151432,0.159489744,0.947240694,0.341707415,0.180532247,0.556173222,0.500468963,0.560173285,0.229143185,0.215943714,0.036249477,0.303880398,0.488297955,0.092293184,0.976571816,0.654994127,0.884197204,0.16473547,0.679085415,0.439987203,0.692623053,0.858960309,0.432342753,0.315554631,0.527969961,0.29860588,0.76622279,0.620857077,0.425018382,0.15422924,0.166591922,0.296408608,0.305887667,0.842545332,0.973059038,0.213272473,0
0.212104438,0.129029162,0.414269339,0.777893861,0.839780539,0.130483238,0.780767701,0.079093963,0.390086283,0.854455828,0.69428647,0.185815688,0.881655339,0.205293011,0.234822304,0.348033682,0.520926733,0.493308837,0.737939373,0.8844718,0.702600501,0.199144867,0.388704829,0.384155751,0.626129248,0.329196226,0.746945731,0.716806605,0.737727501,0.279962316,0.212058758,0.50465346,0.620627243,0.522087039,0.451658246,0.542533749,0.700314316,0.878582877,0.783136665,0.030547659,0.807898149,0.104816082,0.116312285,0.158024979,0.907277607,0.894139804,0.512140323,0.859877048,0.147646823,0.465539023,1
0.472057287,0.994128175,0.080201001,0.058268063,0.611829466,0.843470268,0.740321913,0.478541228,0.658702693,0.488302011,0.169366959,0.569902991,0.968503865,0.064291487,0.588653483,0.212891588,0.283825484,0.251186878,0.909519723,0.059273985,0.389138852,0.986954747,0.127462345,0.786149368,0.383334793,0.592374705,0.331763508,0.188147927,0.746697246,0.208069722,0.104838376,0.699900504,0.269050338,0.096786561,0.86661033,0.165579064,0.249174104,0.423686564,0.031013218,0.115681591,0.76048347,0.663703954,0.170892966,0.881829073,0.67888888,0.612686438,0.27386976,0.423150183,0.345335314,0.576863235,0
0.808104035,0.223479556,0.370248972,0.888953851,0.629556313,0.583838613,0.594379295,0.750710329,0.49243632,0.024539042,0.437423886,0.845661882,0.94629508,0.890471988,0.928054078,0.08704637,0.420244999,0.50832184,0.539764987,0.642831199,0.376826382,0.846966702,0.303008848,0.298265888,0.09304186,0.764495431,0.867012982,0.779145665,0.446352393,0.876748344,0.26917443,0.805760591,0.682461012,0.582226443,0.817745662,0.809670469,0.086624963,0.319567499,0.580496151,0.231843372,0.348468165,0.932418135,0.412219859,0.993534788,0.694206744,0.296859858,0.191824105,0.893721015,0.962096503,0.905958028,0
0.045223921,0.657922948,0.603585996,0.946160114,0.362001306,0.433750731,0.581101085,0.636889823,0.552261857,0.852413634,0.172897486,0.363307234,0.108585232,0.633215623,0.969250572,0.503995392,0.083868616,0.219063554,0.524697451,0.403174373,0.181706507,0.067843715,0.936926787,0.389374164,0.125494678,0.901133392,0.895182455,0.320349914,0.085730851,0.702545432,0.113225538,0.743480732,0.47276843,0.126518875,0.792241545,0.696495129,0.909095816,0.571560647,0.927268704,0.476382794,0.252670984,0.899170666,0.624450159,0.078379655,0.481842881,0.170141225,0.745312885,0.804179976,0.9339919,0.612550607,1
0.768527182,0.640353518,0.973849551,0.915745268,0.779787696,0.425795378,0.872161396,0.802181977,0.237081373,0.032795212,0.745917986,0.115800793,0.094420061,0.150353091,0.358178572,0.751230003,0.524707217,0.471820779,0.595902104,0.801224054,0.42032748,0.792374579,0.036624771,0.974719689,0.281906547,0.41892205,0.795055089,0.63581857,0.96707859,0.75983604,0.381474237,0.950048809,0.415752284,0.493755201,0.699989755,0.019246932,0.860189087,0.878668684,0.539815078,0.878160975,0.017811215,0.187505299,0.955940076,0.304091433,0.0240533,0.036471284,0.246364799,0.763730499,0.897807434,0.628605552,0
0.835233788,0.984715351,0.012419876,0.360821042,0.104805478,0.01129771,0.157017091,0.377624104,0.069784901,0.811812861,0.023508061,0.811494016,0.004193663,0.647113512,0.992221511,0.268985712,0.719490953,0.344341849,0.795037775,0.369196084,0.722340203,0.240326944,0.674181499,0.293938118,0.95633314,0.678455648,0.759970298,0.723639039,0.001672942,0.389450896,0.860291716,0.177523075,0.177071326,0.774889508,0.613984572,0.635626203,0.500245157,0.507386127,0.71262094,0.448026276,0.0320588,0.012098036,0.816292398,0.240936928,0.723295611,0.963461247,0.217310436,0.821645146,0.387447188,0.154634711,1
0.858226508,0.611311553,0.449134329,0.885012508,0.553383563,0.869045789,0.31859928,0.055625961,0.872892606,0.191732886,0.122519293,0.413924799,0.995229775,0.143108779,0.494009965,0.12069081,0.501796761,0.441190557,0.577325832,0.646305374,0.574745236,0.077746587,0.496417065,0.019819092,0.160726678,0.167181659,0.05581017,0.184438532,0.930238695,0.758477257,0.50273465,0.49182068,0.922343361,0.288395784,0.314600961,0.715974452,0.197824248,0.29833868,0.894923062,0.954248826,0.663042849,0.072730594,0.986238842,0.147462651,0.783496308,0.439031267,0.912509902,0.366696178,0.480025119,0.00097283,1
0.712608835,0.419854495,0.861061589,0.42884316,0.086122662,0.713261601,0.325076556,0.544363359,0.27401774,0.95086067,0.818172348,0.700879839,0.900850287,0.581374654,0.360526367,0.955869715,0.455141447,0.529598884,0.960564058,0.470169086,0.593458824,0.214577293,0.649381426,0.639133422,0.749478948,0.644826615,0.141400373,0.114033314,0.913420927,0.193338002,0.096737797,0.155004125,0.047660816,0.859541389,0.311299167,0.877651972,0.657513885,0.805069664,0.109158141,0.458300708,0.557782564,0.005078107,0.348456736,0.625853986,0.195021755,0.426808399,0.63283488,0.421068128,0.683547506,0.185066971,1
0.632662697,0.691467031,0.212825311,0.220557078,0.991074945,0.256146078,0.858960352,0.891395945,0.94226515,0.721039507,0.709304467,0.125212433,0.925170462,0.633827884,0.350394577,0.390286918,0.970486826,0.003002038,0.794105315,0.421205073,0.065400494,0.072946845,0.2363031,0.777243514,0.599297455,0.332976019,0.878603663,0.062502112,0.247881033,0.302637967,0.96641341,0.363174578,0.63740608,0.818817944,0.75887448,0.441969891,0.628351912,0.47143927,0.206311056,0.996951167,0.952692868,0.216223489,0.106891634,0.765497381,0.106761291,0.902141887,0.676357761,0.316738776,0.867973388,0.640587496,0
0.349708997,0.09009169,0.199001374,0.648407883,0.055712393,0.175363097,0.344530284,0.479222922,0.85094767,0.800539706,0.074537902,0.585817541,0.604701753,0.170442249,0.444023951,0.306041572,0.500143561,0.360463753,0.896579091,0.77445642,0.492886256,0.064265847,0.145835763,0.59673977,0.648354104,0.427105557,0.938453137,0.008940421,0.626621343,0.198901165,0.185382675,0.559694593,0.608261185,0.706470279,0.269057317,0.864944624,0.101714457,0.422061022,0.36506289,0.010650428,0.836379925,0.055534712,0.919631778,0.369267072,0.731844827,0.621855766,0.984165371,0.015260758,0.782322563,0.765926774,0
0.163007851,0.768191772,0.013800241,0.020439175,0.333728477,0.456072229,0.042433382,0.545095667,0.613299866,0.436784563,0.120886545,0.279422099,0.000133573,0.589183865,0.896385943,0.637117147,0.381710154,0.363617611,0.568509035,0.081636338,0.406404451,0.201916609,0.423137475,0.254305282,0.052908662,0.415414213,0.384456106,0.087102948,0.384418393,0.131124048,0.452606509,0.014051974,0.05110962,0.63499005,0.91197039,0.889082266,0.64019041,0.79474407,0.463303792,0.187245371,0.546860073,0.098315283,0.333725909,0.552356076,0.679909985,0.219176822,0.648338407,0.024086554,0.52454401,0.911157623,0
0.63501007,0.008475668,0.671512241,0.388720171,0.247861335,0.083399514,0.169855013,0.283559184,0.617164458,0.91377553,0.344714717,0.702344716,0.545910656,0.869913468,0.696825735,0.633377286,0.737654064,0.027617676,0.489084032,0.469406887,0.644494757,0.674639093,0.544569019,0.833225611,0.467564311,0.78806236,0.441921868,0.977156594,0.333103901,0.089882433,0.324901042,0.751913937,0.554119284,0.512842861,0.614356313,0.928013603,0.700433596,0.101975959,0.993661637,0.523019577,0.013001465,0.342971314,0.487938562,0.629024226,0.874227668,0.329409298,0.745120563,0.525033007,0.85045912,0.588573859,1
0.572747405,0.512140855,0.460939216,0.732319617,0.673903369,0.694298841,0.991064816,0.733685316,0.260844144,0.403761044,0.305269147,0.46146451,0.235678173,0.382822888,0.501668571,0.51361701,0.208119005,0.125707107,0.047334557,0.394754009,0.420567233,0.542717318,0.683017462,0.884550127,0.34606206,0.570763012,0.675002031,0.14543738,0.242897248,0.138155988,0.269609345,0.869273075,0.126379207,0.456636007,0.324823103,0.118640224,0.144824154,0.254990788,0.630014714,0.922826969,0.109072707,0.080560659,0.459772503,0.552440288,0.357564994,0.137314528,0.313813253,0.408497001,0.984364454,0.117400963,1
0.763810017,0.187535992,0.221844822,0.000954939,0.405766633,0.71114146,0.90496855,0.27521971,0.551185112,0.910757861,0.156697545,0.153345004,0.44341424,0.53487708,0.159515241,0.458873346,0.917659336,0.24871112,0.295756444,0.784634545,0.77520915,0.177889238,0.351971796,0.049664213,0.673785252,0.49000397,0.048424827,0.608536902,0.123085114,0.266681402,0.53980565,0.557872443,0.132870745,0.999221285,0.516592624,0.969463606,0.257928026,0.728162976,0.954700261,0.113512988,0.564919764,0.024713257,0.101841201,0.398386429,0.207062132,0.928377318,0.980866808,0.72407132,0.842761721,0.639054331,1
0.069561897,0.956279326,0.432720582,0.707340782,0.165664674,0.772012385,0.848988996,0.382040433,0.263871681,0.241241827,0.910424903,0.406546788,0.326914077,0.013648915,0.514200362,0.405653623,0.805572031,0.810304031,0.835616549,0.382714558,0.453688568,0.497401655,0.908149354,0.242043551,0.076509221,0.899382979,0.793916146,0.293996415,0.961134735,0.973027284,0.068709085,0.389983479,0.673814657,0.470394088,0.033444549,0.799718974,0.773690279,0.291203413,0.892587839,0.045158406,0.563398157,0.593194655,0.609347209,0.390661481,0.936475115,0.476361107,0.575923808,0.669453857,0.482542169,0.005871735,1
0.837742928,0.024012565,0.215240479,0.050582947,0.005100015,0.569670984,0.80385228,0.770821897,0.91721289,0.201252411,0.349953868,0.231881824,0.291264205,0.45769387,0.068619855,0.629088711,0.998518223,0.871611414,0.39592614,0.247292433,0.521026785,0.603937736,0.965236578,0.276635922,0.143430873,0.745913563,0.526440405,0.16966877,0.236388616,0.778601294,0.110397193,0.106262371,0.523268343,0.530237204,0.404998266,0.912994142,0.99439856,0.713840482,0.897489613,0.535805558,0.331385237,0.166861451,0.512588681,0.193631941,0.14628499,0.456826389,0.513902886,0.654324885,0.196592651,0.777478087,0
0.669915504,0.698683876,0.075097146,0.409459728,0.893593134,0.66948906,0.985912613,0.709974028,0.801065224,0.094735378,0.540334562,0.454106539,0.138591434,0.694947162,0.468938333,0.501434258,0.151437394,0.895743879,0.244285207,0.711139983,0.365167961,0.346458673,0.630757881,0.492189354,0.932713784,0.040204817,0.413093535,0.22381846,0.677244056,0.35684115,0.884849373,0.834089556,0.992916644,0.748732046,0.688553889,0.28266661,0.783678603,0.905133218,0.971534754,0.04195714,0.058661634,0.051170231,0.966243093,0.674351613,0.080799876,0.89362952,0.847171405,0.785696486,0.027354956,0.152861443,0
0.941417295,0.046628658,0.246778292,0.902021707,0.786107704,0.19798498,0.978931084,0.779191331,0.816172908,0.379255794,0.910814561,0.602366436,0.631795043,0.947538059,0.497764856,0.432178855,0.862133654,0.051322288,0.414558868,0.980460817,0.911853917,0.94639044,0.109387622,0.35999924,0.617243595,0.292965234,0.710383401,0.219144783,0.50685063,0.196507416,0.798645475,0.388231045,0.33009886,0.952722874,0.480694965,0.135344151,0.816076675,0.76054653,0.676654168,0.403731886,0.784685023,0.034462589,0.354095838,0.141766769,0.12816669,0.30827963,0.818904337,0.913407391,0.08260183,0.918940301,1
0.207364706,0.377501157,0.275862679,0.955984471,0.223926454,0.398928109,0.542928062,0.132519966,0.637110542,0.789358792,0.33137283,0.288044393,0.532030434,0.176636143,0.920922716,0.65760098,0.856304461,0.470520596,0.987688387,0.685647856,0.077891995,0.733426612,0.197929827,0.447461448,0.536042729,0.357209613,0.500168216,0.480909624,0.451765676,0.548577888,0.555250856,0.611489223,0.416155476,0.522171132,0.950461373,0.809199963,0.784962733,0.736340264,0.155984719,0.770425874,0.646003658,0.222944294,0.761922275,0.875012991,0.957624093,0.455991146,0.446195962,0.757676527,0.173093865,0.267702134,1
0.762163911,0.172288734,0.652722229,0.879425064,0.693107995,0.031465914,0.062666324,0.867300425,0.879593737,0.076074323,0.617274696,0.686391754,0.812184553,0.937478563,0.527720291,0.357957794,0.726366412,0.975820371,0.469145289,0.832518805,0.021149311,0.378346486,0.753464072,0.728055717,0.271614438,0.520339093,0.261698379,0.306219521,0.226308898,0.932366795,0.937416045,0.254439045,0.944490213,0.014992447,0.470460703,0.248291406,0.968491493,0.857679953,0.473783928,0.034795496,0.471965858,0.511254096,0.054738459,0.861626489,0.493976434,0.847151532,0.489720988,0.885588405,0.444695846,0.930543601,0
0.040207318,0.453644043,0.514462791,0.493992612,0.922691396,0.296430607,0.091110009,0.040750571,0.084818443,0.055433283,0.57514482,0.125194732,0.451134475,0.398119212,0.97571663,0.823470802,0.210506444,0.579261708,0.516598995,0.799202479,0.571380088,0.139336455,0.797150338,0.280588067,0.74029082,0.15054103,0.358557391,0.327459476,0.603565418,0.443697517,0.906864332,0.903314334,0.938185413,0.989623834,0.337681599,0.996268251,0.81810822,0.601979774,0.564743063,0.285546671,0.245862275,0.55960816,0.677543052,0.067547458,0.2425714,0.562416138,0.999882996,0.828254454,0.347494938,0.43097887,1
0.057736528,0.690149293,0.37771842,0.383355212,0.482035226,0.472236374,0.87101463,0.55407881,0.115450714,0.641838041,0.427243155,0.297562135,0.224846424,0.18619125,0.024122365,0.900132889,0.818926184,0.063294324,0.53779545,0.901422317,0.109971622,0.153009418,0.777166344,0.105594147,0.440865215,0.262948205,0.418468014,0.444852633,0.544849904,0.38764378,0.857074081,0.025394882,0.803051548,0.517166592,0.487959078,0.055244207,0.45089209,0.711105435,0.573446138,0.175304136,0.152278152,0.677608294,0.820638108,0.001275956,0.442330422,0.471130619,0.179938727,0.340347763,0.345862663,0.804946298,1
0.148807634,0.739726071,0.164658308,0.849433621,0.499814439,0.821834392,0.55625453,0.537993415,0.99556318,0.107795234,0.418526123,0.795109797,0.017818718,0.633789713,0.217154545,0.194190496,0.286814103,0.840538957,0.269183537,0.850936369,0.628997417,0.924646903,0.585802257,0.499610174,0.587078329,0.207698332,0.675759993,0.290695425,0.454978662,0.011159663,0.325008841,0.169840262,0.534252829,0.577164238,0.169903377,0.006625713,0.812318768,0.694866192,0.163216079,0.942157879,0.991996207,0.597366257,0.496531421,0.079024176,0.909791028,0.104021271,0.567712609,0.55730128,0.578201235,0.920621509,1
0.45480131,0.691353121,0.377305442,0.618381913,0.234746314,0.514273408,0.366165682,0.811448062,0.622466762,0.692973625,0.405348743,0.097538911,0.37702988,0.128969238,0.05380475,0.09154208,0.938318501,0.443762925,0.323696699,0.256315181,0.726550364,0.437295582,0.051116602,0.955239601,0.034731138,0.958722891,0.893400002,0.353952719,0.396990895,0.871936317,0.884926216,0.464061065,0.270579839,0.079291138,0.347983151,0.936896694,0.124603162,0.06696095,0.82410479,0.491165288,0.86647673,0.773041396,0.048256713,0.967231915,0.660931612,0.564662521,0.264646403,0.849325573,0.105198615,0.6201355,0
0.054609208,0.572275645,0.126323369,0.860376868,0.844311525,0.837741348,0.683719543,0.471635317,0.791622201,0.789576609,0.031018032,0.104140241,0.737247736,0.710136568,0.155440608,0.073436742,0.751199111,0.18486169,0.231845416,0.712409233,0.010816144,0.309887603,0.284926066,0.242628367,0.118654429,0.757842506,0.846225885,0.32965826,0.846360013,0.271986384,0.510624593,0.679968507,0.681624085,0.388633102,0.773974667,0.026069287,0.457322949,0.366356953,0.630529757,0.413998938,0.655232366,0.784370561,0.607117727,0.595362274,0.808548063,0.778329211,0.706492189,0.358855922,0.223586693,0.424053519,0
0.986121313,0.775402906,0.123238349,0.392081475,0.22235144,0.820917059,0.911877907,0.930842175,0.104017748,0.291508198,0.484689617,0.06259072,0.153863214,0.012713576,0.04441917,0.08796435,0.651562891,0.368633614,0.773062055,0.354305857,0.98595792,0.135665152,0.187303134,0.563493146,0.995256908,0.445736947,0.713392714,0.322781399,0.972309775,0.029411177,0.220675119,0.161264844,0.468291265,0.248663231,0.734092543,0.732203107,0.95721965,0.168563279,0.416914683,0.556570026,0.137825876,0.387238532,0.059896286,0.71972095,0.998882239,0.072246066,0.635767226,0.743009671,0.797560277,0.046106108,1
0.596801854,0.784905566,0.73164353,0.918178384,0.352973789,0.943667281,0.140261815,0.84262767,0.157744094,0.867662589,0.509695861,0.655385608,0.647725928,0.472650397,0.676748287,0.902519838,0.504447171,0.9842853,0.248777235,0.777494111,0.009318785,0.121114012,0.523921349,0.289895856,0.647240483,0.981330095,0.354011973,0.804530841,0.431922636,0.563914741,0.182847479,0.282982785,0.32887058,0.321780036,0.773378776,0.894642576,0.953716774,0.313773997,0.141304856,0.256027041,0.5056004,0.189278879,0.416406268,0.743490867,0.521757562,0.287241454,0.517476991,0.115178935,0.589235274,0.390869876,1
0.274352625,0.200605374,0.749103682,0.022008697,0.879983036,0.85543125,0.816968576,0.439722161,0.778450689,0.727175589,0.185798509,0.333454089,0.319280196,0.69047769,0.915305678,0.001408443,0.280025392,0.962358218,0.758316616,0.194043137,0.097555433,0.630465245,0.818758845,0.588197518,0.897323013,0.565289789,0.804314054,0.385288488,0.818836144,0.680280908,0.18086753,0.982519909,0.847212238,0.204703367,0.777662763,0.214489286,0.064847279,0.329734611,0.565358772,0.601201048,0.199261765,0.438620755,0.185202467,0.109071417,0.017053082,0.967350744,0.329543384,0.834947232,0.183132941,0.970464977,1
0.361857144,0.645026818,0.074263654,0.913649876,0.243028926,0.39555058,0.748326888,0.713186973,0.799503217,0.687777266,0.829358492,0.836214896,0.868501617,0.909362149,0.088738732,0.199557734,0.000770451,0.213705569,0.583476246,0.715335136,0.730852893,0.386036099,0.955795639,0.205791028,0.302501232,0.180312623,0.002029956,0.725793743,0.746243415,0.8558409,0.307588983,0.678289563,0.691723419,0.65829027,0.158696297,0.956248959,0.588973036,0.627974845,0.838291143,0.262108511,0.719807656,0.508675445,0.203057493,0.396149652,0.102984651,0.820564804,0.358129305,0.435696429,0.566124975,0.755151729,1
0.045603648,0.278031399,0.08911107,0.910508952,0.346436484,0.728285921,0.990385845,0.173785847,0.182436186,0.226841544,0.264653599,0.393413525,0.16490726,0.650378492,0.964278237,0.695206419,0.706019388,0.794507826,0.849547426,0.574510418,0.836333657,0.384903365,0.534743064,0.841920502,0.32048422,0.803405543,0.185481478,0.395516746,0.142375055,0.753016352,0.202971418,0.535175605,0.387062137,0.493186291,0.315874844,0.485309078,0.709645112,0.83251236,0.975625187,0.443045198,0.372916143,0.060552942,0.031266584,0.563259242,0.249065025,0.869595474,0.650543619,0.859918162,0.51002022,0.858566945,1
0.899340777,0.089355366,0.316083729,0.149449614,0.581453848,0.544186163,0.561111031,0.319226071,0.299638584,0.926189959,0.980553069,0.572786871,0.333803714,0.268557129,0.845427026,0.521073315,0.413811066,0.151156779,0.658495262,0.411978269,0.58727198,0.491474644,0.828650913,0.086810258,0.110986824,0.771447682,0.032120834,0.111174439,0.488158437,0.226751025,0.805070437,0.886991846,0.742767232,0.083207098,0.875402691,0.289123444,0.815234497,0.910509057,0.044465729,0.854216581,0.791514943,0.549865129,0.708312068,0.546787726,0.109409365,0.085570906,0.264611254,0.703723922,0.151176839,0.735990937,1
0.1002942,0.317452304,0.593003278,0.588826253,0.715378551,0.217070954,0.047386391,0.570434102,0.376970805,0.84178039,0.062066071,0.157213286,0.88923197,0.281317752,0.117439409,0.6891314,0.290738166,0.485051651,0.775512808,0.659195842,0.903056773,0.948749548,0.560117042,0.927250672,0.459407886,0.303516888,0.513678363,0.870863754,0.334870803,0.185058962,0.970693818,0.84674122,0.491020668,0.701837822,0.735295164,0.678169951,0.074904341,0.945010415,0.829426996,0.119583525,0.612399768,0.605573245,0.958756761,0.049296987,0.109786224,0.481718574,0.91953065,0.264669064,0.074453881,0.531125542,0
0.8731808,0.100956351,0.779024731,0.267775832,0.561455001,0.185009346,0.415153322,0.28221519,0.53646303,0.284070286,0.057865402,0.833092865,0.955675355,0.96014549,0.296764756,0.724682431,0.982535749,0.708907115,0.911005134,0.85975386,0.939949897,0.924195933,0.250776548,0.392412957,0.220550522,0.039171983,0.6135049,0.588077101,0.427179438,0.793833633,0.192798604,0.653867971,0.033572667,0.298114905,0.372417076,0.430079618,0.867998678,0.585673943,0.248664831,0.684161197,0.734518767,0.48449575,0.646921824,0.647298906,0.328235974,0.999239968,0.762752787,0.548492813,0.030493724,0.372957933,0
0.089518871,0.225866837,0.684892016,0.34372861,0.802627418,0.99108117,0.48789538,0.612278421,0.160123549,0.596862199,0.04807051,0.89289698,0.457702229,0.703575611,0.881973213,0.512912556,0.617799049,0.39621298,0.974231194,0.489014405,0.987131388,0.078693076,0.961512904,0.962876213,0.1208534,0.861553283,0.539363405,0.565439611,0.099750927,0.498874716,0.350585729,0.237621919,0.020290719,0.891782714,0.929955904,0.686053119,0.045627846,0.559044279,0.580575094,0.624930339,0.450124131,0.555856222,0.039966959,0.624162834,0.039837256,0.198449243,0.752712715,0.909082262,0.091029011,0.18645726,0
0.332870847,0.646612644,0.729881485,0.691998076,0.486110874,0.079467873,0.267326736,0.388714529,0.178282036,0.284994667,0.140764702,0.390390976,0.602598225,0.243386803,0.613528392,0.558236411,0.991170935,0.605044497,0.398611299,0.068081737,0.891575019,0.069250741,0.480286437,0.327066732,0.026886418,0.998903687,0.299559341,0.904430411,0.223785503,0.212061094,0.618057789,0.85628403,0.415717485,0.383914153,0.572082466,0.094625687,0.711869719,0.583625869,0.812148511,0.351705322,0.378014894,0.372300845,0.050683886,0.907223857,0.649115313,0.067098615,0.183687327,0.943128119,0.589146712,0.818788234,0
0.274786867,0.921857677,0.052748732,0.729424134,0.678713869,0.649546129,0.355599592,0.83001683,0.754156305,0.503684368,0.937185265,0.713933223,0.45703827,0.785459523,0.168262498,0.675648872,0.606686999,0.380405638,0.388059583,0.731588202,0.598140866,0.158252245,0.893023153,0.56231745,0.105054456,0.246495081,0.861399708,0.399519243,0.590532537,0.830162686,0.87739641,0.882929753,0.850447023,0.560803097,0.230275662,0.70788724,0.200351811,0.778186485,0.657112691,0.409213194,0.225500115,0.737674981,0.907997264,0.868006862,0.933483771,0.887870306,0.194337529,0.377056704,0.590684907,0.964102208,0
0.728040847,0.438530631,0.598616034,0.538086738,0.355689985,0.196096953,0.018947827,0.282150788,0.644760393,0.540857177,0.537901507,0.95822762,0.960919897,0.245497399,0.050579212,0.034868094,0.942738682,0.372050995,0.679731895,0.179250574,0.897512185,0.821370298,0.092467845,0.157246965,0.205309535,0.003751418,0.418175074,0.568766342,0.383931683,0.043603122,0.546578589,0.594095318,0.170210862,0.515384218,0.425543199,0.202393006,0.816402588,0.981958369,0.041394932,0.25198982,0.827533868,0.414285209,0.139811509,0.090812401,0.186037609,0.541885944,0.794096446,0.816472721,0.419343751,0.652626189,0
0.058702482,0.216875573,0.793996885,0.156403117,0.667114083,0.353585345,0.981077926,0.634744097,0.935343496,0.726646517,0.605297861,0.776318527,0.971251584,0.559783073,0.791431657,0.325530832,0.97760446,0.085426979,0.012643083,0.803181113,0.353052775,0.406752468,0.129904394,0.636528873,0.495297118,0.970168279,0.006342289,0.746178288,0.402095944,0.598189281,0.407046506,0.262393799,0.409593253,0.998407537,0.446026682,0.518940797,0.88368513,0.910757067,0.694671962,0.109384353,0.599742425,0.176190976,0.524506616,0.607863969,0.122682074,0.005109267,0.430611352,0.13406878,0.975745984,0.852288656,0
0.358433796,0.173026047,0.662801457,0.205025877,0.049461271,0.842813412,0.939767905,0.661132867,0.848755886,0.87204966,0.497773891,0.597224919,0.97560409,0.783559549,0.842594829,0.076777612,0.368869769,0.348410715,0.894870461,0.384241552,0.149108854,0.679494384,0.668232348,0.223770074,0.662940223,0.931768922,0.4741305,0.386491696,0.217064431,0.179789617,0.434511923,0.265086648,0.705412791,0.995435855,0.841186084,0.211153459,0.881208521,0.008563229,0.299791091,0.919635045,0.405828309,0.497169335,0.496182176,0.780762622,0.234895068,0.944350893,0.409018057,0.442573755,0.412100295,0.063543941,0
0.351289031,0.650874385,0.418776259,0.122488134,0.977972238,0.736050056,0.695942673,0.408148968,0.04262341,0.288525995,0.759362488,0.228499354,0.396633436,0.066309753,0.07886608,0.987595424,0.039875245,0.774540822,0.44231252,0.097081322,0.783662254,0.564067011,0.983591266,0.882780699,0.201820712,0.902053931,0.235995284,0.176186651,0.44884629,0.823675804,0.528777901,0.949188526,0.36105114,0.761801864,0.294514609,0.310246678,0.867637025,0.865075559,0.643586986,0.779456919,0.352108741,0.315103487,0.973841454,0.416079581,0.864806518,0.09437347,0.02390153,0.908914659,0.512686606,0.724767564,0
0.562164705,0.83523869,0.877380907,0.605910259,0.07760065,0.753491934,0.463671859,0.131685165,0.190345752,0.201308381,0.06416294,0.841059856,0.782803197,0.872231793,0.100429766,0.81112767,0.179309085,0.779893984,0.197131396,0.998903721,0.798822773,0.777305587,0.391980587,0.366697377,0.116224022,0.484088893,0.453372277,0.152912987,0.14870059,0.728050189,0.160406263,0.697235769,0.493613149,0.071143957,0.376206046,0.816502597,0.172521482,0.756489817,0.010071697,0.712811766,0.028796218,0.034106293,0.114109475,0.241968228,0.726776316,0.833021907,0.51040741,0.544727203,0.034215535,0.67212312,0
0.681587347,0.646331535,0.233441747,0.878733143,0.412975796,0.787739299,0.641712536,0.438081802,0.217655087,0.774419802,0.01962484,0.31562405,0.048579571,0.125529155,0.599181448,0.453878631,0.856976882,0.560154079,0.343195818,0.874508785,0.144184239,0.414093951,0.988672583,0.726568127,0.068995508,0.279860725,0.2032467,0.656806947,0.683161012,0.079156996,0.684077334,0.49308777,0.885882773,0.303281654,0.832143934,0.260026405,0.619060594,0.69034518,0.831550786,0.854740279,0.02524944,0.183846584,0.547601606,0.229501701,0.469994783,0.805179892,0.956685686,0.165755952,0.190197311,0.748549308,0
0.32869384,0.660965538,0.030998062,0.126590919,0.956977974,0.565258126,0.102307668,0.614022622,0.756248517,0.165253015,0.578144811,0.591267225,0.154540522,0.30872521,0.480634576,0.823068278,0.034815552,0.229917858,0.584698787,0.057336977,0.355406712,0.731174951,0.286909064,0.450538791,0.7951411,0.80785876,0.260448242,0.404275166,0.695685066,0.522250267,0.290544694,0.322599758,0.23448301,0.631066669,0.35903851,0.489783839,0.443421298,0.548543375,0.009748031,0.714845428,0.093166108,0.017218767,0.484981257,0.146304398,0.213778697,0.556791554,0.73991044,0.806152017,0.031503185,0.457670313,0
0.157726294,0.421454343,0.255986555,0.389519203,0.471057392,0.310962069,0.23835724,0.184618406,0.781759985,0.219270286,0.159844579,0.266503876,0.422826347,0.046602312,0.76366398,0.116435372,0.971757997,0.025022036,0.492405062,0.74617856,0.394362018,0.044292115,0.626862548,0.625082918,0.394698734,0.320429877,0.688549532,0.588439771,0.959707201,0.183995068,0.776937645,0.128414902,0.880259186,0.88498236,0.542076928,0.913487584,0.841043995,0.335618815,0.330498309,0.592880829,0.021140411,0.935645576,0.002368347,0.800458759,0.165656234,0.14735569,0.408212433,0.449960226,0.52052508,0.795635058,1
0.184217503,0.861671386,0.241332366,0.954320154,0.02947309,0.721410145,0.101981816,0.098431444,0.554033721,0.727055465,0.001854831,0.11689913,0.193620338,0.894058197,0.093277159,0.590301742,0.033041718,0.179931142,0.805401377,0.973993335,0.041061077,0.725245383,0.662622071,0.00420509,0.11348437,0.598827058,0.813234692,0.792047925,0.643640348,0.448286835,0.131046322,0.444592858,0.383839877,0.823712394,0.94027351,0.191116001,0.15114449,0.373845269,0.367221778,0.915470615,0.268695977,0.804223066,0.10761069,0.41941233,0.910319133,0.692194687,0.835387901,0.123254787,0.395317506,0.489912455,0
0.152014983,0.436332693,0.285379052,0.91640656,0.420962664,0.45391331,0.713789648,0.999369318,0.296743339,0.399119185,0.043496847,0.482926426,0.635231639,0.576803213,0.029542865,0.592306055,0.772537405,0.872590085,0.477622277,0.722443153,0.776456271,0.720921969,0.835975108,0.616477126,0.284825934,0.742629337,0.109284175,0.437286428,0.08356263,0.112154769,0.164075509,0.406035564,0.155698658,0.939022651,0.64043773,0.869943914,0.314879749,0.983976422,0.611691105,0.173500044,0.3028791,0.229831991,0.99052074,0.104856021,0.965706948,0.267616514,0.192851755,0.096122757,0.817216691,0.120402619,0
0.159291683,0.562630562,0.873158989,0.254937901,0.651098584,0.958898361,0.331921133,0.939237154,0.447590659,0.264401926,0.70208146,0.617074888,0.962313301,0.56675018,0.333300585,0.740681375,0.315578189,0.271828723,0.7659189,0.598375884,0.426146339,0.94943716,0.90439986,0.287977557,0.486746788,0.679597116,0.199317338,0.06640216,0.441984706,0.85934721,0.531881152,0.194999999,0.906823729,0.392026402,0.244633712,0.253305426,0.199923718,0.997826072,0.157318759,0.320562719,0.030111239,0.851558584,0.546400387,0.313575002,0.021228003,0.325651705,0.367425394,0.691555031,0.597992445,0.798676752,1
0.299732124,0.694444267,0.291797933,0.916330268,0.021820608,0.200306326,0.957754566,0.588198629,0.831997905,0.703673707,0.763911377,0.570071357,0.095876979,0.015079303,0.799465779,0.839825659,0.303433296,0.996830619,0.86561636,0.842427914,0.240501874,0.45011822,0.404564134,0.781319774,0.364771434,0.072497297,0.334252915,0.647471469,0.622973573,0.126173198,0.603639505,0.993141409,0.251626986,0.999794526,0.998833624,0.600366798,0.405543134,0.03553461,0.815042569,0.211653382,0.986600657,0.84616609,0.095625366,0.773389195,0.404164946,0.606440294,0.693146738,0.531840349,0.560616125,0.7088261,0
0.566404239,0.147670003,0.496007353,0.081422856,0.905534652,0.683420859,0.39567109,0.574641806,0.955680552,0.688002499,0.355405228,0.041794145,0.41456577,0.20449473,0.081002702,0.312357829,0.226376412,0.007588055,0.185895276,0.240150428,0.28349411,0.319296704,0.581125362,0.728830021,0.389883932,0.152087679,0.521903795,0.714600759,0.212777933,0.994250612,0.337153493,0.495172101,0.7949815,0.886759615,0.896751339,0.026277844,0.834544679,0.383234597,0.354630349,0.584032371,0.268245654,0.863338677,0.195864836,0.874634981,0.178226034,0.472695746,0.858917127,0.976556525,0.033405015,0.032609556,0
0.979637843,0.42371754,0.794057053,0.906204557,0.831452188,0.998647813,0.369109422,0.069726064,0.753001192,0.188181186,0.628436861,0.35423341,0.035906481,0.620343743,0.845452406,0.083096711,0.893776894,0.96676481,0.797393874,0.102615148,0.415020167,0.976485305,0.245462586,0.313264816,0.120539779,0.22421369,0.976903771,0.261605522,0.90650011,0.308409604,0.639407011,0.546782698,0.496834012,0.507626705,0.287032779,0.320697653,0.236805729,0.6090735,0.089609546,0.321375264,0.502464715,0.492728471,0.551136714,0.311967353,0.204136631,0.984353051,0.201927225,0.873580034,0.795791135,0.054110742,0
0.022425664,0.413902068,0.606893176,0.162141711,0.346489483,0.57940912,0.544173842,0.30455981,0.834934698,0.708021242,0.167666497,0.837972795,0.291891612,0.28333817,0.178484836,0.732894956,0.064886016,0.363818381,0.461154639,0.689711701,0.613501369,0.255050102,0.02461466,0.719964948,0.007260489,0.242656316,0.032891053,0.083829147,0.38927971,0.795897904,0.805216711,0.563077962,0.430665148,0.108674683,0.932799902,0.234674216,0.245592063,0.138571284,0.905496671,0.71526176,0.638489901,0.083655416,0.318162089,0.246731358,0.244034196,0.382357753,0.969043886,0.499029794,0.233924461,0.971809575,0
0.05927978,0.278104764,0.606573779,0.051768951,0.995806224,0.135674721,0.715770939,0.589282267,0.310230629,0.210057619,0.770305498,0.426773722,0.361092993,0.855542856,0.122221568,0.525990866,0.576020906,0.570826074,0.502286656,0.736086099,0.356994678,0.465205944,0.858620747,0.828086597,0.78008991,0.48016134,0.89464227,0.372762839,0.767008484,0.60955793,0.296484876,0.036820456,0.59609722,0.418395808,0.515653501,0.706184267,0.335017249,0.706620404,0.737285,0.413600092,0.290087273,0.35397635,0.953607121,0.852160424,0.150884289,0.202065273,0.358007012,0.852151154,0.093328931,0.591411192,1
0.14997865,0.305127648,0.264384885,0.360586269,0.595912897,0.216833431,0.610691328,0.970788034,0.626142418,0.795341877,0.882502111,0.40427391,0.437561644,0.212770001,0.787971604,0.450168111,0.977659223,0.64809316,0.706194796,0.590999978,0.133996028,0.562094185,0.139893872,0.396262868,0.834437608,0.428190504,0.904561167,0.371164314,0.580249669,0.478607848,0.567478817,0.980835966,0.186137106,0.119561966,0.306826543,0.140852235,0.174143707,0.595951307,0.062375648,0.14033808,0.08091091,0.126045265,0.942246008,0.122039223,0.194684707,0.306284655,0.119916893,0.580719453,0.277570731,0.552466924,1
0.29362767,0.159701355,0.598741031,0.521585856,0.911885651,0.998526247,0.089695242,0.634625038,0.790179041,0.916860644,0.837600383,0.041199074,0.476830612,0.151501668,0.627751897,0.755240337,0.705007435,0.961906514,0.129155277,0.87959068,0.010717841,0.776635138,0.037972684,0.053477256,0.883081945,0.438703449,0.511505379,0.639701052,0.580600112,0.405828569,0.441957699,0.589443827,0.397352125,0.931400982,0.144839217,0.034599281,0.06639658,0.053526671,0.658015467,0.934878569,0.060114482,0.51997742,0.403484293,0.733505692,0.611747488,0.857356055,0.738754889,0.637243252,0.29763775,0.682737355,0
0.189664929,0.59593877,0.833866203,0.687887621,0.903899834,0.657329006,0.934377677,0.065204671,0.416755939,0.817624997,0.745495418,0.184880768,0.572156068,0.681084031,0.973923459,0.667578732,0.233964423,0.141385343,0.777272197,0.221693512,0.994247979,0.042182002,0.737906831,0.309772974,0.929999267,0.24882643,0.261108224,0.739199077,0.177665786,0.108334365,0.201048084,0.847939139,0.904367631,0.995649687,0.885956791,0.649607244,0.324842552,0.841345323,0.926168209,0.022988489,0.902078492,0.496933553,0.824264351,0.188314962,0.63012085,0.192441462,0.076312922,0.431199137,0.203168781,0.746532131,0
0.378566996,0.664419872,0.483663595,0.940726492,0.282733331,0.344909967,0.877836058,0.182235476,0.149278087,0.055592459,0.035499595,0.566387666,0.573115211,0.456691317,0.928379629,0.071536648,0.376995528,0.203714388,0.809077543,0.776882915,0.511036733,0.533662544,0.495834821,0.31209607,0.097090996,0.22289874,0.92559746,0.372530686,0.526824923,0.155398828,0.994530528,0.928805912,0.868604789,0.730326177,0.083330741,0.309880527,0.424785985,0.184281641,0.530571355,0.49031924,0.123060116,0.491998939,0.288742834,0.988733711,0.615174459,0.095209529,0.625422263,0.498831925,0.95602767,0.93587336,1
0.007201649,0.312710349,0.903861398,0.389774104,0.456283789,0.818092673,0.469551457,0.564394485,0.232331017,0.726958492,0.388874047,0.727305253,0.575900232,0.240534562,0.875760716,0.808894996,0.428808138,0.995950125,0.294154976,0.668299984,0.728019723,0.849390571,0.737050028,0.916904619,0.014586862,0.56971189,0.133241076,0.268709998,0.087838954,0.225871007,0.795104513,0.144852651,0.275240823,0.417267008,0.293520163,0.476576659,0.233418472,0.668722978,0.492716088,0.899030709,0.843392525,0.354940111,0.748499039,0.489286113,0.560283974,0.402746933,0.652914196,0.034973847,0.527150429,0.039780962,1
0.023750605,0.789383677,0.519504094,0.978971287,0.952305489,0.35765936,0.742700064,0.325172768,0.392415815,0.816105552,0.318596554,0.064795585,0.265410345,0.435543046,0.799105747,0.803665058,0.757646931,0.554630654,0.23834517,0.040254375,0.52314203,3.59E-06,0.338562288,0.840632602,0.985509829,0.025445701,0.044767687,0.5279276,0.569896635,0.257074336,0.10326252,0.278510755,0.720340875,0.711239247,0.036928369,0.912915114,0.700218061,0.072891444,0.812948351,0.318870631,0.879530443,0.870071705,0.115010316,0.097321929,0.938557116,0.123210969,0.171317296,0.321688949,0.919768512,0.490513652,0
0.844753569,0.12644969,0.009916278,0.933471587,0.464160066,0.170130628,0.74869793,0.751796507,0.912383912,0.579434219,0.258146012,0.092771012,0.27624005,0.387558104,0.220778486,0.867189365,0.708555116,0.509455533,0.744178984,0.911673626,0.992289814,0.094091188,0.764890591,0.011576203,0.452249162,0.872815797,0.140052532,0.679326299,0.820876638,0.298829845,0.504052983,0.419087934,0.71030056,0.202575125,0.270769313,0.853040827,0.598998238,0.338896914,0.825094542,0.130172772,0.276421623,0.547836313,0.861021987,0.447877982,0.432034519,0.352822015,0.19516013,0.47250969,0.213397236,0.222542345,1
0.669060905,0.705842047,0.138383337,0.592540845,0.590196258,0.377379684,0.164569762,0.633537636,0.875723367,0.657934745,0.397005176,0.178732013,0.859321384,0.95326415,0.293921304,0.128048466,0.492653048,0.40713726,0.94780373,0.098524845,0.036899954,0.890739526,0.86416859,0.310361933,0.039983549,0.329304819,0.13325395,0.968310978,0.543593551,0.398840524,0.669120672,0.568655754,0.320909974,0.112846592,0.918575389,0.764505389,0.690604096,0.203722304,0.964762439,0.702470769,0.403216179,0.205500613,0.523365622,0.744809943,0.00040975,0.829522482,0.466866001,0.78637553,0.223574093,0.45194553,1
0.699853735,0.2149991,0.262440936,0.826834662,0.324638663,0.920457073,0.902217079,0.31473718,0.25866154,0.136001581,0.033620995,0.06833007,0.364849008,0.895469926,0.022332391,0.569243402,0.668138118,0.36375978,0.348595514,0.152974683,0.959641286,0.124828517,0.947707902,0.939446179,0.336316041,0.768752943,0.926547443,0.993942353,0.364432497,0.097342838,0.605864601,0.865919213,0.872199769,0.076357094,0.975142019,0.03585289,0.781125193,0.838510662,0.03164101,0.319122211,0.151500346,0.503939884,0.234948364,0.544463334,0.869908189,0.434796238,0.6350213,0.621788864,0.536203878,0.83632668,1
0.569684183,0.405927453,0.788560898,0.124598121,0.859027094,0.08824766,0.272366879,0.351037422,0.371616645,0.366383057,0.203475555,0.704389164,0.578502673,0.3139031,0.336971031,0.195367834,0.680053002,0.69125411,0.399257387,0.836915744,0.310904718,0.592678162,0.451049225,0.729570316,0.692784456,0.72269066,0.592955604,0.194702607,0.611565915,0.79009418,0.854425758,0.952334234,0.988096012,0.759805065,0.259090914,0.964775022,0.953311111,0.399554025,0.201431361,0.501085677,0.291214818,0.646651461,0.587529434,0.07666694,0.933604726,0.713084078,0.676871099,0.823899262,0.251352694,0.504846931,0
0.647938679,0.374796782,0.296805447,0.896782284,0.070824185,0.758255049,0.849434478,0.503196339,0.126471662,0.361738717,0.401754429,0.08996335,0.587893141,0.137324363,0.714159425,0.15260365,0.899001714,0.792170045,0.617778341,0.413183419,0.626255481,0.671709971,0.793199707,0.28043053,0.825890946,0.281712263,0.084839238,0.744719956,0.863864167,0.167757929,0.516256284,0.865906237,0.604250481,0.953780464,0.55732665,0.554126461,0.620235221,0.609648359,0.20811616,0.600601763,0.593993536,0.164934843,0.811800125,0.953140786,0.886807896,0.498209133,0.814155887,0.46893511,0.675472697,0.279339889,0
0.084896195,0.242231502,0.536109173,0.544124205,0.440300559,0.09521977,0.539756666,0.607573143,0.34813159,0.925175819,0.509301465,0.614607451,0.219189378,0.269344611,0.472651603,0.821127607,0.945862112,0.891096943,0.995660457,0.838915292,0.644302984,0.617338535,0.259661671,0.26056504,0.8748307,0.731854796,0.516205259,0.210673513,0.951753951,0.405054801,0.660229707,0.417143129,0.248866617,0.019818261,0.843144436,0.414011674,0.91166764,0.479469605,0.272727759,0.947905987,0.712995563,0.810846785,0.019509856,0.245900784,0.158253804,0.611273866,0.26093934,0.0559495,0.912708084,0.278202543,0
0.142233344,0.392673216,0.902843977,0.301321599,0.191915016,0.702146158,0.29442224,0.792526325,0.965975726,0.088990967,0.090850966,0.938628526,0.941472916,0.81954517,0.875141209,0.27115914,0.939290198,0.383985623,0.499981044,0.886055197,0.923343264,0.402211025,0.74219126,0.420913811,0.936210932,0.12960164,0.375804082,0.999374231,0.261065528,0.983294983,0.854088788,0.066612098,0.09208071,0.498533929,0.82233036,0.891298102,0.400970265,0.995048427,0.86950966,0.829779863,0.304457029,0.213982296,0.809739075,0.825906789,0.971533397,0.506663028,0.364461748,0.930018575,0.017421163,0.370942745,1
0.286328055,0.698611013,0.8222031,0.41305239,0.031108275,0.669704237,0.950637674,0.418339549,0.458605419,0.545850597,0.14226492,0.185249164,0.664410557,0.788222673,0.710248419,0.64333459,0.844894033,0.316330656,0.318603051,0.599804652,0.412152625,0.72353206,0.475819097,0.421572426,0.550251447,0.127355162,0.560721868,0.051737764,0.750293044,0.555526305,0.420707727,0.784320071,0.734643451,0.029638404,0.14769156,0.392157068,0.119891029,0.523140428,0.954510878,0.905353621,0.338031846,0.729023209,0.842704505,0.69539258,0.597769736,0.375969587,0.678140966,0.645778,0.869456809,0.997620637,1
0.434450564,0.104113207,0.38448696,0.17599666,0.242708911,0.803706969,0.034597782,0.086300385,0.59000704,0.892819896,0.246949204,0.06645089,0.387722037,0.564621825,0.622392226,0.981858783,0.295982707,0.087338381,0.137926133,0.05488781,0.557850383,0.698613504,0.951557314,0.539387793,0.331697609,0.227545249,0.994116374,0.042255481,0.999636994,0.542508521,0.617776111,0.846752761,0.86915185,0.274194441,0.32873693,0.183861719,0.464275784,0.463518645,0.35220361,0.582835114,0.673433587,0.014946073,0.639755626,0.376927789,0.195187007,0.6333951,0.309764743,0.451342303,0.027740483,0.216586343,0
0.462791713,0.738866824,0.958497395,0.505936888,0.257174069,0.215079835,0.386696164,0.967222188,0.122848578,0.791500127,0.930464483,0.148941367,0.89953709,0.442001035,0.007790139,0.303687428,0.119914254,0.433882843,0.403298195,0.548266056,0.43185754,0.476117289,0.035458878,0.893042076,0.505502069,0.906533255,0.651205804,0.834280772,0.190225863,0.028082874,0.770066607,0.956216927,0.297943957,0.248076024,0.694207685,0.313511395,0.630755037,0.606652869,0.739660391,0.316383276,0.429687282,0.302097762,0.799417273,0.651597908,0.532899938,0.151582964,0.269720485,0.498707756,0.253035557,0.192078438,0
0.772325063,0.960538479,0.195246612,0.69335793,0.199022988,0.110828356,0.044891878,0.433253024,0.02427176,0.052754195,0.367570846,0.372742519,0.606001909,0.212734956,0.751343857,0.899403165,0.497755702,0.600001081,0.394701578,0.006575988,0.276819044,0.748965237,0.580539696,0.581195474,0.505038629,0.03090827,0.919818094,0.592683416,0.236722528,0.063791039,0.527694813,0.747114184,0.897521477,0.656402474,0.315064165,0.626192587,0.080428803,0.318751558,0.408614329,0.309291562,0.512174545,0.983184331,0.129754102,0.531568886,0.602050333,0.700536983,0.667275881,0.05525955,0.974659967,0.097054545,1
0.430680714,0.154634448,0.036284478,0.75386408,0.998690882,0.157762985,0.522429303,0.79168444,0.18122563,0.674747138,0.650635712,0.75671513,0.328965928,0.555594273,0.586444336,0.579480235,0.835377603,0.61797953,0.183208892,0.909993757,0.695345,0.593505371,0.838174927,0.222395454,0.532637134,0.581787329,0.262632811,0.551113123,0.799935631,0.35883326,0.142725792,0.662404507,0.304082294,0.426367383,0.875662367,0.165460153,0.706916281,0.050177632,0.681720195,0.856286589,0.101654936,0.795301231,0.777104228,0.464645173,0.057129345,0.745511231,0.440754113,0.381047843,0.981708831,0.278243782,1
0.399249098,0.301697884,0.621780541,0.958342703,0.25792947,0.491624313,0.324987425,0.911070119,0.068578945,0.076055943,0.976154983,0.200429311,0.732215568,0.572626316,0.081065082,0.632188005,0.532112363,0.589320155,0.438953574,0.768267599,0.837947534,0.279037425,0.285965796,0.288058104,0.377965008,0.164549574,0.281709254,0.94920533,0.009781496,0.347367361,0.009261069,0.142281597,0.952225384,0.075367956,0.511536961,0.296828992,0.590686825,0.805729242,0.921220449,0.111971847,0.011854151,0.917005724,0.847690744,0.458068091,0.910216436,0.997507873,0.549956551,0.92177836,0.424420815,0.067434714,1
0.591138677,0.066936627,0.375334782,0.300238038,0.13908131,0.254936362,0.076309259,0.853753683,0.12834308,0.313845059,0.811124389,0.743548182,0.143826837,0.099341469,0.724107728,0.031134241,0.549255155,0.675587524,0.212168728,0.034270125,0.294869705,0.700292945,0.329929338,0.869140302,0.513142542,0.124761115,0.791697989,0.216134532,0.612611626,0.336299124,0.304360675,0.972550433,0.246321182,0.277871761,0.19979445,0.271721917,0.192671058,0.991161293,0.580529537,0.523418174,0.441260313,0.990199199,0.180120069,0.411582058,0.975268304,0.302788548,0.409937715,0.7108932,0.04061954,0.879747055,1
0.277894653,0.104317041,0.822164083,0.175054238,0.990301184,0.692349121,0.602152011,0.853217124,0.830204099,0.84745999,0.841037975,0.491525271,0.677794724,0.561362115,0.266614631,0.157131789,0.157105113,0.102898469,0.437533234,0.294342951,0.429589781,0.590856742,0.092720815,0.77126231,0.569468239,0.601533203,0.978285298,0.46987565,0.362941213,0.178474774,0.996800788,0.706993097,0.831537531,0.076195614,0.267473465,0.940764929,0.163421432,0.529953065,0.126765919,0.26564128,0.340238521,0.521311245,0.860821067,0.327323378,0.470138264,0.576139756,0.073053233,0.943310258,0.58616727,0.708040961,0
0.37886498,0.639365983,0.230726017,0.655972729,0.325104924,0.471035819,0.350662569,0.475506479,0.055842597,0.148451237,0.621736203,0.020659772,0.087549605,0.924742899,0.693772237,0.072644277,0.439926301,0.763474658,0.878288583,0.77310989,0.986314767,0.756047189,0.50923977,0.69937341,0.185003072,0.218870587,0.162982604,0.609869699,0.408879609,0.678813928,0.184618578,0.474187496,0.833454213,0.478866001,0.739054984,0.336893396,0.237070791,0.791724946,0.331581208,0.039805134,0.872272258,0.539181686,0.308664388,0.835320794,0.471953594,0.770634013,0.118353936,0.556734361,0.036240251,0.47375791,1
0.324263239,0.194343544,0.75232556,0.277595738,0.065774853,0.824274498,0.232243998,0.726042904,0.754296436,0.25378555,0.374273775,0.53022253,0.565482805,0.639464368,0.881614512,0.499184016,0.505918469,0.802632977,0.974333192,0.264670388,0.189410126,0.391039402,0.466057752,0.273515103,0.448894494,0.941116887,0.536029555,0.047082704,0.128464366,0.706492426,0.947711942,0.600331104,0.181917676,0.602394143,0.802728354,0.471042362,0.400021509,0.126506081,0.2533842,0.08822587,0.512192604,0.157471252,0.929612307,0.126367663,0.770732254,0.86298332,0.163930562,0.501683447,0.235183241,0.557597983,1
0.599729637,0.353371022,0.279085356,0.03554244,0.740387023,0.837141338,0.073343729,0.74859049,0.90528747,0.017651149,0.838101593,0.938026492,0.678521606,0.59578595,0.643779946,0.35237382,0.778367572,0.99287807,0.407103956,0.27277858,0.538670944,0.3051588,0.062410542,0.597809966,0.423937861,0.236954579,0.034157392,0.55701738,0.075291535,0.816681223,0.24644582,0.623645194,0.111863587,0.569921023,0.456864268,0.871842291,0.823992762,0.504126378,0.954287055,0.491185622,0.003522361,0.379338154,0.904084645,0.208352468,0.517675401,0.399848824,0.897274272,0.699871319,0.338306093,0.544926478,0
0.647870942,0.109340122,0.380263375,0.954739102,0.549213693,0.503676671,0.143387248,0.857000948,0.114834234,0.982816202,0.734513057,0.251627265,0.868661112,0.717962711,0.696966036,0.123593434,0.604881057,0.069022639,0.638851006,0.635381543,0.872421263,0.022474163,0.726218281,0.233588612,0.720139632,0.019620897,0.980506921,0.16020742,0.877354101,0.495619277,0.748346818,0.358819641,0.72374465,0.061623027,0.635839184,0.799974439,0.642148839,0.480108981,0.437006292,0.69635694,0.232459977,0.190832746,0.864301022,0.376374678,0.418514742,0.298964553,0.13845866,0.643387803,0.155233903,0.235770681,0
0.384899097,0.500243285,0.101317703,0.000643838,0.770865821,0.503779028,0.488821923,0.176508696,0.295776659,0.975853807,0.028283669,0.158340163,0.477260943,0.414522018,0.057737003,0.337725843,0.032196034,0.905443659,0.202929086,0.882942333,0.429807307,0.357850984,0.543585029,0.103212657,0.964032898,0.620868069,0.511205346,0.465091364,0.074007873,0.162345006,0.227557962,0.78898141,0.772653468,0.514856371,0.950187201,0.563589156,0.153508694,0.6112898,0.183716973,0.254123851,0.107255198,0.729581894,0.205846996,0.537416067,0.089014889,0.37650528,0.678287787,0.357280451,0.046064959,0.334253874,1
0.915985489,0.864175858,0.349304721,0.111477577,0.260639473,0.599102423,0.880857623,0.118018716,0.108880262,0.993832448,0.620107945,0.999084768,0.521196059,0.208713333,0.497392424,0.375081098,0.661660199,0.630793103,0.825693793,0.095048602,0.876490817,0.866527129,0.225203032,0.673127948,0.429436956,0.037368435,0.233839327,0.113307233,0.390671269,0.490361934,0.924962648,0.123675598,0.356661249,0.935192084,0.993150231,0.574306264,0.085743607,0.221033373,0.801616638,0.50210323,0.588764491,0.147077489,0.784896601,0.225935288,0.431326825,0.425701791,0.577382658,0.217624177,0.907674626,0.682810566,1
0.596034958,0.818287628,0.121365805,0.287009357,0.91993484,0.834214764,0.142477083,0.302961251,0.733687535,0.317651307,0.664758395,0.827205664,0.342987748,0.530040292,0.03405881,0.990672036,0.787412532,0.338562282,0.038223436,0.130390497,0.415785528,0.020531374,0.992449129,0.14431633,0.501740454,0.019515945,0.881439052,0.391487572,0.402303076,0.661394558,0.588162441,0.26411734,0.153915353,0.623065105,0.394158909,0.440800219,0.020919073,0.555159322,0.865170127,0.493436468,0.467000999,0.001247455,0.51470228,0.521396655,0.118482504,0.783045462,0.971450662,0.233555043,0.029584458,0.21285925,0
0.237899344,0.598143152,0.101296879,0.192063711,0.197748374,0.471031857,0.803534769,0.828988948,0.469895737,0.259342273,0.864115337,0.266839154,0.384482637,0.82383458,0.101505577,0.426580916,0.096813377,0.105373906,0.59089945,0.186159274,0.630957672,0.610817361,0.852315025,0.091562768,0.064441796,0.844709974,0.227529352,0.225427929,0.163412221,0.075683332,0.029275525,0.794769188,0.945277597,0.86001784,0.647928774,0.668098835,0.440876248,0.237464069,0.036714919,0.552222945,0.18337824,0.88312195,0.429420301,0.289419459,0.0319047,0.387426172,0.458015085,0.928148489,0.346019068,0.593284006,1
0.037207603,0.426510968,0.647536962,0.009036702,0.635475836,0.723127582,0.607195217,0.758959988,0.396953664,0.379288816,0.877423232,0.788142455,0.611342391,0.321781587,0.173817058,0.654215194,0.901555532,0.22021664,0.022090666,0.460976012,0.205479757,0.695994589,0.310239522,0.780883043,0.232878892,0.084743575,0.127510017,0.224364432,0.744715542,0.730483392,0.287880689,0.302123224,0.196828261,0.780422917,0.143382126,0.6789649,0.330615514,0.579355968,0.550424619,0.232477073,0.349429063,0.380003634,0.415931542,0.719746691,0.082593936,0.479993037,0.466153223,0.802903605,0.44991374,0.579911851,0
0.761226122,0.459080997,0.441491817,0.545180425,0.382521975,0.164084169,0.62281959,0.931504968,0.36334503,0.695561272,0.529032207,0.014726336,0.926514591,0.772524002,0.963601202,0.822145836,0.316832159,0.771003719,0.811979046,0.880574592,0.360968024,0.248746888,0.131519376,0.455809464,0.198370002,0.71039272,0.794783108,0.734640606,0.656225855,0.509576827,0.9320191,0.430261092,0.718415024,0.291863815,0.932770418,0.872149927,0.373699876,0.280929116,0.628429795,0.818888152,0.381379923,0.243222501,0.005089723,0.160862514,0.102614522,0.016301122,0.407094052,0.80342772,0.545143144,0.241396193,1
0.16613328,0.456963743,0.326228439,0.727488553,0.967845441,0.256753407,0.844852183,0.858463324,0.954925229,0.608598347,0.194230531,0.700158096,0.96700106,0.080371837,0.658437952,0.160019658,0.119821313,0.145679585,0.663097604,0.192194275,0.465214192,0.012723172,0.299234054,0.896522108,0.991865192,0.680358347,0.09009351,0.931343808,0.236329114,0.169719731,0.708144207,0.255919278,0.294783265,0.020814815,0.789801763,0.960934466,0.061120263,0.925709945,0.532055669,0.010821395,0.004017769,0.309134689,0.776367217,0.118627324,0.14791133,0.123772979,0.886437562,0.898580539,0.981810828,0.251021417,1
0.572794093,0.942241965,0.666567323,0.722908262,0.836077517,0.388415964,0.511802777,0.917262676,0.448671218,0.303773844,0.975404622,0.778928563,0.075499462,0.867448562,0.134135756,0.383692028,0.995332823,0.566720726,0.06883525,0.3284732,0.56601362,0.181019176,0.160340087,0.739573363,0.807228342,0.67109515,0.245586218,0.307081707,0.080900517,0.722680275,0.230401588,0.05189498,0.10829549,0.042824582,0.587054839,0.365150258,0.499826287,0.921672928,0.020342429,0.328418025,0.522212202,0.726234041,0.80206337,0.834175621,0.857707143,0.47647024,0.89338305,0.567024591,0.752117486,0.041535076,0
0.379474825,0.936711249,0.774196747,0.40554454,0.778733542,0.433926404,0.628795282,0.034787556,0.600795928,0.470480602,0.2495235,0.776502535,0.618683531,0.257803895,0.599128111,0.111946551,0.220486469,0.378225262,0.746158115,0.35840367,0.687209377,0.365279094,0.82696021,0.437913908,0.800376754,0.341679351,0.915673024,0.808727644,0.28559777,0.087101563,0.663962487,0.960680627,0.636227795,0.428075171,0.500694767,0.656476663,0.362761387,0.926663063,0.579093938,0.376121673,0.170788284,0.931198142,0.946599801,0.995656721,0.929225423,0.305599293,0.979578419,0.64416699,0.74131875,0.322793186,0
0.036118562,0.173496226,0.768262722,0.350707813,0.57834288,0.367821098,0.541816825,0.669620821,0.848571129,0.573643925,0.4251199,0.807256744,0.771081243,0.821339563,0.837858145,0.725159898,0.977261231,0.114460263,0.985161344,0.245601314,0.605072203,0.548771592,0.270695507,0.245212469,0.254007933,0.312661594,0.074151834,0.497073201,0.072958387,0.356179359,0.362014564,0.221071083,0.591721723,0.423220604,0.037430279,0.693168805,0.451267457,0.511076026,0.175849264,0.596511318,0.130012659,0.184585972,0.961352328,0.117594313,0.239755391,0.443620588,0.556119544,0.866949804,0.056955543,0.889314791,0
0.477818686,0.864770272,0.899467387,0.569792845,0.262742012,0.138309543,0.301959314,0.394589433,0.037434184,0.604139936,0.651737426,0.273320454,0.252440864,0.424393607,0.577401018,0.418154451,0.853180697,0.878006337,0.404194236,0.830469921,0.860930642,0.536948963,0.13006023,0.049765869,0.95653688,0.014493967,0.837707701,0.584691143,0.332858036,0.916807682,0.156927892,0.085874763,0.146800905,0.891427503,0.026386468,0.937005973,0.055765205,0.180007919,0.96134254,0.130909517,0.169798846,0.683998971,0.587063834,0.337682697,0.425635721,0.345824186,0.515892685,0.595138043,0.553846971,0.809464861,0
0.188147629,0.721824263,0.15633173,0.669787221,0.370234613,0.21877688,0.218368559,0.472893251,0.926029819,0.24300585,0.941774906,0.813803162,0.110275121,0.40891133,0.698060137,0.450973071,0.351601514,0.876537276,0.39181336,0.92682917,0.681656489,0.878802039,0.207855659,0.475602181,0.078324928,0.931779651,0.581416838,0.629968778,0.229629524,0.214573658,0.830669875,0.67085353,0.943705562,0.639588346,0.806074089,0.680737834,0.456718609,0.408820925,0.748431737,0.241889862,0.571858655,0.087544548,0.099932203,0.952042121,0.914275667,0.814079682,0.40192815,0.554723335,0.188212725,0.209155119,0
0.300499987,0.308405854,0.63441541,0.543131381,0.05460103,0.409929835,0.989367734,0.463796128,0.584454009,0.613503162,0.229538478,0.176974557,0.346900079,0.610418498,0.508206684,0.156819785,0.695984747,0.529107989,0.842694769,0.941364593,0.394363342,0.441701457,0.708763347,0.105400294,0.237549064,0.611147082,0.159851295,0.934462751,0.278713827,0.734345699,0.632507791,0.721307335,0.773407406,0.243350616,0.701828412,0.653442041,0.861951561,0.342707121,0.329680548,0.964221397,0.141116217,0.424725421,0.512315297,0.680406322,0.971812939,0.496144957,0.678748752,0.736089527,0.769307401,0.801359828,1
0.091345854,0.748686863,0.903968044,0.809488232,0.685584557,0.130413379,0.016153428,0.009209744,0.463109277,0.950837329,0.248517514,0.887654766,0.456313636,0.645245487,0.466587541,0.899934586,0.37989892,0.35935092,0.56692733,0.583687229,0.453396226,0.468157957,0.776937188,0.599108164,0.765858159,0.168642654,0.939179154,0.930117064,0.515510274,0.564318808,0.43032285,0.837051276,0.27605361,0.317038195,0.139205908,0.820891218,0.583527373,0.256698316,0.378144097,0.827144545,0.516471562,0.594936252,0.509537896,0.865066023,0.529286286,0.430901504,0.399673179,0.305107275,0.712573447,0.124514852,1
0.231953124,0.161715295,0.443814929,0.996379066,0.834931613,0.409148524,0.508053421,0.129103293,0.12704311,0.699657806,0.049039656,0.783623973,0.687231878,0.468003141,0.841808347,0.669444982,0.715603909,0.854690103,0.472087051,0.642935382,0.232435431,0.721999746,0.068056592,0.478913911,0.349580748,0.736628321,0.344106362,0.807350825,0.241735796,0.593978492,0.46174454,0.206946602,0.379416189,0.818022935,0.829599112,0.271982132,0.104711699,0.050490903,0.234153376,0.942222327,0.609442505,0.251269956,0.948278291,0.308354158,0.150399769,0.177701907,0.115526798,0.955534455,0.151556597,0.799006486,1
0.309594818,0.841363667,0.159609228,0.217682579,0.015264781,0.173645839,0.490109021,0.0284278,0.802677928,0.036275785,0.562952171,0.870583066,0.338134864,0.425704086,0.469613672,0.637198275,0.880568872,0.738211743,0.060876401,0.076017056,0.224469428,0.393292742,0.305985356,0.015659375,0.621831162,0.853057928,0.884613091,0.014561512,0.79630372,0.138466223,0.067996225,0.662446386,0.722803836,0.022695829,0.50189682,0.170935481,0.526076313,0.516443663,0.400414981,0.890840947,0.118794668,0.620685754,0.188093367,0.325299784,0.118457711,0.077719384,0.081420274,0.735924199,0.024359313,0.767596497,1
0.754124438,0.016477463,0.853736639,0.420512844,0.382463541,0.923200014,0.99595149,0.046593681,0.365379386,0.924258656,0.859620017,0.01771006,0.165166896,0.577084372,0.598095487,0.989462569,0.032920202,0.882346237,0.331426498,0.64004235,0.054149537,0.549489748,0.091414811,0.449848785,0.24211308,0.683837096,0.017246124,0.887819142,0.203862118,0.423800127,0.775710697,0.32106664,0.696622633,0.303088218,0.468626052,0.679350694,0.886701004,0.667898429,0.619498951,0.135890608,0.504893769,0.204517377,0.008810774,0.402133703,0.554996113,0.040608455,0.644904678,0.539889791,0.783848475,0.257883805,1
0.771935084,0.217084927,0.196108292,0.223151841,0.880388192,0.818045393,0.47553713,0.552428593,0.246945353,0.4083708,0.584822683,0.477998307,0.492712413,0.032466436,0.719019826,0.616722201,0.44532949,0.102497579,0.746334781,0.909838216,0.092200293,0.02301382,0.492703978,0.666638932,0.541196116,0.295362108,0.489756773,0.731115427,0.479810159,0.76830869,0.360362969,0.409794302,0.001912825,0.364201986,0.107659529,0.16851562,0.703335496,0.615895091,0.70690566,0.065297339,0.187384159,0.460303473,0.423468137,0.242138996,0.783739806,0.368309511,0.247301084,0.070332074,0.556447607,0.484155409,1
0.892988722,0.01508181,0.765016819,0.072170264,0.336332638,0.442994697,0.445669625,0.758393484,0.965957337,0.191902163,0.171180793,0.969394471,0.158159457,0.051459049,0.69145575,0.674656167,0.552671495,0.567735017,0.237035654,0.553105668,0.043301631,0.825460826,0.952769201,0.014383049,0.651204437,0.023596432,0.527357867,0.161486437,0.039190218,0.047966497,0.806613236,0.818598475,0.859859676,0.620289129,0.692812941,0.212848227,0.907883142,0.046223913,0.027667143,0.192664572,0.880816289,0.842647054,0.490488148,0.510869895,0.626749023,0.38775657,0.177067009,0.170831634,0.926896089,0.295248653,1
0.770284186,0.606955221,0.327567247,0.886963771,0.059639408,0.062962235,0.042141012,0.010512281,0.095032354,0.260930925,0.648875786,0.428059853,0.009026327,0.413638826,0.593246885,0.332262135,0.257286286,0.08169524,0.648226931,0.19472603,0.336312406,0.420459489,0.822278384,0.541299865,0.536865724,0.284384739,0.305926276,0.83832375,0.220240003,0.912422025,0.456134192,0.442674728,0.991625781,0.313812833,0.765820833,0.913993047,0.111366819,0.469194488,0.65016445,0.046346545,0.982226952,0.786872098,0.17842707,0.417455413,0.135655123,0.120270434,0.211496976,0.052553386,0.958771536,0.361083094,1
0.411891809,0.614183972,0.69486568,0.999456435,0.029096862,0.7554446,0.425482021,0.387828801,0.451224671,0.552026476,0.998564248,0.277155759,0.536729295,0.145728503,0.025391304,0.058026567,0.553612423,0.504646455,0.81707363,0.123746366,0.025939914,0.284089743,0.729825368,0.523469121,0.959015228,0.475690097,0.943649454,0.435534754,0.980229874,0.488234927,0.628868057,0.12190434,0.416166666,0.725739421,0.511998324,0.492776563,0.358674933,0.930428909,0.386297114,0.806910066,0.886346257,0.298903356,0.150715809,0.197316643,0.735165429,0.32945527,0.652981496,0.170385748,0.054819633,0.724299009,1
0.549217736,0.299182788,0.235970138,0.931385353,0.591606581,0.811497996,0.840615912,0.337267825,0.765692476,0.499218557,0.044941609,0.932714641,0.357413944,0.604742288,0.494827788,0.695276921,0.632611941,0.873574834,0.263010381,0.166523807,0.061430215,0.124204552,0.510128675,0.162269973,0.754153344,0.583770733,0.539473567,0.23109627,0.072591358,0.223755101,0.530950011,0.083733741,0.390278167,0.097669789,0.753223419,0.807979725,0.837335124,0.553241875,0.231567962,0.164441814,0.272761265,0.662304303,0.497052893,0.061504639,0.855884289,0.620247613,0.296311626,0.068142573,0.316949301,0.678292301,0
0.754078413,0.878869697,0.756561439,0.57357281,0.337629135,0.137767845,0.188938744,0.820253276,0.073271907,0.361215241,0.910051132,0.541503701,0.228060064,0.727278175,0.445036168,0.793716805,0.531804806,0.564761858,0.86855481,0.418968343,0.129010738,0.996290068,0.227047876,0.78154371,0.580091221,0.8196956,0.675141886,0.5199197,0.120497293,0.506704734,0.415412405,0.322516338,0.979455215,0.255553292,0.34952002,0.783109156,0.272431341,0.668447439,0.84149749,0.927025916,0.694020461,0.740419733,0.880073423,0.986084099,0.19182511,0.503616483,0.881954686,0.039217825,0.390047483,0.227505041,1
0.375225731,0.811147042,0.105140691,0.01201019,0.39851801,0.938985237,0.07830737,0.131966753,0.770943011,0.212990407,0.724380366,0.337023087,0.379603545,0.913553558,0.191194911,0.570146972,0.180822577,0.806151403,0.432360177,0.333020185,0.851023891,0.243855024,0.511740799,0.081486263,0.995635038,0.196872213,0.164255648,0.261700242,0.963059772,0.26626018,0.164037284,0.402961937,0.593297309,0.499783427,0.215217222,0.895584807,0.580409482,0.449753615,0.45682749,0.251006782,0.758829575,0.925746179,0.450024987,0.384771094,0.315723127,0.666479797,0.2282874,0.030149142,0.133356903,0.584966675,0
0.398291576,0.413173557,0.051584774,0.949259114,0.438718221,0.615634625,0.885054909,0.819873771,0.346452354,0.441260068,0.536997809,0.037238775,0.570288115,0.280617557,0.318004562,0.713203085,0.782255299,0.349143592,0.69781971,0.829646365,0.02213705,0.862130597,0.519572145,0.586478506,0.956561261,0.150146387,0.135540729,0.333576007,0.65829728,0.906302433,0.936042324,0.771354169,0.947810646,0.492443032,0.294565923,0.983349069,0.0156387,0.918199417,0.65435116,0.216983672,0.699741337,0.087524158,0.112801487,0.235467084,0.783020874,0.581803002,0.543572075,0.376887063,0.014183333,0.078403305,0
0.735940972,0.152370802,0.754130065,0.738687235,0.341774193,0.708661965,0.756330052,0.969981813,0.447257151,0.059128824,0.363873794,0.984523362,0.711477554,0.532454566,0.488316227,0.953658586,0.515974823,0.215313674,0.601903041,0.249901777,0.687071583,0.850839166,0.168079826,0.241596198,0.825496296,0.679188187,0.536331925,0.182750214,0.298481717,0.381610365,0.117680074,0.234690861,0.385203762,0.654032733,0.975053616,0.990410707,0.123530604,0.973974419,0.334156619,0.312861195,0.513843177,0.120804796,0.079485628,0.369496098,0.680596952,0.347834511,0.324193212,0.911400829,0.013870526,0.31080148,0
0.895121586,0.616943238,0.092153294,0.466292228,0.931396445,0.105020091,0.913096483,0.76988172,0.661938395,0.826758898,0.376374353,0.817466611,0.638213402,0.546891828,0.672855095,0.411854329,0.187591268,0.300031806,0.688037,0.165130301,0.266643504,0.205002434,0.207774399,0.135094369,0.462586929,0.850152018,0.569864681,0.214590377,0.702261196,0.772204926,0.951306414,0.275686425,0.168143094,0.916226484,0.425420448,0.006343794,0.655173573,0.381078466,0.858106314,0.946779684,0.211233304,0.394825748,0.149245817,0.254581595,0.047216916,0.554638557,0.690482741,0.382439285,0.489636569,0.115997483,0
0.924614846,0.919446937,0.036655825,0.654209003,0.370418825,0.087820955,0.223247054,0.170663155,0.230603622,0.853867997,0.672845907,0.860501962,0.361472071,0.479218218,0.331263586,0.760543717,0.652856457,0.183259753,0.663079737,0.017671057,0.938853968,0.63039472,0.152875155,0.778476248,0.758162423,0.820428569,0.397267014,0.259835668,0.137285988,0.51285239,0.638495452,0.860338314,0.086154503,0.010495581,0.25018913,0.865883829,0.860051955,0.055702124,0.629811481,0.642023782,0.56118231,0.648433517,0.315409641,0.979822267,0.837730831,0.45348969,0.78749288,0.3484319,0.349304592,0.812838089,1
0.343514549,0.663265469,0.562152148,0.800339304,0.395065378,0.076496335,0.74998543,0.67373161,0.093170833,0.572355686,0.546783689,0.256512787,0.015986312,0.768495639,0.652522484,0.22439332,0.55207016,0.391125614,0.56238792,0.418173063,0.040090882,0.733430563,0.743925866,0.470989707,0.385210072,0.938122474,0.041144687,0.810429079,0.734686429,0.085316209,0.060519343,0.641655509,0.667121433,0.416038681,0.595123597,0.371125776,0.683645544,0.426523868,0.493087001,0.445153674,0.179471125,0.44924019,0.305998699,0.459242056,0.108508418,0.047837449,0.750869519,0.542666778,0.823202243,0.121071544,0
0.077988104,0.859504657,0.99123106,0.693662403,0.082113734,0.340475706,0.333256836,0.10346937,0.098566499,0.321681024,0.223365054,0.141383512,0.461373789,0.373954869,0.387851417,0.47653147,0.688233656,0.282608711,0.989186233,0.592357168,0.048027257,0.977380554,0.609615231,0.664580837,0.874851177,0.059781631,0.714035606,0.619093658,0.748373817,0.843694151,0.434388666,0.171710464,0.750285492,0.697157493,0.663233616,0.275393774,0.565277263,0.326831465,0.354189149,0.533904984,0.391435201,0.52941648,0.156463989,0.166143052,0.02438824,0.474640005,0.202581603,0.007124098,0.64853115,0.071391497,1
0.689842321,0.512920824,0.894591948,0.760645671,0.932091047,0.646944888,0.789234274,0.503193557,0.974249029,0.090371331,0.447850434,0.725791508,0.326456655,0.119356766,0.725730872,0.034837138,0.015827865,0.892706251,0.075941136,0.087492713,0.945864908,0.096103635,0.613561995,0.187708243,0.054180001,0.730300483,0.388692453,0.315444296,0.683406822,0.529948107,0.882706901,0.878911508,0.778996465,0.31449505,0.269219968,0.849160984,0.263855531,0.675714939,0.758776627,0.853500556,0.077112856,0.763896345,0.861514625,0.630461273,0.343069725,0.878709322,0.85712402,0.104132472,0.553263148,0.706817224,0
0.959178479,0.207654724,0.072113108,0.789825222,0.924222958,0.379630879,0.83205714,0.568139451,0.210596791,0.608663276,0.052436009,0.542704937,0.785428957,0.000206164,0.324854628,0.790968531,0.45626147,0.652046103,0.126588365,0.848943296,0.292616507,0.574081536,0.890698746,0.573771669,0.314126641,0.608259901,0.491330848,0.853992019,0.7581606,0.847855479,0.128772518,0.048157114,0.198084612,0.558554766,0.11735982,0.402614236,0.2690158,0.892680411,0.392999806,0.377319898,0.54650222,0.010690793,0.075227968,0.002041398,0.433941961,0.830184174,0.626106695,0.484494344,0.311331657,0.576689394,1
0.438694073,0.563645,0.056314725,0.675074282,0.461189275,0.543636354,0.016791706,0.043603959,0.958804841,0.316052058,0.419072739,0.44428993,0.29310168,0.633500473,0.989320614,0.620424261,0.066514346,0.785613804,0.577544255,0.061376407,0.020622451,0.142260889,0.228635235,0.082351562,0.11566572,0.247489231,0.698344296,0.186240687,0.05489129,0.272599851,0.885481328,0.028309777,0.168699307,0.761664244,0.08409078,0.922092178,0.208954192,0.577274539,0.540292319,0.623290316,0.106075119,0.333534019,0.858224488,0.798097053,0.21830503,0.624170083,0.382743597,0.666371925,0.705660919,0.360382201,0
0.23898384,0.444071452,0.349632477,0.177714007,0.234678746,0.061675616,0.53637996,0.147993336,0.647414952,0.736830393,0.467009914,0.317240108,0.587658699,0.869984201,0.416378815,0.642033511,0.614111145,0.938821742,0.650433144,0.923075722,0.869504712,0.635120218,0.924814218,0.137685999,0.373272633,0.463592484,0.516577334,0.352652181,0.065270897,0.182797815,0.614861018,0.205171592,0.481563784,0.353161057,0.200457062,0.1304156,0.393912826,0.237273867,0.339444173,0.249319934,0.906712041,0.277905213,0.425902829,0.959941732,0.201209667,0.732343985,0.722809889,0.764476002,0.842826131,0.799978184,1
0.586634639,0.197465764,0.063215246,0.274145723,0.11655784,0.219452727,0.310556179,0.987093301,0.442394913,0.802319605,0.317273172,0.003120931,0.69024517,0.461221208,0.845731851,0.091840346,0.779144843,0.376817435,0.319089125,0.050896516,0.741780146,0.582767789,0.387328355,0.885517785,0.731208581,0.309834373,0.098587816,0.54748528,0.461724455,0.887461886,0.576597462,0.151554731,0.137588244,0.581272766,0.872131167,0.37001819,0.061690531,0.859010531,0.898298495,0.081453661,0.680836955,0.20780883,0.991207361,0.411140402,0.816879522,0.926711695,0.373373503,0.626210137,0.012883373,0.531851763,1
0.927659257,0.590872718,0.125649381,0.600153548,0.1225569,0.220930364,0.638210537,0.167227127,0.845076385,0.993145675,0.645279201,0.68042566,0.156731778,0.794008978,0.391576372,0.41598975,0.886003039,0.658139771,0.033498398,0.428584297,0.048786569,0.044805899,0.254482302,0.5984661,0.690412335,0.804696325,0.862452135,0.365964868,0.252332255,0.207858619,0.400778828,0.491159727,0.328999557,0.114374958,0.767022025,0.690307375,0.105565894,0.369948803,0.989813544,0.386599927,0.668751982,0.496755901,0.319472611,0.420686962,0.136119854,0.421696227,0.126047154,0.254075731,0.344504359,0.575961756,0
0.682584718,0.972377331,0.739125794,0.89713916,0.751904908,0.55189629,0.989595963,0.828732145,0.815775336,0.078880452,0.402726414,0.716972586,0.117349422,0.636687342,0.72513727,0.904513588,0.488155745,0.171546913,0.809444458,0.938896965,0.091829483,0.154646485,0.26286429,0.066171736,0.434480931,0.77541964,0.637635768,0.807732613,0.022177378,0.162858771,0.708514019,0.706030255,0.386382121,0.405443016,0.710903667,0.475166618,0.138369294,0.036306744,0.661121948,0.123733667,0.843380434,0.683933537,0.237187905,0.123446507,0.096946288,0.551965378,0.869463324,0.524302725,0.547088182,0.525140574,0
0.813759265,0.355530991,0.114431951,0.257280117,0.739365467,0.490981303,0.742786525,0.374915125,0.30549058,0.464753141,0.408047609,0.841651324,0.441998598,0.784530414,0.295281466,0.13301891,0.363599816,0.736882008,0.537106459,0.144657852,0.662223129,0.213072608,0.400741128,0.078766458,0.702445275,0.510285306,0.494563155,0.756246473,0.851088019,0.96879001,0.428737852,0.855996151,0.379846813,0.078215715,0.938472529,0.219570724,0.052934904,0.583749346,0.90799541,0.4834447,0.21933907,0.925657526,0.02450652,0.403254923,0.661699351,0.223272684,0.91548033,0.2696855,0.81354835,0.545899774,1
0.851984484,0.166123709,0.380217679,0.13173858,0.366059041,0.454253265,0.599480248,0.252684437,0.228677039,0.267451155,0.625643197,0.246649297,0.507499227,0.380262632,0.352815907,0.420177503,0.870517731,0.547877404,0.711602578,0.086272951,0.8858531,0.864590941,0.331144674,0.609339486,0.352233333,0.126005073,0.364113514,0.88746744,0.903476757,0.835424151,0.785914919,0.899359572,0.597834925,0.522513692,0.987254609,0.839353229,0.769894758,0.090404942,0.263031931,0.39030403,0.15309825,0.37332255,0.103670638,0.902827324,0.037041925,0.344927933,0.773079602,0.849999836,0.349316348,0.637785186,0
0.483344465,0.118240704,0.96307724,0.262469633,0.648313875,0.125065233,0.570817681,0.087442021,0.192125526,0.547822942,0.99952788,0.075166796,0.468155657,0.310893053,0.722084604,0.301664565,0.128874182,0.978679761,0.604998666,0.466684439,0.028038858,0.005371176,0.747901545,0.394429216,0.534750564,0.24596047,0.295402761,0.496465003,0.566431935,0.10305296,0.914834824,0.602103857,0.212335711,0.11723768,0.108929081,0.601919274,0.250259015,0.267376688,0.441503953,0.818309885,0.622950689,0.539495097,0.22941247,0.724493759,0.138456192,0.985840411,0.160151991,0.68349229,0.072006734,0.409214705,0
0.687547821,0.849606769,0.257743567,0.341867333,0.379696835,0.554903722,0.813270042,0.472746184,0.497857015,0.133714052,0.899804363,0.852394975,0.292257773,0.843667593,0.136613519,0.912770578,0.609653136,0.712149315,0.016839798,0.94204342,0.976897463,0.960806496,0.027999991,0.248456915,0.099319186,0.992931763,0.390026504,0.700092711,0.890876424,0.823620222,0.426329237,0.714802921,0.202435985,0.951243322,0.854472492,0.180258783,0.088834524,0.315127585,0.702982752,0.280229404,0.965951009,0.705858362,0.087318871,0.085515172,0.241485011,0.561094422,0.342805849,0.133681284,0.480741222,0.285408779,0
0.21170636,0.516046237,0.422761688,0.963712323,0.396574013,0.005297387,0.949089953,0.825739879,0.705538466,0.274885477,0.331347079,0.290807297,0.770589609,0.687922731,0.500686675,0.096946914,0.743492186,0.319964529,0.333578614,0.632375392,0.312441692,0.184943893,0.408254254,0.15200128,0.041600362,0.719161532,0.434658832,0.34620281,0.961772457,0.039751331,0.087199809,0.848257462,0.358876402,0.032099414,0.176879913,0.895896063,0.760118339,0.361843788,0.179064254,0.912177411,0.104488577,0.784196957,0.142306245,0.668868963,0.060831046,0.328179582,0.202528297,0.05383716,0.733351568,0.711975544,1
0.290427909,0.512827559,0.766682015,0.644997318,0.730298559,0.028773336,0.619101921,0.550286635,0.05617412,0.499228193,0.264838811,0.615236634,0.809445864,0.31307983,0.75513,0.402719032,0.043416294,0.191762807,0.501891007,0.197038019,0.99288795,0.425221144,0.625861163,0.484424356,0.983665481,0.538593892,0.848296893,0.587310882,0.621909467,0.515561077,0.408387771,0.565204236,0.551253077,0.84058551,0.978550888,0.21997045,0.812099711,0.834251003,0.493658765,0.907179367,0.8964887,0.397473361,0.918344066,0.075026666,0.28832707,0.760440916,0.785483363,0.5980068,0.012535307,0.620766773,0
0.053675033,0.897547836,0.502179063,0.492268745,0.267333477,0.644559439,0.203992083,0.239115081,0.8667614,0.980480075,0.882115188,0.913356538,0.07412331,0.997233337,0.907563634,0.236904822,0.976663726,0.259092432,0.275349724,0.367834508,0.417000253,0.693543202,0.107407469,0.752894128,0.169529527,0.9307349,0.791901118,0.573634794,0.463399797,0.615166507,0.863342198,0.408502988,0.858325094,0.926704519,0.44696713,0.106327462,0.817008246,0.552340522,0.189888591,0.151857682,0.902768266,0.238910136,0.505398903,0.552406256,0.795139911,0.086951468,0.222806649,0.401088065,0.441485809,0.518995217,0
0.646288036,0.614419661,0.608752416,0.741248327,0.15356208,0.465631946,0.475200049,0.231295976,0.214049698,0.053230189,0.283522155,0.474009748,0.642084747,0.98296318,0.424560206,0.548294739,0.990251565,0.431280414,0.856284857,0.507287373,0.848766845,0.746730791,0.389031549,0.574597742,0.142145478,0.069057003,0.797298519,0.529545847,0.563052178,0.778683688,0.390155274,0.131974271,0.31122532,0.801596524,0.985304584,0.941510971,0.75999654,0.473911005,0.365080703,0.284914883,0.284832153,0.071703795,0.545048552,0.396590964,0.132260124,0.829987666,0.543932157,0.073971009,0.554472553,0.142000251,1
0.781099961,0.163577013,0.916412494,0.955196594,0.100604875,0.480349015,0.428365947,0.412328046,0.129424454,0.525912934,0.631011399,0.134807454,0.933208225,0.988819719,0.526390673,0.428392669,0.887579422,0.400300677,0.486960435,0.926740864,0.238460803,0.281466762,0.129681967,0.637976927,0.178052358,0.667236619,0.46811521,0.495938047,0.900236605,0.503526821,0.902362719,0.771321062,0.591390876,0.16161486,0.711121744,0.892533482,0.464186494,0.066151396,0.960299477,0.018148774,0.014338688,0.605212293,0.489813668,0.337972396,0.836708868,0.061742126,0.141478971,0.76225223,0.869688426,0.262578596,0
0.662359747,0.190761094,0.471797031,0.771889654,0.943397981,0.644235355,0.75816289,0.161597971,0.372435694,0.744174858,0.110413587,0.326616394,0.656989808,0.361784511,0.774766259,0.934206912,0.250220513,0.437771797,0.876477798,0.841789629,0.250095358,0.999510356,0.599013696,0.477746235,0.130055613,0.67668643,0.37508217,0.716803277,0.4361651,0.940954477,0.604375323,0.084930961,0.784198412,0.810895762,0.673323111,0.017620454,0.444569174,0.800665732,0.667641298,0.507855046,0.132109523,0.645992405,0.153091298,0.936609409,0.551439679,0.580590371,0.771636388,0.50068246,0.054134662,0.081897803,0
0.037334643,0.479210795,0.784472458,0.94956007,0.500611928,0.065874597,0.260698563,0.324518555,0.696763733,0.454765129,0.147387193,0.856811401,0.819192696,0.649907448,0.401984362,0.710070307,0.080381107,0.2003504,0.761625153,0.93389933,0.62191498,0.387485955,0.114157087,0.791739444,0.273663576,0.175276245,0.101745941,0.081783425,0.207473037,0.988360478,0.100853615,0.403038437,0.44621448,0.263734664,0.67406963,0.549085812,0.218601652,0.003939774,0.695662939,0.221530761,0.124995416,0.743919373,0.246470273,0.28978759,0.014430234,0.830472239,0.078543976,0.838128677,0.561453424,0.67912857,0
0.872659662,0.28923734,0.973899199,0.421118701,0.786511873,0.012792513,0.113541699,0.111441879,0.605525323,0.053597104,0.160626558,0.84275204,0.920497711,0.055287667,0.519572964,0.487314374,0.38424657,0.19745414,0.845657456,0.93226553,0.825164689,0.356070918,0.349039364,0.739133692,0.846202562,0.40077413,0.758322489,0.003198993,0.928392174,0.667220784,0.803414075,0.824715398,0.082879837,0.367575083,0.163297063,0.456140199,0.534656416,0.828547377,0.460730579,0.769203608,0.012933216,0.346798978,0.016873444,0.731502046,0.537059649,0.764667186,0.452012652,0.904954832,0.851632254,0.915018687,0
0.720313386,0.284643631,0.49962533,0.459842187,0.952698795,0.588253392,0.560308071,0.567805383,0.468622439,0.873517723,0.094167008,0.426503501,0.85629774,0.757073114,0.518867856,0.984944362,0.174306906,0.279778555,0.100593787,0.943824772,0.193592224,0.56815105,0.616431636,0.303501086,0.423711578,0.580752944,0.420489001,0.583048632,0.957033275,0.37216527,0.506939302,0.917171045,0.975335809,0.878580672,0.207506,0.959448893,0.640775002,0.943561736,0.500860363,0.325594443,0.620999053,0.083229243,0.812996072,0.237630676,0.280463418,0.130463308,0.248783315,0.388885844,0.761097916,0.179674468,1
0.522281553,0.460609025,0.584879006,0.802997555,0.317435387,0.176082139,0.901406341,0.049334036,0.965460122,0.435875222,0.932579563,0.827093079,0.456256808,0.380104959,0.456438098,0.8352532,0.746165826,0.412615927,0.543914338,0.358232377,0.16987794,0.143406194,0.476280532,0.454052333,0.354157943,0.721023892,0.253501875,0.624831465,0.690532255,0.148805235,0.505666747,0.411190671,0.116040675,0.232346128,0.409385216,0.133371389,0.012862766,0.876853702,0.708629283,0.11468241,0.459065172,0.759868214,0.277617326,0.998577893,0.85656872,0.693453419,0.908897237,0.029301518,0.954895569,0.473032657,1
0.243553423,0.35367764,0.741525326,0.266182495,0.927428427,0.017425133,0.676196937,0.313320713,0.20244934,0.162673422,0.461442615,0.636232566,0.951520409,0.237507933,0.25603188,0.138445623,0.499120298,0.990779838,0.391459295,0.868189634,0.051985247,0.503399252,0.317806865,0.852172725,0.542833333,0.195248661,0.089180957,0.973564324,0.035001068,0.47409144,0.058282839,0.234571889,0.86335117,0.717847461,0.143900547,0.89421895,0.001202464,0.063576973,0.426134341,0.917761952,0.465763647,0.481821459,0.343200592,0.016996857,0.579652192,0.986805502,0.365419561,0.759887875,0.699728228,0.137374955,1
0.775122029,0.765802339,0.025018625,0.333666379,0.999480057,0.505599717,0.254329861,0.577152286,0.700914571,0.08771433,0.525571281,0.978455412,0.984157677,0.591134171,0.791847714,0.392099709,0.986461938,0.418050221,0.359071823,0.927736299,0.726974404,0.454402656,0.849099421,0.258795674,0.877547785,0.295811598,0.004136411,0.799250858,0.698564472,0.733675813,0.300091016,0.155713917,0.15129276,0.219482368,0.013631,0.343846684,0.630903094,0.627382456,0.466857833,0.882609758,0.129575392,0.752098855,0.803191408,0.397995396,0.358514368,0.401937598,0.938511959,0.220767528,0.148972471,0.439809241,0
0.195574282,0.075794331,0.316262366,0.368678583,0.387350149,0.09795,0.949822179,0.176415659,0.551958083,0.332953693,0.594036731,0.053637741,0.355228948,0.510125721,0.604818634,0.429821964,0.858291713,0.075118012,0.65116677,0.093578538,0.668867067,0.640545965,0.040400283,0.555616945,0.682109241,0.285925097,0.693176564,0.801747889,0.797132082,0.18856901,0.931719244,0.322588738,0.057671207,0.091455865,0.215664274,0.621285931,0.254804316,0.720626128,0.816789339,0.495736513,0.285933996,0.663639776,0.755116963,0.273074404,0.513893094,0.566072904,0.410896646,0.316087342,0.452176647,0.929508701,0
0.079106204,0.622192393,0.910070629,0.843128042,0.940535498,0.153877785,0.863410838,0.356478246,0.795688074,0.930355954,0.320532375,0.659640403,0.182564718,0.72535519,0.100909256,0.138260735,0.945391628,0.643145326,0.866570206,0.922378253,0.16787404,0.242387766,0.783763643,0.072815981,0.226954648,0.429366264,0.71805862,0.753956969,0.696928297,0.573213669,0.822425923,0.592477452,0.486949729,0.146991071,0.713864453,0.796177568,0.66058891,0.144687286,0.858667978,0.045314542,0.792090078,0.80387758,0.91989466,0.184961648,0.960140465,0.903186742,0.312806071,0.788090012,0.730182243,0.500809139,0
0.871276689,0.659285009,0.740061368,0.838758165,0.667318825,0.301268849,0.919014703,0.001137897,0.845185146,0.730355954,0.636404586,0.382551895,0.059650696,0.174398558,0.646560676,0.859460028,0.420298794,0.159479416,0.34245079,0.711700621,0.982050116,0.345750113,0.866208145,0.870736064,0.382154473,0.094246886,0.579461092,0.037019986,0.898014077,0.511167703,0.511186402,0.241452769,0.845687598,0.872184752,0.596435777,0.350236211,0.528425421,0.839765657,0.050437669,0.421750716,0.764568836,0.750715863,0.344431863,0.80857638,0.479291499,0.127809989,0.343768338,0.658032016,0.731856651,0.526319947,1
0.189891407,0.998698551,0.591581183,0.675038263,0.284257615,0.023973204,0.347380661,0.799783771,0.615358187,0.055803677,0.032477033,0.073820091,0.388613647,0.925350406,0.398800224,0.47595612,0.641177488,0.848865383,0.821526544,0.508890691,0.314987311,0.145300581,0.582198736,0.92722334,0.472156557,0.555957034,0.809175662,0.556312607,0.042184442,0.497099275,0.49031384,0.723786128,0.136353326,0.453612044,0.328865849,0.319240117,0.321861153,0.5372117,0.407137678,0.624733959,0.458510752,0.427099535,0.674628634,0.640880222,0.681996239,0.28216969,0.466163306,0.205995644,0.039232223,0.778812005,1
0.972574136,0.357372526,0.475444372,0.59586543,0.95897907,0.410742368,0.766295048,0.796876306,0.88331304,0.542021282,0.776494774,0.350745044,0.720798129,0.922751273,0.363523038,0.219001096,0.677036657,0.669643998,0.16534647,0.190579396,0.636723681,0.85226171,0.724683551,0.936867766,0.390230506,0.488858771,0.60681192,0.056723267,0.578599977,0.790804953,0.098048709,0.603213973,0.476053035,0.411778369,0.210043027,0.855414043,0.391737496,0.929462266,0.927334467,0.942343598,0.624402181,0.507728219,0.544843278,0.335419408,0.532791272,0.598421504,0.454209774,0.476688721,0.303481019,0.425914011,1
0.516888636,0.586888906,0.331066016,0.442901029,0.851021614,0.276121399,0.164291059,0.813498575,0.745957088,0.959522821,0.069982542,0.262398732,0.471907496,0.902283771,0.394723047,0.664806399,0.745662107,0.344056996,0.135566589,0.734103828,0.336621726,0.001143576,0.411577057,0.014127414,0.34017846,0.553917722,0.766700314,0.041998973,0.551536457,0.955753345,0.34348447,0.896229445,0.628184598,0.055222453,0.586194517,0.730112403,0.390415818,0.73827755,0.019368237,0.40487474,0.211775461,0.552431831,0.917789752,0.998872999,0.277125745,0.499814669,0.00118923,0.520965139,0.654539523,0.851443933,0
0.35070082,0.097237088,0.245474226,0.394814265,0.343387094,0.366512754,0.434215342,0.775259833,0.649134074,0.536011578,0.019766351,0.237767799,0.559446353,0.467679327,0.860514228,0.747125167,0.877326939,0.819216971,0.350282733,0.431438338,0.242161874,0.496400722,0.903783896,0.763473532,0.182014645,0.555292817,0.341509419,0.733420117,0.077954831,0.70232761,0.123131422,0.366410921,0.767895672,0.336521144,0.509030679,0.010830498,0.020922121,0.229245599,0.574680434,0.94764859,0.403037445,0.693389103,0.431945733,0.855234349,0.476161029,0.101383656,0.617275902,0.453459038,0.780023381,0.546800417,1
0.22475931,0.075700401,0.614691191,0.041706549,0.164792909,0.7310914,0.251794617,0.103989769,0.51215413,0.635207495,0.602624907,0.005620765,0.567991942,0.389277259,0.756421722,0.600932045,0.662556574,0.59692297,0.236777907,0.993260879,0.644540833,0.009888617,0.823860744,0.048565038,0.777360054,0.982920601,0.760295765,0.644027509,0.468167785,0.228621646,0.307295358,0.850651547,0.841943103,0.630006967,0.159471774,0.363694716,0.229071181,0.294392111,0.485529999,0.831289398,0.566926153,0.014488889,0.506748308,0.084110123,0.584821851,0.824919193,0.212756784,0.657131801,0.195834683,0.908659603,1
0.511878043,0.222665168,0.310705267,0.405264397,0.887614649,0.252421349,0.628708115,0.732393942,0.953796299,0.733863333,0.101163515,0.652548976,0.825973271,0.549666885,0.740892179,0.287437785,0.741518409,0.830287534,0.380508208,0.94813492,0.901526394,0.877189018,0.177877631,0.376193208,0.998195727,0.165474102,0.642023764,0.623586387,0.373992114,0.569374487,0.105975882,0.24166422,0.969836656,0.522078972,0.678547586,0.98040504,0.471304776,0.763194595,0.946884425,0.013204139,0.826728971,0.164756769,0.760618461,0.219305697,0.338152356,0.172171745,0.167340133,0.043673237,0.59628748,0.422145086,1
0.444015706,0.451063481,0.319180474,0.573776148,0.222088262,0.465407566,0.739969162,0.445299667,0.456783858,0.846242096,0.064191148,0.142192563,0.532679097,0.747023212,0.702333273,0.248090688,0.983813676,0.646142127,0.809339893,0.381706195,0.662920682,0.210338272,0.409718521,0.159069611,0.498929797,0.957762671,0.174013198,0.524358581,0.77122436,0.085885813,0.183978285,0.963777304,0.189442726,0.601378374,0.667963794,0.243247593,0.905744853,0.069671223,0.927225403,0.039883554,0.119959941,0.13380767,0.229255652,0.146560823,0.733546496,0.765802592,0.980237087,0.135923251,0.016360877,0.015240256,0
0.198230433,0.128141037,0.738129233,0.945029425,0.378427473,0.588033317,0.089659481,0.934306794,0.031090506,0.145292855,0.877474146,0.752468052,0.914670869,0.2253971,0.666941843,0.469942526,0.047048633,0.880333755,0.179481765,0.183348279,0.791971365,0.437353449,0.361990968,0.075188005,0.003699168,0.247706855,0.277427067,0.727982841,0.026778946,0.722275575,0.588192266,0.635157203,0.887642841,0.433570691,0.082566079,0.852753635,0.451530336,0.519245463,0.425820076,0.123058535,0.076410504,0.79717769,0.987502575,0.822628507,0.741288896,0.466705673,0.976454448,0.408188212,0.670445476,0.691811701,1
0.901973537,0.36318825,0.766699834,0.513304478,0.505371444,0.664277285,0.701657888,0.89323077,0.76479526,0.605547292,0.490070776,0.906968555,0.864473578,0.214579038,0.892305082,0.438366104,0.249618988,0.484339195,0.241398709,0.683988019,0.383453464,0.627072276,0.907863342,0.653317009,0.81209875,0.180989786,0.584966415,0.524479264,0.301176844,0.937696411,0.781333566,0.659021915,0.288168732,0.05876016,0.022752251,0.512801136,0.719907574,0.513993454,0.090942017,0.91854957,0.116437976,0.252963646,0.884619622,0.195076229,0.464441401,0.313496148,0.612332056,0.705975989,0.747038647,0.219985655,0
0.073240927,0.049845956,0.730434211,0.216964195,0.144584493,0.37248623,0.309484305,0.21523977,0.914772665,0.692210985,0.088223897,0.120149591,0.864480424,0.492134237,0.592491675,0.355125819,0.336388122,0.064976164,0.405461725,0.035617449,0.526296078,0.203346936,0.706454694,0.325281601,0.953629335,0.427728021,0.607212339,0.359528456,0.363771274,0.967836602,0.442040507,0.126717607,0.345343014,0.279168502,0.399513832,0.152393968,0.503918568,0.878875247,0.301952344,0.690780199,0.513763557,0.212150812,0.665875231,0.512550363,0.897271919,0.289944869,0.914166873,0.964772619,0.13206878,0.610757012,0
0.859712412,0.641105194,0.24573555,0.485146814,0.014930615,0.446423478,0.594126472,0.472004866,0.21157609,0.831531662,0.417509833,0.815987202,0.611834276,0.01363546,0.449197522,0.682903806,0.131959435,0.855279217,0.155097926,0.821989012,0.574128061,0.500140092,0.23493491,0.313508419,0.348357021,0.747441942,0.541279494,0.8182048,0.202256631,0.157334718,0.827341982,0.761439112,0.196587793,0.446677929,0.860149741,0.01500135,0.109860539,0.572787077,0.962259004,0.376336547,0.325100442,0.972510175,0.167887198,0.528793337,0.456485162,0.518788124,0.838645972,0.572750349,0.729274439,0.867435517,1
0.043881884,0.683816604,0.590510843,0.875343288,0.353195596,0.153082369,0.189995002,0.344395657,0.135661504,0.312305762,0.140435823,0.246501297,0.313861854,0.642962999,0.984884324,0.853149242,0.002726181,0.904547325,0.041574827,0.488139221,0.937685298,0.917807756,0.951196952,0.807075121,0.559216207,0.318524712,0.375201453,0.710588275,0.220538914,0.662337298,0.978370895,0.50250533,0.094745838,0.253085897,0.134860022,0.636591062,0.206186463,0.20243166,0.854291127,0.280866482,0.040126214,0.817890764,0.230819536,0.818530969,0.364768,0.023958348,0.596427016,0.862926535,0.154049375,0.079899222,0
0.852781611,0.933355226,0.208965561,0.344519128,0.866450788,0.47716244,0.234587204,0.381304168,0.216191957,0.338673739,0.063027168,0.86030131,0.329193658,0.147427996,0.270027191,0.338286468,0.297092015,0.452099956,0.540742271,0.077894133,0.093387818,0.579265387,0.485842611,0.365966512,0.998138583,0.758658971,0.230261377,0.280441315,0.654442461,0.852323015,0.42712625,0.533670214,0.515596269,0.879811988,0.382996003,0.199985197,0.370870966,0.108633746,0.617432212,0.331655409,0.290800957,0.232308119,0.054922722,0.379673051,0.583314818,0.770269249,0.377786538,0.670032421,0.523102009,0.937975792,1
0.788686756,0.170965642,0.663221242,0.477252148,0.374167231,0.983487396,0.877291205,0.290632695,0.754513688,0.346834721,0.145897933,0.931075529,0.633396525,0.315477365,0.841855744,0.021292073,0.901389802,0.137748269,0.550649609,0.198384638,0.454243367,0.945385599,0.119606935,0.21631424,0.054775247,0.69372295,0.683439668,0.823260517,0.738244107,0.945907731,0.57423787,0.476312111,0.640361893,0.200329043,0.197692691,0.092788615,0.548679246,0.968037165,0.245411461,0.073344407,0.499208621,0.432199928,0.490084712,0.852996142,0.048758782,0.288203725,0.535669903,0.873032438,0.868827966,0.240925212,1
0.943986383,0.808007743,0.374955459,0.061989728,0.813415505,0.751023817,0.288677266,0.52329947,0.869242451,0.479387049,0.155949404,0.364797756,0.401851709,0.694834004,0.862834621,0.923068282,0.339630397,0.551240055,0.021049541,0.506649517,0.46801756,0.324041019,0.995229371,0.127437772,0.418081491,0.906705603,0.597357327,0.95659071,0.548093185,0.51964279,0.808379914,0.106833647,0.713771462,0.14514305,0.684029355,0.904064604,0.803009185,0.791286311,0.657805268,0.633489246,0.397317158,0.274582281,0.792005069,0.679536744,0.22446103,0.236216493,0.806625119,0.419468113,0.440627016,0.364261369,1
0.123790904,0.533741891,0.273723352,0.251153278,0.388408216,0.113921794,0.134175175,0.279464469,0.36039262,0.166768378,0.852862333,0.22116313,0.815936133,0.588234983,0.826724209,0.215876469,0.0856794,0.91759505,0.904564776,0.457088797,0.375264144,0.695480101,0.878457453,0.972274226,0.146740672,0.788771681,0.130314008,0.555544313,0.754714666,0.036661353,0.87061535,0.785123339,0.758267299,0.395085165,0.603922015,0.078977433,0.406176229,0.952423464,0.064759456,0.775950237,0.473268101,0.16758874,0.224519742,0.1255983,0.154012425,0.366634302,0.443380895,0.810212873,0.598046073,0.100414658,1
0.571139081,0.264137444,0.015551171,0.97733624,0.120421225,0.349423796,0.595793253,0.702876021,0.508435196,0.665706505,0.918104292,0.67127765,0.692958338,0.316241913,0.034972745,0.463253236,0.490657495,0.113098194,0.262850968,0.368031148,0.180208665,0.860422474,0.993931945,0.149645403,0.993282473,0.823905136,0.03140292,0.697919738,0.65611858,0.173525725,0.950689274,0.09478313,0.586041549,0.957995212,0.865234983,0.125894704,0.68730558,0.422304742,0.990526056,0.381170177,0.677395589,0.551836837,0.011939061,0.821032242,0.256104553,0.469361513,0.613316444,0.096067251,0.327429481,0.117681138,0
0.52655228,0.541953802,0.592370792,0.488736989,0.249806662,0.356809598,0.428248368,0.137075963,0.87853422,0.884983742,0.943268868,0.551351011,0.077556432,0.537533851,0.852771208,0.069994502,0.803077102,0.058469406,0.778843027,0.862591808,0.651905518,0.887841903,0.742019098,0.463742888,0.966980151,0.564541811,0.758544784,0.11175492,0.052323931,0.135459187,0.154861431,0.681617264,0.145746339,0.05538919,0.329616116,0.872949815,0.696280228,0.667941989,0.098074006,0.439279962,0.007010017,0.6981411,0.451347893,0.416211551,0.783878723,0.21670405,0.545469938,0.116279279,0.96898268,0.586200918,1
0.351972003,0.861856197,0.040680101,0.72994948,0.291036639,0.003222471,0.607878484,0.583264292,0.940453358,0.927411045,0.61911488,0.22310636,0.117613857,0.40187291,0.28462559,0.25146833,0.826474456,0.295123342,0.85581662,0.327012957,0.255005056,0.094046081,0.379533479,0.543380413,0.257759926,0.92056605,0.490954883,0.89873837,0.43174415,0.737897506,0.130283863,0.245540591,0.653337128,0.485548216,0.703129542,0.38466459,0.22616053,0.791511112,0.37561926,0.009004341,0.809583414,0.357069248,0.339546534,0.74603123,0.571119463,0.861445115,0.030514996,0.744333619,0.607774555,0.73335395,1
0.416241507,0.917224124,0.232354197,0.969013031,0.906226002,0.968391818,0.268635644,0.570211249,0.314833024,0.3011961,0.627186849,0.179280998,0.065796271,0.570524975,0.614405337,0.379064189,0.134706546,0.417280931,0.793271553,0.990703181,0.969852249,0.342476946,0.711142741,0.560759169,0.074247913,0.031802788,0.209494284,0.872208342,0.349165303,0.831018878,0.273206811,0.918444546,0.942046526,0.748534143,0.345470938,0.961492677,0.355059899,0.693710642,0.620643753,0.674792811,0.820510406,0.469737482,0.569808793,0.89512373,0.59858779,0.656064103,0.502056957,0.900836258,0.047523108,0.170168459,1
0.644225028,0.587783908,0.816149825,0.826581805,0.6946189,0.015666079,0.624348235,0.149179132,0.511921493,0.221076099,0.138200035,0.185684145,0.052856344,0.821604546,0.719756652,0.686371723,0.221613708,0.860251015,0.09937397,0.468938756,0.801289279,0.610590504,0.529285373,0.93527946,0.493256919,0.111179174,0.78552254,0.23927112,0.71058941,0.361648612,0.929867572,0.998499257,0.311352966,0.591375869,0.133553896,0.932472605,0.619522209,0.873790583,0.658923544,0.262489926,0.36071155,0.810105912,0.255588323,0.693841422,0.86823445,0.294568809,0.545445646,0.822246064,0.553546723,0.315924183,0
0.044391294,0.011525666,0.708917491,0.494187522,0.95930823,0.637095009,0.380234258,0.586438649,0.598184915,0.177823615,0.728743654,0.63222414,0.878422528,0.894087828,0.846558951,0.639454329,0.400031958,0.615000489,0.846277993,0.463024322,0.442175207,0.838910172,0.76719292,0.021740418,0.361247025,0.086666417,0.749287546,0.834853934,0.327732134,0.934021646,0.368372544,0.444334672,0.061609403,0.649393623,0.762538926,0.300060957,0.88963256,0.254715694,0.327569761,0.178952632,0.196817472,0.443966056,0.451838679,0.438000732,0.551358098,0.593122353,0.141647567,0.604120217,0.349797773,0.190480685,0
0.991854185,0.881916518,0.192312242,0.141581715,0.385234951,0.426376913,0.685844078,0.491375179,0.962366347,0.265191039,0.727904731,0.285630769,0.332770221,0.579862968,0.271750576,0.462876091,0.296402111,0.899732647,0.241701413,0.1444724,0.759920673,0.150054623,0.747741585,0.262940475,0.225420495,0.223022041,0.64942874,0.674762035,0.393783598,0.620332571,0.759062444,0.327649284,0.480982903,0.281886945,0.043194981,0.808056089,0.057678883,0.097218534,0.297982881,0.199953452,0.929454427,0.484125692,0.921645881,0.734006032,0.818612853,0.088823084,0.294136128,0.569538409,0.837716983,0.539942534,1
0.42959551,0.460969007,0.632518485,0.969927098,0.801305088,0.073404627,0.402926254,0.808225301,0.494528942,0.228367375,0.091159178,0.754160734,0.013738027,0.086831034,0.769544687,0.80490644,0.414986085,0.403540452,0.299883371,0.194971672,0.944912896,0.106738987,0.103516674,0.515294562,0.318487805,0.93402091,0.039123501,0.686702151,0.625220786,0.651700441,0.430653641,0.506359309,0.797730073,0.7939727,0.517192279,0.416994559,0.827492758,0.355669066,0.630241423,0.193625586,0.523875425,0.458823462,0.709428646,0.323810328,0.809143836,0.092530303,0.510423747,0.97615501,0.630868074,0.922023491,0
0.099881161,0.645912526,0.12148794,0.604709214,0.57858771,0.240901512,0.316830531,0.158545134,0.023692671,0.659318178,0.798424312,0.589539511,0.431140205,0.177788221,0.711807992,0.020249843,0.5051143,0.766317475,0.981163648,0.330559709,0.236153351,0.201123902,0.960766707,0.534987712,0.609202059,0.046219574,0.09841426,0.689987614,0.456686665,0.733075319,0.887353091,0.499869802,0.14571596,0.185833399,0.753186507,0.016138207,0.285298346,0.496416244,0.569662727,0.774334391,0.284429558,0.09395705,0.881052651,0.018630071,0.862606787,0.272848041,0.953888504,0.17227846,0.300973513,0.338493886,1
0.091794562,0.636303435,0.369386226,0.013640628,0.030150117,0.269589358,0.72924759,0.95226001,0.920484641,0.890723299,0.226451968,0.865771683,0.951820971,0.396511951,0.1793697,0.713355161,0.668268896,0.294361435,0.960290349,0.496788696,0.563542145,0.3625485,0.814460635,0.892396879,0.386361415,0.444235996,0.50867546,0.007929467,0.362281116,0.73271343,0.697086859,0.607926402,0.972353661,0.912502463,0.267555663,0.264348794,0.346772993,0.685643098,0.009198784,0.071174034,0.283807725,0.748001446,0.362781151,0.288203568,0.63306527,0.059782937,0.030728548,0.231550007,0.271741019,0.795114856,1
0.026665218,0.980571572,0.406113455,0.895741298,0.659157651,0.884595214,0.330552599,0.559340446,0.842676806,0.950477657,0.417389936,0.506398621,0.005030537,0.430093056,0.131010856,0.84805887,0.351573239,0.759288957,0.818447915,0.399009934,0.410137392,0.647266203,0.976445567,0.864420692,0.381699085,0.25629836,0.457689642,0.759557364,0.580181802,0.240800563,0.104157141,0.29755732,0.657663498,0.934217496,0.004258549,0.169405553,0.73546636,0.773998567,0.466149719,0.937053991,0.187814242,0.62625754,0.807698529,0.398001095,0.268377055,0.779338848,0.129533389,0.001745127,0.948234005,0.198674782,0
0.62391486,0.194339851,0.136839526,0.594678715,0.635444628,0.182807265,0.389376076,0.7376835,0.723199242,0.015117328,0.898196071,0.288363686,0.574967069,0.278887667,0.654639656,0.01751941,0.369551214,0.094926209,0.932056307,0.764799049,0.957562303,0.467827085,0.373536176,0.62723343,0.43004818,0.6807273,0.806985707,0.573667632,0.523548465,0.412225054,0.59159948,0.753680378,0.46676122,0.456611171,0.938000345,0.358205875,0.582257214,0.676972791,0.714421572,0.336591498,0.048267326,0.318286831,0.986788584,0.092763593,0.568697496,0.636802135,0.313782988,0.05275476,0.284633728,0.350353725,0
0.8395856,0.891227484,0.254972738,0.434643626,0.789143359,0.918229079,0.858162202,0.847942986,0.947764441,0.92386408,0.750576266,0.22262628,0.436151097,0.63928373,0.482860111,0.27209342,0.25597198,0.719524344,0.828437226,0.086988841,0.563024247,0.630247688,0.588192148,0.669269481,0.044015127,0.763206665,0.22583336,0.992462247,0.996157575,0.345111194,0.37896258,0.973673376,0.75205115,0.463446276,0.878897118,0.17181101,0.806340785,0.692298142,0.447586987,0.459729118,0.718154327,0.047583014,0.301243323,0.796541808,0.115718814,0.999390724,0.473126721,0.453550817,0.909274335,0.331515391,1
0.906925741,0.397274291,0.314256033,0.065917363,0.104328236,0.00155693,0.862168276,0.664379286,0.288731607,0.949136719,0.642347692,0.631931572,0.681221064,0.414485862,0.635842974,0.362878746,0.82985791,0.119513862,0.712980373,0.215829833,0.546267158,0.419897409,0.149872889,0.102153557,0.677984072,0.238848257,0.180843217,0.251676002,0.505415249,0.726674737,0.835148334,0.076851349,0.078579271,0.042454441,0.92477873,0.737438256,0.53078856,0.470632451,0.16357425,0.739689259,0.297758794,0.206526671,0.686161891,0.770812798,0.201529716,0.798678785,0.316496975,0.218021278,0.352246547,0.769131857,1
0.06443823,0.370430657,0.523053197,0.064510431,0.002722285,0.624677889,0.818454571,0.760726732,0.087845746,0.280335404,0.273425357,0.342118085,0.088728985,0.673380052,0.63335523,0.099086105,0.438625636,0.901289953,0.471390595,0.858793816,0.578373484,0.768558991,0.006671376,0.194587452,0.628853842,0.189870596,0.528492163,0.773330602,0.978134091,0.902265358,0.145600438,0.951015135,0.378437662,0.522821977,0.391018297,0.916993683,0.405912912,0.466022874,0.27685893,0.498314485,0.771506637,0.427606176,0.15242812,0.583775332,0.212629772,0.616300507,0.163882277,0.791790745,0.297612413,0.6012769,0
0.824284928,0.193087653,0.06103045,0.482497138,0.383896292,0.551396856,0.770695963,0.365704957,0.480787739,0.687886801,0.576952019,0.89021445,0.461935208,0.324037528,0.11560134,0.945103008,0.725386977,0.987908794,0.069113991,0.961706992,0.432321488,0.203469309,0.558780979,0.443224739,0.998035015,0.48769998,0.72550092,0.832327354,0.559708988,0.755028398,0.826660826,0.461181293,0.708451245,0.68717302,0.016058333,0.360503814,0.175339942,0.102641141,0.804329074,0.305945962,0.504858862,0.064361091,0.74201499,0.85552013,0.713357014,0.430718524,0.395584574,0.344177688,0.541376304,0.732199383,0
0.767423555,0.514803541,0.281169329,0.847091672,0.541438702,0.956966335,0.433585168,0.0906453,0.107389331,0.34976501,0.498598771,0.09557428,0.501297368,0.349507806,0.017116602,0.574859464,0.311236949,0.017676298,0.272168371,0.902069346,0.878954292,0.406959826,0.998564325,0.624962072,0.134087384,0.903980036,0.093484933,0.601785817,0.067500321,0.703744573,0.229861391,0.657753164,0.609935891,0.68974054,0.368248865,0.228289811,0.596824019,0.873545451,0.329919414,0.037985205,0.841408338,0.560827274,0.586419357,0.537015583,0.130415833,0.673833871,0.756646753,0.468809927,0.538798809,0.406931194,1
0.734914218,0.207627165,0.754406558,0.880202486,0.349266205,0.685784411,0.251661495,0.503671722,0.59696767,0.559371678,0.581706934,0.09152788,0.630913889,0.334931602,0.057725312,0.260617332,0.067435041,0.53761769,0.239449964,0.890142822,0.684255461,0.792282119,0.161418207,0.992107038,0.668664161,0.836998626,0.168360951,0.527550347,0.7544533,0.387241749,0.128242872,0.685375359,0.543474122,0.901774333,0.191176101,0.075742222,0.247505558,0.757110092,0.240245108,0.811870663,0.259907543,0.721437639,0.948963982,0.650025593,0.420185647,0.232829979,0.097129648,0.280509294,0.429685339,0.515712156,0
0.6807125,0.877174473,0.932873022,0.020946514,0.799831666,0.20280813,0.783199153,0.374488928,0.455283891,0.622384537,0.530309721,0.091420316,0.901527103,0.931784651,0.607492424,0.03172881,0.615949967,0.786516496,0.351574953,0.986180582,0.874722721,0.469915872,0.517081421,0.499751847,0.307498788,0.421296383,0.869192161,0.372378911,0.075134845,0.007804866,0.790280943,0.254406584,0.132091448,0.757809527,0.384728872,0.177753872,0.336661798,0.073699552,0.610143801,0.559572015,0.021136405,0.202990197,0.840653893,0.952247015,0.888787587,0.326365212,0.759863016,0.908066257,0.306878729,0.827808069,0
0.241008598,0.05563282,0.307224865,0.8214406,0.615902062,0.099005584,0.502795675,0.148992925,0.066165156,0.801047762,0.141519213,0.9337887,0.451736175,0.757106298,0.903287581,0.618818541,0.53474097,0.729951577,0.900961184,0.457538013,0.896267473,0.922624652,0.658709721,0.754721182,0.48454981,0.513577626,0.558064058,0.219973356,0.104841012,0.527744629,0.13757447,0.890948497,0.656587247,0.132875458,0.992050894,0.390699531,0.418141129,0.177787105,0.405959423,0.475270275,0.693949649,0.013830074,0.211178454,0.707306577,0.924402027,0.086294872,0.0087675,0.111870781,0.552518326,0.129338316,1
0.433541552,0.927287926,0.216091787,0.218617562,0.450559784,0.048849915,0.823275693,0.326802556,0.770768802,0.918478973,0.389619841,0.951323218,0.111125492,0.327533219,0.737625148,0.251632256,0.67222635,0.846754305,0.576081481,0.191986767,0.825787851,0.724368316,0.392211032,0.112265159,0.281192024,0.037399047,0.485177883,0.106612494,0.708885751,0.24480164,0.226097387,0.958195435,0.297814492,0.143696666,0.811709965,0.788256581,0.177228585,0.835979757,0.691602798,0.062826211,0.247811669,0.236396285,0.91052047,0.696867396,0.431228655,0.810097624,0.671377222,0.800766734,0.867914659,0.270803542,1
0.216640212,0.476976229,0.963296016,0.031967297,0.999429809,0.059254661,0.317731011,0.8012035,0.922523093,0.19622033,0.971058394,0.592139724,0.690001386,0.915233252,0.566243692,0.369616163,0.615663967,0.602995212,0.117024722,0.337097138,0.654148138,0.443032172,0.692262292,0.799842542,0.060422886,0.58582974,0.76414736,0.408284579,0.712048972,0.531241293,0.420827457,0.287498346,0.547703232,0.11479603,0.632274454,0.212319621,0.315783265,0.802829094,0.304203353,0.343567124,0.814727643,0.395580227,0.748376748,0.848447677,0.848791607,0.647220335,0.081051947,0.268742685,0.794961217,0.785055662,1
0.74602216,0.947088093,0.696268076,0.827553232,0.328707314,0.46574313,0.172534813,0.671073987,0.069987499,0.69471038,0.494104279,0.256756676,0.469147391,0.155444143,0.506965147,0.383136584,0.036931527,0.508741345,0.166990657,0.308521351,0.859866672,0.17089075,0.724542763,0.306400832,0.065824201,0.610575642,0.180276385,0.008944954,0.593787247,0.149980675,0.366783077,0.43269832,0.180818328,0.434318605,0.641223303,0.342472623,0.820181956,0.86736043,0.564676762,0.698422564,0.383597733,0.355518879,0.854694159,0.41487845,0.331303334,0.002453393,0.319012973,0.838062761,0.475166928,0.315174739,1
0.8047617,0.556635668,0.953890698,0.781410217,0.990524046,0.936326365,0.648032104,0.393877801,0.833782137,0.373013074,0.198566637,0.061826903,0.285987377,0.843649242,0.692608002,0.359659014,0.749855783,0.957264597,0.117696604,0.274615058,0.649606727,0.201570913,0.183180756,0.995504184,0.856542089,0.127040219,0.054534807,0.814796987,0.053729369,0.862292187,0.173465295,0.371938625,0.7027079,0.274938225,0.049154767,0.197665288,0.2288409,0.807101065,0.225618373,0.800058828,0.53618553,0.955586195,0.904626512,0.048172901,0.03246106,0.179047953,0.470870957,0.771715935,0.378224828,0.095362608,0
0.519002799,0.525831038,0.794764947,0.653042058,0.268705747,0.616734604,0.586049592,0.439154362,0.511713223,0.515314506,0.347373166,0.007143869,0.778517982,0.386106113,0.498271192,0.832470628,0.980650266,0.813524438,0.931159077,0.247510831,0.576626601,0.95298581,0.360974958,0.506277737,0.96830318,0.177613954,0.391738442,0.012250843,0.397587501,0.236899536,0.119148055,0.30854491,0.273658628,0.339590921,0.965196914,0.714553776,0.546161508,0.339927947,0.075907634,0.199846297,0.145147037,0.632062578,0.587133558,0.154906088,0.700226456,0.273193644,0.329472787,0.306405575,0.841324898,0.265910069,0
0.174059965,0.468421317,0.118436917,0.523415161,0.555488329,0.765046509,0.20716115,0.077384974,0.63748002,0.553545757,0.102101759,0.079697209,0.944902161,0.53128532,0.341002492,0.938112691,0.568142472,0.174765253,0.765739499,0.207872116,0.71757219,0.544703306,0.143408166,0.85308786,0.681178657,0.935115682,0.047490715,0.229685488,0.396012749,0.037207899,0.580250197,0.737613349,0.700196938,0.433947521,0.473869555,0.918781929,0.494092703,0.280236976,0.323520601,0.376479971,0.727282668,0.15155843,0.832480921,0.072453027,0.252307893,0.255211573,0.339035373,0.856731422,0.526347834,0.365036118,1
0.661133351,0.744580762,0.598108526,0.093766187,0.974637095,0.248940488,0.35991091,0.647891576,0.34351506,0.11361091,0.533129419,0.64170363,0.095135357,0.262162821,0.966812222,0.789924502,0.745289286,0.017200657,0.70042834,0.257359268,0.796887923,0.906774192,0.237422731,0.249181413,0.957134291,0.034348303,0.72242909,0.837033968,0.487035084,0.490813804,0.755198062,0.200892096,0.228118721,0.46234323,0.505635648,0.995589539,0.519602534,0.216216614,0.543496886,0.461207069,0.376893383,0.909725135,0.360989583,0.44585826,0.501950737,0.321799825,0.251783259,0.659471424,0.428954799,0.886935891,0
0.217871296,0.718289965,0.128638669,0.153851718,0.804289289,0.86601543,0.947828431,0.899463608,0.182874476,0.809468811,0.52639702,0.313657333,0.915223724,0.833446214,0.632446248,0.121321071,0.871845625,0.659442048,0.925956792,0.444844163,0.050629784,0.962274816,0.505480148,0.699731943,0.405540419,0.80635256,0.820157551,0.259447145,0.512428099,0.684600215,0.405588661,0.87733985,0.563451054,0.712519251,0.032634734,0.815145592,0.130905885,0.132633742,0.345713309,0.222204113,0.877103537,0.614509663,0.11341941,0.816173071,0.799963915,0.416687944,0.228636398,0.12074363,0.29438052,0.204310774,1
0.016177511,0.127906674,0.982200269,0.680516206,0.146710192,0.760407346,0.470378841,0.623055251,0.621017507,0.061180913,0.904000001,0.312363466,0.640389872,0.737090755,0.660629926,0.544420573,0.424287406,0.407172194,0.821729828,0.750073944,0.698882199,0.333270308,0.817760016,0.915732981,0.192933283,0.062179406,0.225114241,0.052429294,0.589396373,0.804281462,0.835613107,0.167461832,0.165247904,0.067195252,0.662081004,0.718508252,0.387371988,0.73602634,0.946287825,0.254448274,0.28131903,0.762091998,0.304143962,0.742178325,0.202127858,0.724087261,0.090345822,0.487099496,0.727911596,0.892849346,0
0.285353516,0.002551195,0.967759034,0.115954107,0.236555112,0.012820321,0.326390617,0.000337562,0.69868303,0.717521798,0.542925388,0.277290296,0.747454147,0.330793966,0.143276524,0.866514861,0.832160213,0.780576148,0.190696273,0.979889292,0.989782782,0.892646427,0.720948918,0.234791174,0.044571879,0.671808722,0.804583153,0.416074564,0.192757686,0.761935339,0.131207335,0.851948335,0.857488974,0.602524029,0.214868412,0.844972374,0.726328832,0.014045719,0.369520885,0.598935753,0.894870823,0.161763322,0.649668721,0.118147753,0.299594869,0.668685623,0.416755241,0.059457525,0.341533116,0.067949104,1
0.922485791,0.6750154,0.983737387,0.165389299,0.049302239,0.887346328,0.060528483,0.375313693,0.066534515,0.117207205,0.408668849,0.011465737,0.977476763,0.626684779,0.064142081,0.762899207,0.50765295,0.329781631,0.1908215,0.72276522,0.928499366,0.258814325,0.129187845,0.995618866,0.398423038,0.681020109,0.446456577,0.686636898,0.620660581,0.131450107,0.625912138,0.753934724,0.653985519,0.289154318,0.455932712,0.901972289,0.079091979,0.245970287,0.080755013,0.657985732,0.668636113,0.054986522,0.511073476,0.52391041,0.660255091,0.396095228,0.150638351,0.657871809,0.229478888,0.058738505,0
0.065903632,0.595956277,0.55668899,0.378002505,0.038071899,0.926747534,0.610507026,0.022681219,0.074984037,0.335425031,0.397827164,0.060145091,0.272522777,0.902026382,0.713502801,0.900299304,0.116565018,0.876035682,0.843117816,0.781299216,0.228614924,0.899764004,0.642197751,0.217519992,0.722946118,0.084422911,0.264674931,0.100873575,0.621392311,0.046743538,0.426899769,0.86625882,0.283685427,0.991241774,0.349692732,0.918515203,0.163819886,0.384138333,0.711518451,0.785353874,0.274444924,0.81219847,0.197913919,0.729037649,0.306394212,0.615185691,0.115628717,0.296096815,0.090243221,0.085010637,1
0.396763829,0.099763552,0.536813185,0.618023798,0.763059045,0.810270543,0.319023951,0.537587195,0.094089641,0.974884846,0.560160953,0.912303733,0.372120571,0.531014002,0.133263225,0.334571872,0.715971758,0.710860453,0.494966629,0.843869116,0.366737186,0.671602235,0.53407103,0.924777205,0.165774712,0.450587108,0.373193808,0.471687404,0.269308632,0.627956094,0.158045899,0.883429496,0.430228851,0.62482187,0.497963035,0.836451046,0.080014745,0.100790527,0.062292537,0.96492122,0.265647713,0.10866466,0.287164241,0.654911315,0.705883473,0.075850041,0.464568709,0.318565425,0.408769143,0.071800034,1
0.671405825,0.402655477,0.209600891,0.574735585,0.289971927,0.898594437,0.96650613,0.913542227,0.695315553,0.921770739,0.243721858,0.91021773,0.359383154,0.952107378,0.334523214,0.44534601,0.811112945,0.74109173,0.364749777,0.84725272,0.503471332,0.703394132,0.437441045,0.484090707,0.262604952,0.801761875,0.774380682,0.236805834,0.145255566,0.880785127,0.575095654,0.636357123,0.536702053,0.2335483,0.805204475,0.103980936,0.476776599,0.148499497,0.881821933,0.566970491,0.711139059,0.882960241,0.867028444,0.344963441,0.115708403,0.094492597,0.442568689,0.393012461,0.000537589,0.613561345,1
0.391953906,0.053687661,0.935793192,0.137478811,0.824668144,0.555804479,0.642637269,0.46798689,0.304802236,0.689268802,0.850064498,0.390259392,0.827236327,0.675679624,0.129561784,0.193287389,0.878166024,0.017362676,0.535612638,0.059234363,0.224573315,0.054527792,0.112343714,0.044660654,0.588823927,0.491787522,0.091044037,0.043527951,0.331722535,0.762624885,0.438424029,0.058012692,0.232519857,0.300375917,0.963628643,0.764093078,0.335049006,0.95264394,0.391061904,0.679048965,0.188102635,0.059725761,0.235670265,0.457820624,0.206051653,0.120030482,0.459781875,0.167293542,0.012802229,0.376084702,1
0.16803135,0.292194889,0.536664658,0.3563918,0.378148067,0.642208827,0.725694727,0.376517048,0.591881796,0.942932451,0.5681407,0.691357282,0.443659972,0.774099874,0.919384341,0.229390404,0.20204024,0.072212707,0.49992633,0.08277018,0.734972153,0.82139744,0.327727347,0.921069626,0.483124377,0.066401799,0.503289626,0.021623785,0.582008681,0.735621972,0.744712671,0.15382757,0.934333061,0.66001862,0.749472518,0.266435885,0.73394199,0.805536249,0.157414693,0.52713548,0.593902562,0.984757933,0.898740198,0.308827225,0.021795482,0.153459259,0.650908273,0.956923193,0.606298277,0.861670496,0
0.329293173,0.610812161,0.878206227,0.989448898,0.100876373,0.159276179,0.449382161,0.33641172,0.233815474,0.913671912,0.339263749,0.957630368,0.391935188,0.265210116,0.886467261,0.939787498,0.619341492,0.713611347,0.915404071,0.415090466,0.849735139,0.667379754,0.554572348,0.788878165,0.360983096,0.73603697,0.589726383,0.945736223,0.578421169,0.491286234,0.176379209,0.790149351,0.25974095,0.966449512,0.163042526,0.28208377,0.642862562,0.154482013,0.656105709,0.32636897,0.695222177,0.867968764,0.828511512,0.30021975,0.862107307,0.802500092,0.012545693,0.215542513,0.398581524,0.653188591,1
0.772984833,0.704895652,0.579769822,0.990868427,0.085326012,0.561623363,0.208989639,0.351694795,0.915657228,0.276710017,0.439164669,0.487251119,0.928714061,0.152573431,0.611788651,0.429517789,0.290242999,0.538774253,0.799638456,0.152119866,0.352436123,0.698146896,0.532035375,0.629825822,0.068715107,0.434588682,0.990168854,0.958462629,0.158793787,0.657930533,0.074390825,0.478263021,0.958688473,0.179608398,0.227819213,0.458951788,0.393757722,0.309588653,0.352953126,0.416052264,0.479964563,0.202364586,0.640027002,0.231899915,0.009772455,0.957733358,0.938410037,0.355646914,0.034087872,0.731732367,0
0.978340216,0.537970285,0.343730811,0.43183506,0.761478174,0.600181762,0.085671052,0.797814047,0.372130252,0.681483978,0.294582091,0.50856292,0.236522913,0.594684203,0.053462457,0.024333865,0.820823138,0.936784789,0.332083205,0.439052355,0.234445785,0.840936603,0.461467449,0.72479011,0.206734057,0.839998255,0.030441222,0.957715911,0.238461102,0.633887849,0.951872393,0.818738157,0.510620911,0.889320154,0.343743413,0.663810766,0.815916379,0.888521059,0.651587233,0.087744025,0.378055019,0.307807458,0.526659367,0.640737077,0.607324396,0.004244423,0.001597172,0.59370001,0.878028857,0.627444546,1
0.399681133,0.624865462,0.347578883,0.449434023,0.714880133,0.983078999,0.284135226,0.897848199,0.331513906,0.530254226,0.66454224,0.755296972,0.15448529,0.647276793,0.296401725,0.750433727,0.449515056,0.698268594,0.581444026,0.089565459,0.783458941,0.135935514,0.118851212,0.640746034,0.457997843,0.494762549,0.045931725,0.420019633,0.156048565,0.762838996,0.405593082,0.953926371,0.115011221,0.464155855,0.750132612,0.965092953,0.743483364,0.753098115,0.028675487,0.02925857,0.686763252,0.255665039,0.571238265,0.551770062,0.285014799,0.813557153,0.650564978,0.798197371,0.516334999,0.947776162,1
0.088696032,0.52276505,0.385946117,0.848451691,0.796135513,0.591626805,0.997269024,0.992416571,0.879002499,0.298500777,0.535189982,0.122373925,0.034430875,0.749384317,0.427628192,0.27726068,0.507208057,0.216617784,0.735520875,0.625666031,0.934592294,0.859984518,0.50487202,0.045327376,0.922225771,0.616223926,0.654768143,0.371141995,0.665445397,0.91343654,0.192357218,0.416752389,0.345293215,0.856085413,0.824687228,0.501447171,0.236738624,0.341357611,0.664002737,0.949290608,0.991751679,0.716913868,0.15573027,0.079657093,0.630950443,0.618541809,0.704669526,0.324296237,0.467912795,0.699499447,0
0.295876101,0.037698082,0.520498581,0.264920813,0.05693868,0.325800572,0.502845037,0.554081167,0.26820775,0.743090632,0.827631451,0.242249266,0.328647976,0.48751279,0.898957037,0.087377756,0.343551394,0.373983222,0.705953412,0.676340735,0.929755283,0.940247282,0.886547667,0.845400045,0.230816133,0.936654297,0.194163531,0.007576539,0.371607939,0.981747543,0.453890244,0.603301942,0.733695047,0.287372876,0.510044674,0.186907792,0.628368289,0.151717221,0.740083854,0.806200124,0.787564571,0.009579426,0.252386509,0.419251886,0.075708637,0.323508993,0.391691184,0.722942328,0.354253465,0.732279209,1
0.144256912,0.323919638,0.691739047,0.79013562,0.738510274,0.733124177,0.262573629,0.939373935,0.600205849,0.672042278,0.866483309,0.93742886,0.268519698,0.005680416,0.950378844,0.083848373,0.51562354,0.711030479,0.308651723,0.708652864,0.934471312,0.353955669,0.54391619,0.790929814,0.777839462,0.035239929,0.87676145,0.141653332,0.07410981,0.110543457,0.090832872,0.005329412,0.458383844,0.456031091,0.573453172,0.964880601,0.784410919,0.569689224,0.496594632,0.278742617,0.22653109,0.657697764,0.090465062,0.417680523,0.910133485,0.357031033,0.036788994,0.645589155,0.502834388,0.73116606,1
0.709134895,0.415918789,0.533860156,0.841617446,0.799566789,0.960594947,0.990176312,0.921005241,0.250039166,0.630795232,0.174388583,0.426340038,0.567034539,0.360716724,0.384094466,0.478423397,0.241307822,0.934639118,0.521568721,0.895709055,0.78617981,0.15474521,0.714158748,0.438661968,0.261484286,0.771490209,0.66259788,0.452499584,0.062065791,0.7366757,0.848089529,0.338382991,0.021304355,0.726771726,0.787270468,0.38865708,0.669848801,0.384560867,0.210965524,0.305093249,0.470035243,0.179738987,0.063736801,0.69738286,0.343757041,0.375094708,0.31155528,0.870334604,0.107757957,0.210329415,1
0.688581246,0.837261718,0.064919296,0.804985412,0.772709175,0.440676541,0.231938141,0.753831427,0.670321801,0.682142219,0.243504191,0.737039688,0.163239228,0.616645186,0.138270549,0.125188685,0.809873355,0.629837293,0.725721207,0.371767792,0.061121957,0.090545538,0.747517981,0.112919455,0.159555147,0.302049115,0.80069435,0.414210958,0.69085478,0.794369432,0.573255641,0.458854396,0.992154692,0.201944159,0.445927975,0.217310813,0.408342415,0.350974426,0.160436351,0.968711202,0.720837177,0.723787913,0.503705514,0.21474921,0.064656974,0.413757795,0.545566314,0.024464042,0.263902801,0.141576498,0
0.925034477,0.109852357,0.714057465,0.699277007,0.017097309,0.587878757,0.611581954,0.594128106,0.417292552,0.246316286,0.727149748,0.344297253,0.653497303,0.948846454,0.616685169,0.478009812,0.381801953,0.702716996,0.558586438,0.340363427,0.964931131,0.170117726,0.592831029,0.902670642,0.697078576,0.421034123,0.394498933,0.392211323,0.107246621,0.51337587,0.969208635,0.896842671,0.924950526,0.567887923,0.4050974,0.244449153,0.712793488,0.898725705,0.835192398,0.998367282,0.816949312,0.561344731,0.819811259,0.499201191,0.144827084,0.981435126,0.614179848,0.416138012,0.856106071,0.517962251,1
0.258535052,0.028775535,0.384290804,0.394834862,0.193954751,0.539150872,0.704397755,0.854568214,0.939661967,0.319768218,0.013139697,0.49067538,0.873435727,0.428120803,0.064507729,0.003458378,0.891064592,0.621456745,0.132586991,0.685039936,0.09685239,0.219619173,0.075953237,0.176507598,0.452318019,0.490814299,0.186691225,0.263424831,0.899112888,0.197407808,0.532656435,0.686221645,0.795240806,0.039702816,0.973447042,0.395909098,0.884429306,0.63220555,0.906831527,0.294828951,0.751447301,0.306439924,0.614883716,0.137277959,0.904445263,0.258216492,0.076767846,0.353965389,0.929315038,0.481346335,1
0.8365556,0.280298945,0.466647267,0.346667278,0.630392496,0.470693566,0.742372923,0.239434897,0.92729721,0.242356683,0.301645821,0.554408702,0.864481703,0.091394145,0.773425561,0.162462881,0.718398092,0.328107453,0.811014208,0.835446594,0.142581462,0.667310621,0.058493548,0.566523462,0.568924103,0.071248685,0.638015152,0.827092929,0.335895811,0.915318807,0.102001776,0.97156633,0.668003104,0.086565665,0.924610475,0.419031857,0.641041054,0.525481877,0.615538462,0.521774562,0.332257775,0.377481095,0.721943198,0.689055793,0.732084144,0.940974816,0.180885388,0.16484706,0.724360175,0.171120116,0
0.398538844,0.656897191,0.038188283,0.519616337,0.04375144,0.547674994,0.3300214,0.560629811,0.918253549,0.505053279,0.374133924,0.190535617,0.511058208,0.891305071,0.008335555,0.131205096,0.954310695,0.475893896,0.718997028,0.69827035,0.250346971,0.869293502,0.934079333,0.882698848,0.751738817,0.228108021,0.768621481,0.131965198,0.090556666,0.163554423,0.896195673,0.812608082,0.235288946,0.910165313,0.665470774,0.718739854,0.818273613,0.542210119,0.978429689,0.642435467,0.003236213,0.715259282,0.481655162,0.438093831,0.616527656,0.294677419,0.532831227,0.684117068,0.753741966,0.921185435,0
0.175551694,0.961550065,0.768522036,0.17383906,0.764484677,0.028578315,0.844796805,0.337387272,0.181283372,0.238399762,0.090828225,0.260031174,0.969989088,0.448797732,0.521980332,0.223579917,0.449178485,0.122099259,0.545159606,0.300337547,0.863526509,0.435124641,0.006448235,0.457417139,0.635668822,0.837550982,0.797332908,0.145817493,0.443381088,0.393506415,0.854899162,0.731666544,0.781138941,0.371251931,0.190226926,0.601170157,0.107742694,0.256127144,0.684380186,0.272143117,0.282472611,0.471466001,0.173530585,0.556329976,0.981054665,0.208670827,0.481545155,0.484268232,0.231377939,0.939238642,1
0.475584854,0.147627653,0.353410993,0.978550169,0.230066503,0.218568934,0.998759457,0.433653398,0.486791662,0.135958144,0.329775795,0.017519758,0.30665538,0.64412358,0.88094548,0.335819137,0.834817015,0.644123867,0.535817181,0.973434911,0.859034377,0.152298601,0.359029561,0.646736265,0.398907963,0.761221248,0.113180955,0.987742356,0.064399469,0.898569217,0.234491225,0.11811688,0.630953424,0.224624045,0.160358791,0.950531291,0.874246855,0.881825499,0.146973161,0.700221074,0.721789864,0.713007839,0.732001164,0.158584619,0.004494688,0.353855329,0.479232818,0.317508326,0.068941158,0.040238055,1
0.725052177,0.593064905,0.620973808,0.162964286,0.471111012,0.826321288,0.15789524,0.354391238,0.495860122,0.251651009,0.536026346,0.53624135,0.410161588,0.835742802,0.212862009,0.088808115,0.922856384,0.601152617,0.061325808,0.250313008,0.519210031,0.854984103,0.586136948,0.498590747,0.965927675,0.40626636,0.197140348,0.388164379,0.158294236,0.053229994,0.021388767,0.733289834,0.626682288,0.320359441,0.720423272,0.777550715,0.714062396,0.387737274,0.301277686,0.352799609,0.793034119,0.123747981,0.716856703,0.233866301,0.189170823,0.762362476,0.933351599,0.527661281,0.087174439,0.360174689,0
0.284271899,0.184198276,0.460334997,0.228330974,0.018220834,0.91381362,0.081975302,0.552167554,0.696243357,0.307885175,0.738208932,0.451410968,0.076620419,0.541285191,0.271627239,0.89082525,0.906878049,0.853959982,0.384919289,0.343089787,0.95870603,0.028572114,0.60266335,0.420054882,0.331253401,0.142579977,0.935061622,0.118911848,0.024317062,0.73275458,0.798046258,0.757624698,0.660096037,0.564936278,0.075194533,0.572509033,0.954968806,0.070895341,0.90846203,0.201631491,0.706365204,0.848734235,0.61066426,0.342664199,0.295708222,0.924121105,0.943083008,0.692400538,0.39967131,0.940238863,1
0.481136317,0.841808673,0.190181229,0.385681593,0.538650941,0.870495834,0.291483285,0.211013941,0.03550061,0.914705592,0.547878786,0.833958952,0.419425998,0.489190488,0.912517418,0.772376438,0.400689731,0.545296431,0.940427701,0.015346599,0.968429843,0.104501913,0.366195002,0.376344962,0.772383461,0.65263666,0.123845399,0.51368194,0.503430999,0.94266576,0.941696225,0.611962529,0.298315584,0.21855208,0.229283248,0.04398416,0.688592694,0.196740629,0.227729256,0.389284673,0.004133918,0.277289721,0.271258852,0.378601628,0.411909829,0.073757217,0.723214953,0.197632656,0.433367962,0.406306056,1
0.791252411,0.931238009,0.570656869,0.710332774,0.623678146,0.826955782,0.547565025,0.154884354,0.841017764,0.839467453,0.551533572,0.216422563,0.904087623,0.883926542,0.592068806,0.603989459,0.426897209,0.152524793,0.381583569,0.749362947,0.683415446,0.771815227,0.552383335,0.455254044,0.985171045,0.078403324,0.144951577,0.739415708,0.005232069,0.497840826,0.088540086,0.22480285,0.859721103,0.914646913,0.961018411,0.674159172,0.208693543,0.71880123,0.257205355,0.669085536,0.288210234,0.197868313,0.882015938,0.41923563,0.554998622,0.419550529,0.664059119,0.746225661,0.359928807,0.177235734,1
0.099971074,0.121584539,0.613919219,0.436501086,0.228784069,0.687586533,0.471849388,0.141474193,0.516534192,0.852793261,0.325637145,0.930539855,0.583261999,0.545845899,0.626661809,0.568387223,0.100717258,0.215835277,0.342369406,0.031239432,0.832961596,0.949292453,0.870663653,0.424765543,0.785780452,0.071333418,0.831390217,0.501989145,0.606764771,0.135502648,0.557199279,0.658190626,0.86435991,0.120417215,0.031274119,0.174795831,0.349064979,0.438757541,0.089985693,0.02169952,0.694950359,0.093521061,0.788526116,0.908901999,0.401863554,0.226204841,0.154373369,0.802098888,0.678294701,0.578987182,0
0.272193265,0.685416441,0.994008756,0.908800413,0.827089197,0.819768796,0.269544325,0.367229462,0.344274333,0.533738428,0.441825589,0.719040211,0.830649866,0.41756707,0.699671722,0.344436676,0.215697423,0.240439179,0.432459353,0.644088196,0.691502693,0.606857438,0.129360581,0.246653211,0.109402539,0.868771405,0.242520556,0.891505467,0.165825196,0.481270396,0.351439952,0.675024744,0.082763544,0.672694313,0.532901165,0.276595172,0.42505668,0.342603234,0.403673409,0.514490143,0.26651115,0.074087991,0.114173548,0.538128382,0.782683557,0.033708115,0.9052398,0.018525673,0.005169852,0.265110794,0
0.12503948,0.556821313,0.867100105,0.05230608,0.925536997,0.745905877,0.809137383,0.608304243,0.583992953,0.328467419,0.870318357,0.291903145,0.365330899,0.331593592,0.569298782,0.988556043,0.06416309,0.246633755,0.365124603,0.996059014,0.919470522,0.149019078,0.386575681,0.178250194,0.323773322,0.41923218,0.330260328,0.961225179,0.588028413,0.907022709,0.306269454,0.872061872,0.017879699,0.660855393,0.730812404,0.809228635,0.171717142,0.982991032,0.266217834,0.588685978,0.821116534,0.787006826,0.243679277,0.074802355,0.582309502,0.380857228,0.64193942,0.564737545,0.375207651,0.095391189,1
0.791341933,0.961693659,0.564251359,0.040260716,0.592555217,0.187798296,0.849744226,0.416776908,0.347941812,0.390397614,0.059947038,0.461484501,0.538842037,0.019077386,0.098701773,0.489894405,0.288239408,0.455821582,0.263319733,0.513019043,0.801012656,0.612249516,0.490139043,0.396804388,0.729504848,0.618689076,0.33322248,0.368417894,0.470254559,0.28934057,0.606665052,0.125114592,0.511487259,0.050411883,0.273700626,0.536941204,0.85908173,0.093297611,0.403432645,0.407975619,0.93734189,0.702745117,0.019386654,0.00872317,0.103217588,0.921684124,0.055187507,0.961793845,0.651457335,0.153402938,0
0.77108044,0.287816562,0.436395802,0.281853252,0.661438916,0.168095622,0.963507651,0.915203848,0.128481544,0.50667675,0.34033881,0.53626401,0.730306408,0.903331665,0.006809698,0.843666283,0.866596929,0.91434824,0.070064011,0.545717197,0.620988973,0.109878034,0.376615235,0.561323975,0.777218591,0.306051141,0.185539758,0.287329885,0.162395198,0.23969951,0.747209026,0.502311365,0.725658149,0.133665654,0.911302946,0.896379866,0.292300269,0.185584868,0.894784537,0.16487328,0.39066112,0.8800395,0.26422154,0.960947271,0.142937498,0.378937112,0.531323948,0.661803127,0.555993258,0.479778421,0
0.437582379,0.507178863,0.755161867,0.183172531,0.010129595,0.600787491,0.411701225,0.959610554,0.47854896,0.114552366,0.186779723,0.520763712,0.720040337,0.662950444,0.320058401,0.434700607,0.678871502,0.797373868,0.501487081,0.53135671,0.7569597,0.256739439,0.904843969,0.049807218,0.109931082,0.946140391,0.912268874,0.991547679,0.760809161,0.432527923,0.089726173,0.338433759,0.005323997,0.810423469,0.917439665,0.491291009,0.553213496,0.839680977,0.160680708,0.713158456,0.508901352,0.398003638,0.434970794,0.729190158,0.93671556,0.425900515,0.398738137,0.162930507,0.786794658,0.083774854,0
0.722611992,0.900753994,0.099119041,0.477280753,0.882682442,0.801941994,0.316840332,0.648843746,0.982870175,0.895618494,0.124925405,0.203819505,0.287751253,0.855841706,0.328766153,0.142812685,0.115199038,0.107085283,0.260693352,0.83314876,0.597562359,0.257477099,0.146109362,0.36857622,0.936324151,0.096430294,0.304617149,0.7216435,0.628813128,0.787569423,0.103118347,0.616112328,0.294139094,0.404684602,0.503422882,0.257682353,0.860234198,0.974759746,0.269464272,0.663424195,0.438982921,0.371282058,0.066014432,0.594220598,0.444414237,0.663068275,0.690813347,0.162990843,0.294845391,0.650682509,0
0.71905466,0.123726113,0.255812551,0.278541877,0.873864307,0.386285215,0.730402465,0.879489091,0.98619672,0.111985999,0.995691324,0.620249072,0.594373028,0.788350947,0.694934025,0.763488814,0.690794794,0.748393281,0.250799393,0.867997298,0.961312966,0.59948739,0.271125194,0.895688243,0.704186027,0.15486627,0.401959319,0.956369317,0.02394001,0.903947877,0.04440209,0.346455254,0.84861611,0.551419679,0.485239989,0.804961382,0.900043058,0.252888336,0.951415899,0.496396692,0.829836812,0.047424999,0.849029954,0.794643921,0.32527829,0.79765119,0.653058721,0.817570279,0.954607044,0.109147367,0
0.427125793,0.906387795,0.656525456,0.725133501,0.077218284,0.903437755,0.867724797,0.681582371,0.038776962,0.874155701,0.543868294,0.935444675,0.441843187,0.410434155,0.194715753,0.564452327,0.66473683,0.146085783,0.917867333,0.438030768,0.848157677,0.762997302,0.766352625,0.36795199,0.563816688,0.621874287,0.808346387,0.929304445,0.388029111,0.543657368,0.979113407,0.145276877,0.615858112,0.292328891,0.90928813,0.902760066,0.741303672,0.040102891,0.669506203,0.917034438,0.303990212,0.423481379,0.269433541,0.925585427,3.96E-05,0.547613008,0.007206928,0.115837295,0.488172597,0.017954349,0
0.529610854,0.271671989,0.389337422,0.530297958,0.793753463,0.657827137,0.528073412,0.38146592,0.63951625,0.563561533,0.808481499,0.575481767,0.118298979,0.40056897,0.888639764,0.786922048,0.551318514,0.279580995,0.007411664,0.442195915,0.157035176,0.218232029,0.053577549,0.087348546,0.43251006,0.314300592,0.399280494,0.382914733,0.550664371,0.117823258,0.656152771,0.068551466,0.226200007,0.745570872,0.9345812,0.330549497,0.65150209,0.172764604,0.056986017,0.044080958,0.56839536,0.439331649,0.610979059,0.860678163,0.240459072,0.177197096,0.66492113,0.398089083,0.109695373,0.642990664,1
0.641399616,0.249062179,0.568564882,0.050344623,0.321805544,0.813451911,0.918787658,0.480529538,0.848054419,0.544310768,0.491520239,0.91766702,0.619522114,0.337399797,0.395959749,0.815356136,0.717756806,0.409516556,0.071548603,0.754832221,0.70855147,0.571906391,0.863264237,0.029412612,0.013418758,0.985285259,0.779520888,0.802205693,0.79463548,0.504476041,0.060498117,0.234072102,0.184340263,0.909853609,0.739315114,0.506200177,0.383618281,0.381743816,0.759032508,0.582192503,0.337133591,0.110521544,0.419691717,0.659791341,0.053300629,0.164553484,0.819670189,0.981768585,0.962702747,0.260806408,0
0.998932513,0.414500022,0.685903896,0.131789808,0.087104595,0.359089387,0.337207987,0.223615681,0.716502706,0.101944962,0.259789111,0.011035216,0.421850919,0.830104306,0.926453626,0.709234707,0.736872786,0.079983466,0.822510185,0.017031596,0.924817949,0.06963257,0.113847469,0.389915403,0.734559779,0.699321437,0.629560782,0.980943753,0.054298699,0.645788078,0.701642539,0.404530427,0.76975937,0.927641225,0.63309403,0.027654247,0.177076202,0.726674722,0.118356208,0.463016246,0.652648873,0.001324072,0.680104766,0.166481164,0.067039311,0.139539056,0.991812303,0.315066897,0.47701921,0.712840106,0
0.235380926,0.718497396,0.267858311,0.978402031,0.235791274,0.353302241,0.851107772,0.49567688,0.505684041,0.545072286,0.672684924,0.932393838,0.534803739,0.238603123,0.605429464,0.351565496,0.065769785,0.685782198,0.353941679,0.82353889,0.149442541,0.742451194,0.012977025,0.470139502,0.318571923,0.264705082,0.67546133,0.959833026,0.215881796,0.374109879,0.639724152,0.162909644,0.959482012,0.582792266,0.767434761,0.705914074,0.107001372,0.214270968,0.146073312,0.56122033,0.954009316,0.657947514,0.124650686,0.820301307,0.839319825,0.550204873,0.010132309,0.629272088,0.547934834,0.728408817,0
0.45860293,0.221905465,0.262646926,0.526675853,0.674735057,0.315846794,0.614395237,0.145391804,0.152050987,0.787284697,0.349171845,0.631332631,0.853524758,0.674275778,0.9137216,0.233632898,0.617502733,0.109522303,0.132543732,0.692011322,0.623317266,0.781278237,0.519607273,0.881732173,0.866092659,0.928724136,0.012926262,0.948689152,0.439610717,0.011862651,0.366649799,0.563055707,0.091785176,0.573190348,0.231621352,0.406385576,0.114792939,0.891892852,0.301440711,0.510781825,0.547012841,0.516243392,0.067329103,0.480297135,0.025743312,0.518825512,0.070944378,0.420823489,0.279741401,0.319624021,1
0.430592749,0.347175701,0.994960968,0.096829271,0.115859861,0.831157519,0.703360567,0.328447035,0.903377851,0.74655429,0.292861665,0.600868126,0.853704856,0.06270179,0.979463709,0.477794297,0.495155969,0.321411877,0.149860561,0.866011091,0.420666556,0.227146678,0.727866677,0.321712792,0.166452203,0.738186442,0.180351854,0.389260989,0.488161782,0.612157634,0.90216695,0.02208202,0.35412999,0.338517655,0.300891216,0.879135653,0.26129966,0.697864541,0.975372314,0.973402603,0.349049896,0.634259474,0.408186171,0.811030852,0.676779258,0.565551939,0.880035409,0.283606224,0.093093521,0.416972743,1
0.458853886,0.571473925,0.037805934,0.885425824,0.351985689,0.019324867,0.389923633,0.238882487,0.597396612,0.505693449,0.264223085,0.821676612,0.284262047,0.135642179,0.603092353,0.954857455,0.336149334,0.391657958,0.523475034,0.137156343,0.218143945,0.226485366,0.36246991,0.834372749,0.712383584,0.982618018,0.974413002,0.952814266,0.399266908,0.525093138,0.563620691,0.868574531,0.003425853,0.821076265,0.362305223,0.539852616,0.594691655,0.291274843,0.206658098,0.176519726,0.915131287,0.301403434,0.139631241,0.519461622,0.956477662,0.582556589,0.526412319,0.654299311,0.85986735,0.551463887,1
0.106041888,0.618602141,0.374283955,0.442597241,0.063830779,0.416250407,0.7960122,0.557133695,0.551728156,0.18639256,0.674236018,0.491569614,0.013206647,0.665276481,0.31451759,0.629867569,0.602922828,0.972773325,0.330182741,0.659663389,0.635641479,0.58739043,0.10427876,0.930836983,0.997033769,0.176464119,0.235911226,0.628945905,0.598735262,0.409072887,0.513663919,0.106615053,0.201334321,0.326993836,0.706049655,0.263792271,0.217290312,0.111129629,0.472985543,0.803339693,0.497259436,0.84710722,0.912231898,0.79613798,0.059279837,0.167531893,0.906261645,0.106756289,0.378997436,0.110809579,1
0.985122396,0.428917809,0.776751613,0.226004997,0.902688457,0.950607758,0.189686457,0.945085874,0.150755856,0.276411999,0.109694792,0.692609931,0.241506787,0.565636541,0.953744257,0.956771652,0.028442203,0.999020972,0.091432138,0.521817833,0.527471643,0.498064925,0.808266355,0.755481654,0.557315757,0.193749109,0.107504349,0.007381418,0.50144468,0.311394518,0.258378772,0.617846437,0.941176265,0.736745835,0.147358652,0.660820667,0.848570619,0.473721606,0.865142344,0.55512864,0.488179043,0.929789704,0.408930161,0.698348062,0.606455932,0.906466035,0.37942978,0.833700991,0.011435775,0.913153136,1
0.532207131,0.228925476,0.223135302,0.315555338,0.770887961,0.30057829,0.937456246,0.367352949,0.702974972,0.592178931,0.804708173,0.007980611,0.811773508,0.121093939,0.684909076,0.087599086,0.512585255,0.783953004,0.701467581,0.881555791,0.822700837,0.879846897,0.427907467,0.965729133,0.214698268,0.363437938,0.099098064,0.205376883,0.422032579,0.895626465,0.765236743,0.160091256,0.469327123,0.194856141,0.626613997,0.785004449,0.033012737,0.399962356,0.746157956,0.359943043,0.584036484,0.445933982,0.107801501,0.619343594,0.462593094,0.913505363,0.082161641,0.028591139,0.02080807,0.769046153,1
0.075861765,0.561577383,0.013365568,0.954422095,0.810867358,0.418844097,0.901811421,0.1311962,0.54686089,0.447591134,0.14697133,0.237871087,0.018912477,0.485071115,0.80355161,0.254928916,0.235290491,0.49336794,0.340886357,0.590256068,0.04412391,0.253860292,0.619732021,0.826571442,0.813071941,0.610919818,0.085179311,0.598167078,0.289070722,0.738627028,0.265962828,0.439326298,0.429442514,0.927704777,0.719405408,0.015421169,0.824567922,0.785788515,0.282895541,0.130456485,0.20658291,0.668630463,0.779130524,0.56275528,0.721047647,0.535032373,0.509802325,0.347163646,0.921567771,0.207141661,1
0.981778354,0.446141048,0.004054308,0.98511269,0.233835111,0.766007645,0.332650239,0.343042647,0.835056329,0.881277361,0.919976925,0.322921244,0.303433598,0.1378827,0.968393091,0.521540651,0.739154075,0.877861297,0.405588151,0.409944801,0.787160984,0.721041561,0.551539307,0.248086624,0.10175512,0.623406065,0.900407867,0.761208055,0.615265118,0.183088036,0.755195273,0.994691773,0.780637872,0.683643342,0.466372151,0.585719271,0.912750409,0.459802707,0.188048364,0.182365469,0.846502743,0.690200888,0.877600084,0.058459614,0.45202923,0.135413605,0.77202094,0.796939763,0.607928955,0.267282992,0
0.779949041,0.687960876,0.531290512,0.067938597,0.163106509,0.970902094,0.132016291,0.170823356,0.057427135,0.1598957,0.280182208,0.793259958,0.670428464,0.358785157,0.30323289,0.396162482,0.95577958,0.11736304,0.934974899,0.326129678,0.072547065,0.352474552,0.479522055,0.20937855,0.325727935,0.421433894,0.241544889,0.331296869,0.212644513,0.826527598,0.359116884,0.56044567,0.548537881,0.365634264,0.267444571,0.63378078,0.851230096,0.737886895,0.909943344,0.408687518,0.928213573,0.592795612,0.145361989,0.977264854,0.05185939,0.911006508,0.974701754,0.415155629,0.573490553,0.264834684,1
0.064368878,0.074570035,0.251841557,0.711581875,0.658194275,0.179498533,0.209795112,0.668168082,0.776627289,0.904008544,0.960723526,0.457858421,0.887949047,0.816100241,0.962615318,0.01778572,0.284921399,0.129790972,0.696923184,0.972154338,0.944247733,0.408869143,0.908148763,0.788209047,0.287687575,0.308024629,0.458794557,0.099067203,0.696817819,0.040214745,0.811643695,0.539202208,0.087095121,0.559085224,0.92419026,0.001838825,0.811217828,0.595190805,0.728365025,0.570199932,0.861209762,0.951300177,0.628589049,0.576388222,0.989187608,0.676294174,0.896562408,0.09530835,0.129560977,0.99758654,1
0.857060736,0.044558308,0.647833239,0.625108806,0.309068404,0.716366405,0.829349597,0.171079267,0.762265754,0.840897924,0.333772678,0.623518881,0.989684439,0.599422284,0.480773265,0.746395592,0.034934378,0.908121584,0.358897601,0.240186534,0.230460679,0.060111416,0.741210487,0.712360103,0.509363749,0.611661478,0.565693419,0.209655122,0.156398144,0.792440331,0.233375995,0.314221744,0.564692548,0.256302189,0.052974798,0.0051899,0.59972544,0.639707173,0.934074033,0.488167084,0.307790932,0.961483888,0.798762901,0.494641644,0.660239608,0.491539202,0.818600509,0.207098772,0.21960111,0.074284726,0
0.923597826,0.270144637,0.333996261,0.536275388,0.910429986,0.328394455,0.848691724,0.572891267,0.117839725,0.563106186,0.60082788,0.762463099,0.46056359,0.854951397,0.339201164,0.082677665,0.374533209,0.473488425,0.858340931,0.140719278,0.118370434,0.150235881,0.527261713,0.286158368,0.189859414,0.66851101,0.526148984,0.584391173,0.765421298,0.986702252,0.784381312,0.393572048,0.37627842,0.711676806,0.682965981,0.399553208,0.009427374,0.587392116,0.663955908,0.289772194,0.232507688,0.174141108,0.004567394,0.843613839,0.309966758,0.374048645,0.877880219,0.895490023,0.717980572,0.773803007,0
0.158561177,0.730792309,0.741988118,0.566202047,0.147627806,0.52892516,0.682542054,0.702470216,0.966917522,0.189755969,0.623482029,0.118376834,0.324958881,0.537929473,0.830571786,0.474570281,0.141903316,0.973911625,0.144025859,0.725913949,0.40648274,0.530206158,0.044959401,0.380737746,0.676633366,0.667015596,0.205641079,0.093511257,0.028229449,0.559271798,0.092257311,0.442075881,0.692189986,0.939531486,0.535658763,0.352296943,0.227508186,0.240579994,0.827000806,0.188802862,0.84054592,0.54520541,0.94814252,0.574776409,0.373252675,0.622931644,0.32680811,0.4963217,0.468509432,0.961679371,1
0.341034902,0.096746948,0.759260458,0.849417943,0.1476409,0.611690155,0.097393898,0.055956758,0.657873868,0.168530416,0.312758533,0.38111749,0.337828116,0.404267396,0.931332836,0.77643978,0.237886266,0.587154287,0.917797167,0.471271479,0.426123616,0.704903065,0.779424124,0.018068417,0.661738233,0.010911873,0.582656078,0.992389544,0.569672205,0.844056761,0.653510149,0.016044409,0.166676562,0.95737376,0.587372937,0.625835805,0.091963828,0.290302551,0.274136022,0.733734487,0.517783746,0.723677954,0.933426023,0.017877925,0.9419105,0.86781458,0.789851807,0.015230998,0.910960986,0.438902328,1
0.503459524,0.351901533,0.762437282,0.711172736,0.191100497,0.782984604,0.568690377,0.630179463,0.606276376,0.686791303,0.501666678,0.662250598,0.064093253,0.236057513,0.110896957,0.865346057,0.730978166,0.446647921,0.497888245,0.833435053,0.356235545,0.082129322,0.381959874,0.418070217,0.575589843,0.848895197,0.867996258,0.819640237,0.920938323,0.868637007,0.789762721,0.103411614,0.025473772,0.36721739,0.517023346,0.585007691,0.873753014,0.482447333,0.808265915,0.470950136,0.452413786,0.481277177,0.040666297,0.513151159,0.439741542,0.711332895,0.033982571,0.104993693,0.958033603,0.740389253,0
0.970174433,0.439882177,0.417320479,0.277773284,0.050084024,0.25369736,0.215860374,0.820956207,0.812105118,0.869107376,0.043195824,0.752995695,0.872335104,0.092315067,0.486686834,0.362857529,0.569934368,0.714110498,0.108358777,0.967881569,0.425191873,0.66817385,0.336162003,0.447908276,0.701354957,0.107782038,0.131623236,0.084637905,0.455035673,0.993956089,0.152121954,0.491619353,0.315592501,0.828264411,0.693834445,0.594329073,0.993702525,0.497717218,0.425685114,0.597927439,0.566714578,0.099785732,0.879185101,0.927216432,0.193882626,0.593317538,0.627439056,0.345949702,0.266776301,0.635313531,1
0.769588126,0.597793185,0.594025397,0.913675586,0.43979649,0.702152777,0.764766379,0.812317803,0.250523963,0.952773559,0.989826894,0.455387261,0.235655595,0.502898257,0.327506269,0.499185592,0.294532151,0.89917766,0.733511986,0.398303984,0.025160181,0.3536914,0.903248501,0.952159545,0.568102026,0.651891458,0.75055922,0.320111183,0.594748586,0.574117832,0.916378428,0.420078668,0.381083718,0.497554976,0.346459406,0.569644742,0.888074036,0.711745989,0.035141646,0.86867692,0.507703563,0.782613294,0.741946295,0.126896695,0.346328129,0.088810055,0.074718671,0.430885634,0.72833911,0.910271451,1
0.316299322,0.686384381,0.947195227,0.341414486,0.648855242,0.022608255,0.509952442,0.245527405,0.394410666,0.486478462,0.189280378,0.196273669,0.278985324,0.507581169,0.860575741,0.041486549,0.277531036,0.367604107,0.682640999,0.767631278,0.511811971,0.703442413,0.785681751,0.239045773,0.852446473,0.666474198,0.622181703,0.665002164,0.012131908,0.722636402,0.232334126,0.214253722,0.204316056,0.894804416,0.13549642,0.048397785,0.245790424,0.066458116,0.824515411,0.33342164,0.194695345,0.96842281,0.261536003,0.483527782,0.299868498,0.195072085,0.369989559,0.823559247,0.391420941,0.804513866,0
0.771848903,0.88159144,0.123281858,0.397596443,0.364551009,0.961089711,0.190737216,0.825036435,0.219316817,0.664582282,0.881566123,0.43868533,0.890091254,0.702782268,0.404661446,0.644543215,0.744492249,0.350661339,0.583167074,0.912974607,0.617312861,0.084153087,0.176928584,0.317431943,0.893629442,0.077841553,0.558419499,0.04670499,0.284677559,0.948610195,0.852782884,0.442057705,0.003772739,0.788819361,0.292771305,0.736674885,0.887022626,0.075763466,0.632768625,0.075569318,0.038902892,0.265086053,0.750291071,0.325483345,0.242307732,0.096996009,0.364892456,0.961555127,0.426192908,0.419361233,1
0.339118041,0.632700997,0.728544126,0.144751262,0.924279846,0.687297418,0.329923548,0.090983729,0.850058866,0.283471463,0.934606081,0.282824257,0.446191489,0.171154331,0.381445439,0.491441968,0.864150073,0.25317086,0.829802491,0.335351168,0.789675236,0.341439532,0.953138533,0.758686623,0.006443743,0.358370021,0.063687087,0.708495601,0.921462062,0.534077427,0.826601068,0.184548818,0.72015637,0.488977182,0.85182652,0.514159345,0.184760966,0.991981266,0.442006725,0.121192371,0.481468992,0.788213044,0.488601677,0.438633202,0.183701437,0.503585301,0.717082272,0.931987869,0.698624004,0.031466509,0
0.898952569,0.553519911,0.006732908,0.891874436,0.818639976,0.196121722,0.8024817,0.209498604,0.954216899,0.842157345,0.544088011,0.783016206,0.599964498,0.192237386,0.960545796,0.272806937,0.103452932,0.449350331,0.487599098,0.04308258,0.778508928,0.871550944,0.954804556,0.063732882,0.197730319,0.703662553,0.638320041,0.360550349,0.282986624,0.893928401,0.152578189,0.758590796,0.111028284,0.573745648,0.184486319,0.639158855,0.821825876,0.864900719,0.359721472,0.954935885,0.354019012,0.299221988,0.537747748,0.342107919,0.303872134,0.56547712,0.557532495,0.23004626,0.145702505,0.243066786,1
0.666008378,0.567376472,0.575271618,0.249012166,0.120129492,0.482557721,0.093594725,0.557981241,0.969062271,0.773168036,0.731104255,0.884689323,0.770089633,0.469058293,0.049389446,0.136196471,0.70324765,0.544455468,0.906771707,0.692725309,0.838571468,0.223642549,0.632121252,0.060543988,0.636504873,0.691450097,0.539430448,0.072966259,0.976200425,0.85635327,0.958882236,0.907375254,0.257646843,0.878300482,0.675835461,0.85150188,0.641061584,0.900919315,0.062092599,0.886902309,0.437470539,0.468389814,0.729247673,0.660196628,0.234594531,0.514165123,0.355305519,0.904853091,0.67542084,0.686486702,0
0.570852441,0.195769745,0.158676891,0.854074751,0.862087728,0.003817625,0.253568639,0.707419621,0.823997546,0.551735366,0.995616678,0.868272323,0.197119551,0.659816223,0.779770553,0.884936914,0.833324287,0.723930038,0.820762578,0.085130173,0.850667666,0.095146342,0.864164897,0.260417084,0.294676136,0.59751237,0.044456033,0.860469714,0.310623167,0.252219005,0.298874931,0.368608169,0.53897686,0.37357246,0.762636364,0.687469392,0.777739892,0.838320818,0.082348765,0.48991264,0.41650791,0.513658597,0.084809001,0.084253994,0.436214163,0.32803707,0.138954164,0.426994262,0.534508702,0.869286888,1
0.76007031,0.194331352,0.618641803,0.268448904,0.392794318,0.229508696,0.640870455,0.331320441,0.007453011,0.78292953,0.185246977,0.038259175,0.16412625,0.777808297,0.181760217,0.143014678,0.799093148,0.692268357,0.428040931,0.911669104,0.489619978,0.590839088,0.350082169,0.425063021,0.604304504,0.725577883,0.021156606,0.197896674,0.520397202,0.805682487,0.931569961,0.185364014,0.145197913,0.06669848,0.596003198,0.397350361,0.710985914,0.011594016,0.214652385,0.4617583,0.5057506,0.846550389,0.474051428,0.017718074,0.427852469,0.867660615,0.339205174,0.351894176,0.986070028,0.004599945,1
0.350155699,0.338981593,0.269521607,0.449407097,0.814622954,0.092776268,0.401698753,0.552511063,0.511573671,0.601349603,0.062943483,0.211898614,0.354701484,0.556129227,0.968727909,0.440586817,0.683160711,0.768040964,0.366383768,0.511125819,0.587200362,0.610791725,0.627994582,0.981737177,0.810689326,0.564028953,0.635107792,0.669924423,0.710191175,0.042772701,0.413902309,0.814648537,0.831125022,0.739925807,0.084702043,0.065971803,0.25037826,0.978605067,0.38891829,0.037334707,0.364677307,0.918997969,0.727974528,0.839268975,0.514649896,0.379082177,0.447347796,0.335267266,0.489752685,0.144844394,1
0.266915909,0.169616521,0.201195816,0.020554069,0.886341232,0.570078568,0.631052562,0.760795606,0.611535046,0.459074375,0.777829729,0.056560044,0.244030088,0.272679553,0.513047063,0.779056785,0.332457372,0.425905852,0.931987555,0.308167994,0.87910366,0.93897837,0.434617354,0.291454342,0.623603019,0.444541349,0.737100803,0.059681313,0.735045996,0.030286528,0.736213507,0.521236181,0.779368745,0.767839276,0.310563599,0.618027758,0.751287095,0.750698212,0.273306347,0.672047772,0.261231643,0.393091961,0.009511037,0.993371038,0.87491796,0.383626746,0.537684865,0.806307563,0.87459284,0.15921763,1
0.335762167,0.646460658,0.924768041,0.771450872,0.925267316,0.654007223,0.084382326,0.069742972,0.962028664,0.281845219,0.01199616,0.875818864,0.862851051,0.975212406,0.601724226,0.086025523,0.28448137,0.193672562,0.167826466,0.961346189,0.354645048,0.394646612,0.193715624,0.473933058,0.998308578,0.737501969,0.321691562,0.66213395,0.653750883,0.631566835,0.039959562,0.152039107,0.975360807,0.695993983,0.750064607,0.268507632,0.650300905,0.080493159,0.058337896,0.015312051,0.305075226,0.452167773,0.256387919,0.604563572,0.115227847,0.739653789,0.593578349,0.851660136,0.752547541,0.847536416,0
0.075883519,0.891248943,0.856752687,0.238305658,0.207962815,0.331801457,0.454453861,0.654061437,0.287063957,0.738075195,0.027528696,0.612405352,0.98689166,0.937350724,0.389295958,0.638431316,0.321256467,0.260004269,0.387828795,0.80439338,0.58199617,0.961019921,0.030845522,0.299577041,0.099875441,0.321285925,0.959339752,0.665605808,0.544934487,0.287240751,0.121106587,0.745564807,0.192668629,0.972785415,0.913179349,0.647960759,0.283204448,0.264312631,0.609930118,0.452993759,0.022108133,0.880831844,0.991167172,0.878322986,0.513387968,0.365484787,0.816904676,0.604640878,0.907655039,0.409889112,1
0.365067419,0.120263034,0.399847832,0.277249461,0.826039583,0.518016171,0.010507179,0.570201947,0.304449612,0.800500567,0.916910135,0.571774814,0.425460357,0.515375832,0.962364247,0.297259133,0.216442959,0.684052542,0.674760945,0.773253474,0.78784687,0.640069602,0.978220003,0.984998745,0.475057203,0.148718145,0.628890465,0.206756487,0.156047406,0.763596241,0.423306686,0.781497474,0.048054522,0.387842798,0.659802839,0.205661702,0.049241238,0.361077295,0.459188113,0.915142966,0.870141054,0.009317903,0.01952118,0.835310097,0.20352938,0.067525133,0.270618171,0.481645732,0.950131094,0.272508531,0
0.477973576,0.819230936,0.417756832,0.004980865,0.117479291,0.420976612,0.846293202,0.027842465,0.386802571,0.026253925,0.375210844,0.397977262,0.276395955,0.665707569,0.237437852,0.07528921,0.89511463,0.964423479,0.958484601,0.036462454,0.758031848,0.901345007,0.1113851,0.343445245,0.444910729,0.932396308,0.099722394,0.501013635,0.555358763,0.796240852,0.469961948,0.21940181,0.647674635,0.421469912,0.82157074,0.844938534,0.426221071,0.16128548,0.458992425,0.660095123,0.307072353,0.673617802,0.312075638,0.767904073,0.576205182,0.844015163,0.393772161,0.243604692,0.27678365,0.684729142,1
0.282297313,0.799406145,0.746280169,0.836256142,0.21101873,0.502619527,0.81484757,0.063830729,0.066940038,0.905745953,0.26933896,0.002271239,0.975395865,0.766321954,0.992690456,0.406180528,0.025060655,0.420746026,0.499204921,0.758389902,0.847704312,0.784783742,0.360381574,0.65988347,0.087458297,0.436186447,0.220105916,0.282429467,0.035071472,0.560211659,0.689791576,0.499513888,0.228240655,0.967783107,0.867060859,0.798492579,0.484690158,0.230794061,0.505551552,0.341040137,0.035886151,0.753815882,0.206377225,0.845961699,0.526846218,0.553338195,0.167094008,0.519238192,0.529871005,0.702621633,1
0.12352508,0.927106289,0.928039535,0.279167284,0.609640152,0.23730481,0.396983941,0.519098476,0.862545351,0.232494114,0.086598793,0.329952673,0.253250522,0.584955636,0.626735503,0.304281321,0.647993572,0.599723785,0.338103889,0.735163707,0.256977453,0.253330014,0.277203844,0.288725726,0.70166139,0.655205869,0.164746702,0.91372313,0.406389277,0.217367385,0.373773723,0.881770142,0.222298841,0.231788959,0.493842857,0.734497876,0.645279487,0.847888523,0.042941184,0.42392691,0.945463045,0.988725667,0.875890069,0.542205456,0.769172036,0.943832108,0.902793197,0.476624413,0.814639472,0.618113716,0
0.553795227,0.472675857,0.635680069,0.407392968,0.606358411,0.097499486,0.165937717,0.632109785,0.92086378,0.988273706,0.063663822,0.6853682,0.298243757,0.841374334,0.210978361,0.099988996,0.117980019,0.006820198,0.139121763,0.543102368,0.263833794,0.266954202,0.119590248,0.808655071,0.210244605,0.319887305,0.622317182,0.136242382,0.722532718,0.977585599,0.792939939,0.325227391,0.696140885,0.129811529,0.735438702,0.372050763,0.736325176,0.10355204,0.329578951,0.98785378,0.768811106,0.03736492,0.016780269,0.71586931,0.427717156,0.820661607,0.873749018,0.621738869,0.840337502,0.57574597,0
0.030101935,0.467868437,0.8375606,0.647462993,0.051603934,0.742332725,0.209870199,0.667204907,0.314345234,0.111950858,0.091060492,0.831358161,0.772456341,0.399455233,0.621595172,0.714558378,0.291705451,0.062873852,0.759797484,0.235398241,0.922331431,0.541988995,0.463824872,0.403260067,0.444112083,0.216581965,0.821166794,0.929645035,0.963408165,0.817956822,0.536040058,0.961902086,0.349290717,0.831638718,0.454972797,0.702673138,0.995551983,0.780396627,0.675956926,0.722188693,0.992782904,0.808933695,0.066309626,0.500507937,0.332312926,0.751678623,0.670273678,0.789787515,0.654910835,0.992282935,0
0.549730135,0.406008732,0.502456233,0.868898267,0.064437663,0.910681427,0.623663701,0.319461967,0.100657512,0.599135666,0.297241762,0.862380888,0.33464878,0.321133311,0.730906806,0.070175083,0.390047866,0.378761311,0.247482406,0.86916744,0.44603283,0.646311936,0.183687632,0.521212306,0.403160493,0.017609494,0.73450578,0.072582553,0.638556779,0.256205999,0.792366021,0.283464452,0.819496686,0.256844059,0.962831343,0.936092703,0.456175754,0.692861298,0.485302358,0.898185273,0.425801369,0.293687753,0.374078934,0.136375364,0.484294775,0.872790832,0.902964901,0.435259754,0.393406488,0.142982165,1
0.658423565,0.747385892,0.979038596,0.106911909,0.750349903,0.50244163,0.462881286,0.254749341,0.028496572,0.004772471,0.363724848,0.561490502,0.253434345,0.544945654,0.423145739,0.833737562,0.064972551,0.397185377,0.437147675,0.339410359,0.076057519,0.343524567,0.374607887,0.837195345,0.477291337,0.097455089,0.040754322,0.196248057,0.755280416,0.964297254,0.81726267,0.449757648,0.25615467,0.66326987,0.604891481,0.530786138,0.468111976,0.854215467,0.835587928,0.668974623,0.610179856,0.179565693,0.687646348,0.440394733,0.508642811,0.652471899,0.635717261,0.903469521,0.828190678,0.093924841,0
0.929028517,0.585639874,0.18370674,0.386864009,0.295839761,0.047192919,0.777990084,0.980711977,0.65156259,0.288903159,0.214977147,0.370603917,0.61312103,0.436542823,0.77094769,0.309131597,0.046134854,0.534266087,0.948457953,0.820710084,0.932625853,0.630156745,0.669013772,0.218074455,0.977160394,0.582122344,0.966608121,0.097193012,0.199605848,0.006945429,0.104037505,0.083215838,0.601856626,0.325399989,0.56787612,0.447806963,0.200914908,0.936204344,0.432787717,0.893396555,0.666874171,0.789468168,0.313547487,0.66011276,0.000450692,0.518091098,0.859215857,0.395668902,0.332803721,0.647354824,0
0.937421364,0.010812386,0.212943793,0.084258839,0.717438219,0.331786407,0.657634355,0.417403566,0.667744139,0.41914788,0.120406668,0.891131944,0.485771375,0.5345055,0.318399515,0.43486982,0.649222426,0.067709766,0.155145566,0.909295239,0.655353369,0.526629955,0.505876054,0.651679384,0.818953101,0.441339183,0.294307296,0.832740597,0.337526142,0.555815733,0.333163409,0.137925161,0.434006573,0.107122897,0.807235962,0.483177231,0.902632989,0.232718092,0.832015113,0.279235282,0.047042826,0.447503991,0.807592286,0.876064264,0.780408205,0.026686342,0.017386717,0.686903717,0.317214092,0.369137392,0
0.578992963,0.170737059,0.368244631,0.963027715,0.472163456,0.399974114,0.783993142,0.502933449,0.882571397,0.128338738,0.459008258,0.406930213,0.757312429,0.1403706,0.363389473,0.643350068,0.734699175,0.595397485,0.441253408,0.775832785,0.11470771,0.06637057,0.394374533,0.622831822,0.100436767,0.124170414,0.975729407,0.129798175,0.769276082,0.290433205,0.399136804,0.499389957,0.482609431,0.040158148,0.369776198,0.966624628,0.570934512,0.845673972,0.739404098,0.473941153,0.350558307,0.981087564,0.808501051,0.304399695,0.961957409,0.696086408,0.065934365,0.914117238,0.318495288,0.689358185,1
0.182643341,0.483181971,0.422947418,0.74874016,0.950857459,0.401483454,0.378423539,0.972486845,0.34954967,0.346308831,0.552543188,0.506112535,0.388076372,0.457156285,0.349917862,0.457251742,0.608379606,0.856545401,0.995988636,0.84257835,0.384413635,0.387737766,0.430413421,0.97208232,0.468311635,0.969840287,0.623881455,0.649996929,0.526902503,0.192065664,0.335802753,0.363850476,0.702516019,0.388013898,0.674324111,0.231664668,0.619456556,0.676895689,0.502323827,0.230293233,0.544649246,0.432699427,0.666392283,0.645093384,0.672421716,0.448054416,0.316597791,0.006104171,0.40939493,0.77153326,0
0.905348736,0.1597888,0.704170991,0.940199414,0.526397254,0.226334109,0.240559831,0.261746671,0.772790061,0.240807559,0.166992299,0.47451941,0.159247764,0.191258171,0.422278081,0.293653511,0.594639013,0.430429347,0.213467635,0.085019743,0.245351363,0.10300625,0.747576631,0.724614192,0.219655263,0.805795033,0.22662496,0.160575187,0.803543221,0.835399595,0.096014117,0.731874449,0.182879327,0.236890453,0.17145857,0.750353578,0.557530591,0.018440512,0.911484876,0.441355632,0.309990027,0.200227947,0.341154082,0.517972125,0.851955925,0.515500467,0.517146,0.715554583,0.460983614,0.763782752,0
0.86406965,0.555512508,0.320970391,0.603509053,0.9200983,0.112892574,0.464783359,0.291409313,0.208846871,0.287008421,0.431149318,0.215757583,0.284905494,0.435525459,0.019818028,0.289083886,0.302748308,0.372624788,0.619527109,0.353286483,0.551993754,0.79373199,0.279947329,0.893395105,0.904398304,0.558424421,0.775280391,0.530285333,0.562117383,0.223575732,0.343159721,0.009726097,0.423237373,0.080400816,0.956416016,0.633512658,0.696850254,0.535788118,0.918784901,0.120816587,0.878174362,0.029623962,0.323369225,0.89592711,0.415883902,0.910398063,0.658319285,0.849739253,0.847962237,0.408590342,0
0.797064821,0.237276642,0.095337483,0.162649488,0.673020997,0.152592345,0.360330538,0.521202281,0.836518264,0.231528444,0.90810789,0.908140514,0.003688659,0.305233585,0.605636926,0.38895873,0.830418117,0.655239207,0.567114185,0.531948961,0.895477589,0.618009113,0.061510885,0.40620824,0.056617521,0.645170044,0.11255978,0.424633634,0.043873227,0.416582384,0.602023719,0.51287817,0.596327066,0.164838842,0.676102954,0.713025823,0.655071588,0.013124746,0.463955605,0.540160966,0.204854942,0.771203528,0.155712158,0.580146577,0.508668398,0.446571362,0.461922535,0.681605789,0.711481528,0.811339529,1
0.002137866,0.260420157,0.823636342,0.725967057,0.754578922,0.075562253,0.525285399,0.249446627,0.708147121,0.961937364,0.836977724,0.894847614,0.658236194,0.860839608,0.207159686,0.561898379,0.839014142,0.538421769,0.04747043,0.743779466,0.629745012,0.045677664,0.894239795,0.557581797,0.352040934,0.607437011,0.9928843,0.200942559,0.151802648,0.06806555,0.804428399,0.520996557,0.599785759,0.078316647,0.910591141,0.873331701,0.603056024,0.463756168,0.315817589,0.700777452,0.17768702,0.536388076,0.472703326,0.336940291,0.209265194,0.313118263,0.559811252,0.999715574,0.834378282,0.296232416,1
0.432149965,0.519019431,0.017690032,0.441024759,0.238516677,0.278740688,0.490869464,0.750642498,0.502516069,0.599118151,0.264952181,0.857048397,0.0623266,0.653176878,0.517114476,0.698392684,0.759910334,0.96896718,0.728472461,0.299923338,0.622257551,0.922066022,0.304882069,0.059496966,0.448944195,0.087073088,0.619263078,0.941085709,0.887037354,0.379853777,0.072318996,0.628410619,0.797912721,0.952795243,0.393894695,0.245713436,0.796516284,0.672124752,0.829140334,0.117402078,0.313365642,0.614452637,0.339661618,0.051098246,0.270089601,0.686365831,0.089558996,0.529041617,0.42216895,0.961875872,0
0.82715111,0.217265437,0.116152705,0.30029425,0.024439547,0.158442825,0.371350416,0.280590596,0.849050658,0.851267205,0.835352794,0.933799983,0.738072668,0.737604303,0.567792219,0.128541349,0.282554502,0.580055944,0.950300835,0.15636907,0.058119922,0.041357343,0.708478584,0.090021306,0.782872184,0.264660973,0.241255715,0.632835571,0.163815636,0.632207896,0.013493905,0.609557543,0.675942185,0.294020396,0.444872754,0.645343203,0.613490975,0.998966449,0.646610804,0.66117042,0.976556603,0.146439304,0.286560055,0.070377716,0.836754672,0.55084233,0.57154096,0.239595179,0.394890646,0.642817088,1
0.57386794,0.810155413,0.720212301,0.185078425,0.570274575,0.298946683,0.622915353,0.115148175,0.681915878,0.861891702,0.283305718,0.193109516,0.087181484,0.857460481,0.957423223,0.340945585,0.014996709,0.352068217,0.338686747,0.259579163,0.799378574,0.491379927,0.121835709,0.72374094,0.740608631,0.458122817,0.681942715,0.371126678,0.301470742,0.018002738,0.978127138,0.068272477,0.364259754,0.072908226,0.29532006,0.253429612,0.348633132,0.050430547,0.414428443,0.49539896,0.763424106,0.141661007,0.312820308,0.191957533,0.287029626,0.827398623,0.252780745,0.130428631,0.879395492,0.516008494,0
0.899296109,0.167559595,0.760001645,0.997067665,0.429113218,0.231905316,0.463329658,0.101787961,0.082330879,0.961644391,0.306265856,0.544962172,0.098250567,0.818001769,0.938743684,0.143649206,0.395120012,0.429683329,0.222624827,0.116155842,0.090146177,0.125567485,0.958601291,0.947596885,0.328575027,0.68607238,0.25749403,0.345080357,0.940957376,0.660416393,0.100571767,0.814093238,0.037158644,0.384714173,0.701686809,0.687681368,0.791415611,0.846194265,0.700582035,0.41668401,0.758225346,0.717692214,0.84665976,0.44340438,0.598476581,0.808219451,0.198515832,0.12858542,0.468404944,0.214583105,1
0.697725482,0.284023835,0.667251207,0.158696887,0.033126012,0.750318756,0.897774108,0.676788787,0.340553881,0.853897781,0.123851136,0.770204077,0.489272252,0.583848035,0.589940669,0.654021645,0.169447377,0.402366483,0.124599668,0.214089952,0.372761058,0.66134055,0.776388469,0.921847547,0.503830035,0.394770155,0.85357112,0.607632372,0.347220201,0.439660181,0.373563589,0.249913878,0.948700301,0.015325712,0.722074629,0.812591333,0.576581579,0.992816726,0.328046836,0.260892871,0.456895201,0.209952647,0.661542334,0.861985554,0.339964189,0.851206098,0.803192587,0.640851339,0.788268796,0.772110328,0
0.126122104,0.829046567,0.221464171,0.640488323,0.475001114,0.485436442,0.409824843,0.250097433,0.626579575,0.297278641,0.023297293,0.689592811,0.263346105,0.767237332,0.262832804,0.646547361,0.559328828,0.964648352,0.677955486,0.656196966,0.453466668,0.208177962,0.905750201,0.533853453,0.353368249,0.031373753,0.408717886,0.812769599,0.74423163,0.44366556,0.32196031,0.864945492,0.640770724,0.636853337,0.121506094,0.737054655,0.372090753,0.828563718,0.479870775,0.263542002,0.363182868,0.543803511,0.979558031,0.457010994,0.618783342,0.272111857,0.751693242,0.039212998,0.684198574,0.996299222,0
0.123510864,0.273303464,0.09285193,0.54649145,0.437942328,0.797728448,0.105977456,0.719248648,0.497854678,0.823759109,0.280951575,0.793299841,0.516083444,0.261649047,0.141564982,0.886372514,0.389315199,0.215934863,0.267042508,0.104903667,0.082384305,0.250248979,0.771823808,0.297578781,0.483998877,0.501429341,0.096419615,0.634219891,0.554118513,0.178967364,0.469735218,0.873909682,0.383917321,0.858426102,0.212741058,0.522556521,0.973452282,0.200637759,0.131649318,0.010769182,0.622172207,0.020736234,0.90143963,0.743395073,0.396329629,0.848085803,0.263052761,0.672082668,0.288240479,0.966081145,1
0.163535617,0.713982838,0.387247564,0.007703308,0.321322763,0.990692298,0.438464207,0.751921406,0.939556178,0.905593537,0.613119297,0.422407574,0.228208287,0.485928036,0.547265804,0.259988644,0.684456087,0.585394129,0.713702986,0.721279329,0.82077313,0.138270274,0.932087341,0.284519621,0.709419849,0.487830107,0.533141881,0.536102668,0.317109886,0.298401446,0.577486437,0.190976235,0.427140778,0.431195235,0.803360251,0.431074057,0.530250905,0.34018169,0.285577313,0.06440085,0.723937116,0.550076342,0.574865159,0.370340885,0.631637347,0.109399086,0.173354839,0.997919511,0.040770114,0.416861241,1
0.865229418,0.481124182,0.587134055,0.205108624,0.233218785,0.84444213,0.919562949,0.428900938,0.358067601,0.308273496,0.641820668,0.811992127,0.973711963,0.587523236,0.749327712,0.023968626,0.588429399,0.072350674,0.6101355,0.104865255,0.170706224,0.556278544,0.359066342,0.81606606,0.422008952,0.977080413,0.858042408,0.490400924,0.471206937,0.260201375,0.855682395,0.119610133,0.870507796,0.134425089,0.563172465,0.877927911,0.20685912,0.620239815,0.666835628,0.912187037,0.629465463,0.830946551,0.838466945,0.717945326,0.783659385,0.836660729,0.501258115,0.558584498,0.309209325,0.775729174,0
0.706412156,0.558770879,0.645652129,0.462296544,0.688572082,0.910641687,0.065249626,0.000141082,0.21393634,0.667191806,0.190522585,0.375776244,0.680275882,0.997659933,0.566080169,0.863509399,0.418374669,0.184241516,0.752402936,0.892303465,0.496071109,0.067867131,0.942736298,0.716414056,0.946485226,0.285831468,0.338131073,0.559304019,0.744264414,0.793071806,0.797953202,0.585790926,0.476612101,0.751636726,0.727216994,0.584167363,0.648897591,0.196753039,0.650606621,0.264874438,0.165332947,0.815547413,0.134447833,0.430619595,0.874068576,0.945771364,0.626017213,0.337613871,0.296242217,0.851140004,0
0.494714025,0.254598821,0.376683046,0.576073295,0.767844777,0.547796252,0.192785239,0.316686245,0.630499135,0.947592627,0.782029843,0.261144212,0.033371572,0.704733016,0.030623386,0.667322836,0.216899775,0.377400534,0.94907168,0.774580434,0.431801298,0.657421289,0.590266822,0.183361429,0.072350121,0.150338012,0.6558523,0.876367265,0.88190233,0.089912772,0.54690749,0.619724722,0.331440152,0.006976801,0.871479777,0.006554563,0.817605427,0.684819111,0.563233495,0.951435622,0.413521208,0.20995073,0.258366624,0.228088184,0.996525715,0.400206113,0.294566636,0.858478588,0.274947874,0.357011941,1
0.853288227,0.132115094,0.690031192,0.717549683,0.941209074,0.17408339,0.584230155,0.045735786,0.585234355,0.448537309,0.060220821,0.916869296,0.760881821,0.677282637,0.04410322,0.215048382,0.885893375,0.57352332,0.688818298,0.892846437,0.079267542,0.208125019,0.474445222,0.010085667,0.62777303,0.842098141,0.713504693,0.234136689,0.953285632,0.110750306,0.646089436,0.077124065,0.658727759,0.083934273,0.403844984,0.015479935,0.498660409,0.051365348,0.84675202,0.819717998,0.85365983,0.90586894,0.665709438,0.04548335,0.387049256,0.951187281,0.645773354,0.239762287,0.06804021,0.724131569,0
0.507192559,0.820341707,0.76601359,0.095527861,0.550587625,0.030830028,0.401175907,0.980885699,0.937696279,0.545769251,0.150404152,0.855018955,0.436677837,0.272464838,0.594755544,0.960283331,0.87791488,0.095875682,0.731723022,0.681514543,0.746011652,0.795501961,0.734548134,0.943414679,0.748987953,0.381220485,0.736525291,0.478092451,0.890875579,0.048533887,0.434073278,0.321515174,0.535304089,0.60180359,0.31425897,0.900227932,0.194365028,0.222019736,0.914556138,0.297543724,0.289193048,0.83347317,0.256056509,0.083075437,0.640907909,0.134022672,0.282089083,0.374679355,0.230574808,0.581802314,0
0.997772294,0.104777655,0.076229439,0.341111604,0.923731558,0.173020036,0.798300658,0.951180063,0.622599595,0.869523993,0.622278027,0.340085524,0.272297039,0.638995415,0.025754462,0.722002178,0.802897779,0.662044979,0.888744863,0.351943067,0.961643845,0.014931659,0.123147218,0.161266636,0.801999688,0.881185614,0.749118658,0.678398165,0.584997783,0.154029115,0.978211564,0.90670922,0.941940259,0.618228285,0.413750108,0.523303492,0.783172232,0.474081964,0.033188014,0.560277877,0.534692007,0.77913805,0.124457583,0.899155233,0.014608459,0.736260361,0.249873432,0.635492442,0.255799785,0.929477819,0
0.446108935,0.6651754,0.144268497,0.56413268,0.620813919,0.207085562,0.582811844,0.660415581,0.191137202,0.56585884,0.337680313,0.861693525,0.227128515,0.097949008,0.472514698,0.947930355,0.458604757,0.802583002,0.941022969,0.312694649,0.894899822,0.600490798,0.870889875,0.18592203,0.182393531,0.541569886,0.205229376,0.038589233,0.423737165,0.000707605,0.65972174,0.776370955,0.107749153,0.288786402,0.631493551,0.813657047,0.430258324,0.925531779,0.483078384,0.728245468,0.486774976,0.189715241,0.057111917,0.043277264,0.015168207,0.141518559,0.856577015,0.630524794,0.198372838,0.884492663,1
0.743063094,0.715856748,0.842125484,0.162649159,0.8066942,0.601472645,0.873412232,0.228565425,0.574019459,0.020489028,0.335016263,0.155030478,0.573081792,0.629557545,0.733924095,0.062909851,0.195997804,0.24438763,0.264110893,0.170865475,0.869994631,0.112868514,0.0921727,0.114112004,0.237212365,0.282057116,0.925249155,0.516472893,0.305005422,0.056747016,0.755167153,0.35546923,0.454505274,0.46171774,0.495403092,0.069742405,0.623096895,0.307446113,0.422517006,0.514916767,0.548642927,0.884820922,0.436304391,0.056487141,0.927985362,0.088438867,0.686445604,0.576770984,0.372213425,0.277952793,1
0.114833733,0.980267716,0.602392647,0.780479244,0.887761634,0.062331016,0.857436903,0.692343183,0.77709545,0.927966277,0.688951008,0.158327958,0.200752871,0.119795562,0.166007436,0.91671546,0.47555934,0.886505384,0.306025152,0.302565418,0.877660459,0.714424272,0.64546157,0.885344438,0.635716448,0.872266689,0.001560421,0.652216281,0.425772694,0.219103932,0.462723794,0.919757607,0.288405639,0.3097849,0.358348037,0.259701304,0.614063459,0.396631322,0.051239615,0.231834266,0.937059743,0.551286627,0.366205988,0.692635214,0.390646491,0.104832555,0.201020877,0.418944191,0.966341273,0.297494216,1
0.904939661,0.584055033,0.620601254,0.222388677,0.86016407,0.048233811,0.944687978,0.709863908,0.71502693,0.270983307,0.582620092,0.044658161,0.452473932,0.324061103,0.605638942,0.161922477,0.156101234,0.622078307,0.485903255,0.466346546,0.076059325,0.47217335,0.544432167,0.626224448,0.925969964,0.823858756,0.274009885,0.387765111,0.926379425,0.9223933,0.790595478,0.545545084,0.688865157,0.187326728,0.031805159,0.006629089,0.655378778,0.349809906,0.341275707,0.703567366,0.640841896,0.188156309,0.262499726,0.721137753,0.290114884,0.29270115,0.921157665,0.839078115,0.126262897,0.506542485,0
0.12784852,0.464845193,0.150994394,0.027289587,0.214182849,0.79116827,0.185132449,0.996781094,0.723777115,0.898078694,0.827462665,0.16149875,0.349198318,0.414869427,0.573917358,0.310120758,0.424664227,0.71323268,0.598302196,0.332185511,0.915453459,0.207268524,0.541649537,0.965927516,0.787078123,0.173847865,0.608825246,0.461992079,0.750439937,0.514188804,0.714688204,0.386909978,0.299648268,0.685701904,0.585950828,0.050637121,0.8551947,0.63590437,0.997740816,0.708505687,0.303251002,0.852423648,0.276403064,0.658534331,0.936783647,0.791270686,0.654445557,0.452164298,0.235818796,0.793373895,0
0.108620373,0.453737868,0.02157675,0.137657921,0.315796109,0.700045553,0.451854286,0.244876304,0.337566413,0.035879523,0.761851884,0.750975264,0.865985722,0.435593107,0.729551018,0.971523971,0.638799354,0.03467864,0.796994664,0.54028805,0.126370485,0.898021502,0.419243639,0.334473731,0.596896324,0.203086461,0.787447187,0.895601986,0.015527477,0.977917194,0.000348224,0.745383751,0.179356979,0.242488889,0.080294917,0.666496731,0.794285015,0.349454294,0.776639112,0.045286757,0.340011649,0.199844566,0.083082772,0.532564054,0.611940652,0.357213905,0.093296801,0.001372543,0.391204832,0.791164061,0
0.846600224,0.366663643,0.353973255,0.341351311,0.653974613,0.476688602,0.587913306,0.282421141,0.291786022,0.663806857,0.132789351,0.105874874,0.654124477,0.48273909,0.456111152,0.713858595,0.165668753,0.515414288,0.644091674,0.563876992,0.265523689,0.432890643,0.347193643,0.999401999,0.169049886,0.012100165,0.470333878,0.918415224,0.161062698,0.729567652,0.802317105,0.773983876,0.537918703,0.201866231,0.748661638,0.824999597,0.713176929,0.870364438,0.323613031,0.829715514,0.39110343,0.517642408,0.183619176,0.640455284,0.003284432,0.768576003,0.239513911,0.318631049,0.874671741,0.464262603,0
0.800964394,0.368593528,0.343541115,0.231205212,0.692753099,0.025437351,0.211712751,0.700534232,0.419004866,0.231084388,0.400215428,0.693357501,0.120435255,0.624033737,0.998008001,0.55949164,0.931702819,0.197256374,0.53113222,0.813698543,0.846389837,0.913011039,0.610270171,0.396583912,0.903338865,0.302864712,0.435365571,0.316314708,0.530041401,0.736200631,0.959958191,0.978730273,0.513129937,0.32231829,0.582157656,0.104153562,0.244556941,0.214104658,0.250359388,0.423667703,0.02839171,0.06343537,0.89434208,0.565942672,0.526262316,0.93767674,0.318657621,0.833623606,0.667693751,0.653500324,0
0.789627833,0.612611467,0.062579971,0.160612556,0.265774413,0.379605029,0.908854212,0.789490297,0.367345167,0.425778185,0.272219079,0.444408404,0.287652342,0.973715746,0.085369968,0.142121944,0.406731835,0.047748273,0.851122175,0.663520338,0.772519575,0.026303743,0.237006529,0.80434927,0.162105529,0.349980099,0.162006889,0.18826577,0.615103019,0.52375365,0.574959507,0.049185167,0.175246056,0.152668397,0.545144132,0.582980175,0.184674487,0.828928812,0.319156953,0.159433781,0.119192298,0.195130668,0.414210726,0.786217774,0.821976012,0.453405147,0.548347582,0.734243238,0.204027248,0.813121444,1
0.23749197,0.708411043,0.779126902,0.112110149,0.995466784,0.206843549,0.556483732,0.397852466,0.034082775,0.945342311,0.283983056,0.791946986,0.599195709,0.384918403,0.228142258,0.569617689,0.012472692,0.649061749,0.978108203,0.245096324,0.260361394,0.487264595,0.741496863,0.604936627,0.809602774,0.418162274,0.424491534,0.61753364,0.375854575,0.855399468,0.688952114,0.644306335,0.322350717,0.533091467,0.195267683,0.483155036,0.335020796,0.204690075,0.004564026,0.300830148,0.316681138,0.552498325,0.305199511,0.86028918,0.426738949,0.374346548,0.955180201,0.302099287,0.580110034,0.065902914,0
0.186100131,0.678001938,0.33971271,0.470727676,0.041829293,0.626581363,0.497339145,0.373345765,0.214482363,0.808421876,0.693895957,0.712431401,0.514683546,0.815137322,0.554400867,0.324399018,0.637773853,0.526776742,0.446256609,0.571674469,0.48732267,0.493771432,0.69026366,0.240226817,0.035721157,0.79781031,0.085887595,0.537561197,0.51090762,0.269881728,0.162189835,0.354597415,0.398355568,0.066878549,0.110369494,0.20844235,0.994807446,0.118332349,0.129216178,0.416318445,0.242020255,0.588639844,0.966413156,0.643083447,0.532287463,0.196205756,0.959031432,0.373374497,0.186067139,0.250115327,1
0.747075906,0.894256463,0.542583274,0.842502054,0.701209791,0.352014417,0.825172697,0.605593102,0.073512066,0.468591256,0.536345632,0.794895317,0.693292569,0.094864845,0.619459211,0.821652558,0.249378748,0.1698247,0.653318461,0.749549171,0.981992369,0.114517702,0.459627813,0.524378843,0.497675372,0.203500765,0.14292759,0.620593844,0.121589216,0.841571517,0.505853017,0.956931755,0.648505208,0.220893397,0.955068121,0.276850946,0.29820779,0.028227216,0.231408439,0.038488732,0.197905011,0.264529772,0.707633634,0.347113474,0.298919763,0.949042511,0.078064684,0.491235705,0.576562855,0.044598803,0
0.46509465,0.705198597,0.448445241,0.636610989,0.800284767,0.021618784,0.379113887,0.438106589,0.413168928,0.321089182,0.492854835,0.469657054,0.104108758,0.49496273,0.055953508,0.639082305,0.292063682,0.948758999,0.243461199,0.30691584,0.657466064,0.138935344,0.515900879,0.619490257,0.01791811,0.277063907,0.38526968,0.284695478,0.122086886,0.345621308,0.904196532,0.67113754,0.140263855,0.341709866,0.062389855,0.654356083,0.792459664,0.129395935,0.23058427,0.492134278,0.415715581,0.099485565,0.776895278,0.023395754,0.56464603,0.106623129,0.275828475,0.401664579,0.457985683,0.737276949,0
0.398267115,0.580998762,0.252446657,0.168166807,0.430281991,0.163983584,0.248270367,0.651514791,0.019562163,0.599324276,0.326399938,0.303562148,0.486268875,0.752638384,0.70186846,0.022715731,0.762287562,0.558319322,0.04491004,0.830032208,0.254920837,0.719863176,0.286075636,0.489604363,0.843591153,0.557849609,0.455034135,0.003687982,0.299816557,0.32505106,0.840246418,0.866078832,0.982497238,0.014808227,0.504394593,0.487716206,0.969772541,0.028207519,0.155365662,0.614078716,0.887683242,0.365946368,0.007857474,0.799807041,0.047149452,0.433182665,0.424739757,0.331915363,0.553684537,0.518904463,1
0.089583942,0.943653642,0.655619939,0.860849854,0.851973333,0.304170401,0.362058211,0.194505867,0.381162026,0.836025055,0.09890731,0.564173644,0.140727337,0.683473637,0.883206878,0.795937134,0.75435118,0.603915579,0.71200942,0.394136522,0.444030764,0.518076527,0.0147785,0.23371774,0.630159478,0.269609971,0.923892378,0.88153821,0.793726271,0.534785533,0.757849138,0.562618326,0.199979647,0.35358898,0.49523689,0.563412468,0.06789693,0.814700011,0.080817172,0.086356912,0.107584486,0.138548177,0.375087229,0.496773939,0.771724308,0.237762177,0.443547795,0.681415987,0.494864947,0.645809653,0
0.67691092,0.015290463,0.093832542,0.442088068,0.812062811,0.595168885,0.155107639,0.932797654,0.94520537,0.230582744,0.592779817,0.217661921,0.505459989,0.735201256,0.980121597,0.341688783,0.421072469,0.27718525,0.093929066,0.209837874,0.066334494,0.503023268,0.836212442,0.605129497,0.480229424,0.05782983,0.228226558,0.567728063,0.215355291,0.340409724,0.198137299,0.088373149,0.732383721,0.403248254,0.57993006,0.061408284,0.456462186,0.536754509,0.767387192,0.733242858,0.107597272,0.728266321,0.196936671,0.539868648,0.961910746,0.216750065,0.809072572,0.545674443,0.013211124,0.758899104,1
0.500650333,0.175722672,0.051712596,0.762048023,0.428656084,0.141845422,0.639829048,0.600122344,0.64530789,0.938839405,0.875733257,0.975127956,0.565096758,0.775294048,0.147975447,0.173185121,0.951091923,0.042402215,0.25579795,0.139514587,0.666816685,0.779832095,0.854606638,0.89020658,0.134424057,0.770036912,0.514003458,0.790865173,0.467420247,0.088728795,0.094079116,0.509184569,0.828417486,0.559933301,0.190852422,0.081409398,0.305660707,0.874650044,0.340543904,0.470474074,0.192634304,0.112272348,0.028790728,0.089599476,0.175458862,0.977374503,0.693221446,0.149733872,0.530844859,0.53859301,0
0.893375023,0.42984645,0.634898708,0.23834465,0.212943704,0.725654828,0.551502438,0.929241584,0.542050923,0.499387363,0.176612626,0.982143951,0.203608179,0.812371971,0.107303857,0.421895586,0.779073675,0.457573482,0.042469561,0.788111254,0.422165368,0.389121135,0.360863576,0.083810663,0.308096021,0.077591025,0.972180497,0.928293632,0.366496112,0.2782478,0.650120688,0.327039135,0.916412341,0.704917155,0.62104801,0.051082851,0.336538621,0.659323406,0.176919689,0.621795131,0.858861551,0.738733256,0.186064816,0.611528752,0.736749748,0.948730062,0.229672035,0.047809472,0.327195148,0.556547371,1
0.251396047,0.913200298,0.105815622,0.719888204,0.55055035,0.351036154,0.092826054,0.116730348,0.858046641,0.25666188,0.703257298,0.637877606,0.034653129,0.969860384,0.202236929,0.087924721,0.693441375,0.894824023,0.371119882,0.81808618,0.280222093,0.907901647,0.29346384,0.81604715,0.926409231,0.032970746,0.154261031,0.584383457,0.352950015,0.028214043,0.841148991,0.653906988,0.210377358,0.091027022,0.171800124,0.924695785,0.869847466,0.196659586,0.687026049,0.046469602,0.937689982,0.590069046,0.619870509,0.986880974,0.189364378,0.994904488,0.361344376,0.3067456,0.205122916,0.708778834,1
0.221771089,0.4169697,0.580901954,0.262521978,0.670236531,0.645048196,0.65482058,0.645864914,0.959576142,0.040029814,0.543653723,0.745627556,0.261965656,0.086372,0.205464411,0.895610249,0.921203517,0.75826067,0.23688717,0.299844228,0.441356473,0.867560229,0.062146328,0.752581474,0.743489581,0.219282444,0.761334704,0.795227649,0.300244307,0.427525525,0.37467397,0.194940145,0.547080585,0.694926875,0.920794944,0.879673682,0.103607561,0.345277766,0.108930481,0.360086591,0.517927538,0.354589064,0.507221083,0.888666001,0.74497893,0.22236755,0.12912454,0.695414624,0.817998681,0.499896036,0
0.932370303,0.558385485,0.133797016,0.67717799,0.109643914,0.533618756,0.651454022,0.063810638,0.059615934,0.786329625,0.632341291,0.43560461,0.73544392,0.57409529,0.639610175,0.902855233,0.801169544,0.401137647,0.225939589,0.388867725,0.425756551,0.474106163,0.871855663,0.886915772,0.444999121,0.377148985,0.598172434,0.38969209,0.343938357,0.109587132,0.564808001,0.326835372,0.033433874,0.046752839,0.078812996,0.401263129,0.533528831,0.852202438,0.00162304,0.745335231,0.469911353,0.275999455,0.781183552,0.8880332,0.678119796,0.554536486,0.01411846,0.815883749,0.767613134,0.087981838,1
0.386084246,0.997897792,0.183466367,0.771312791,0.456279902,0.791257205,0.428545118,0.229468679,0.042505005,0.363188785,0.606738841,0.015597768,0.985770636,0.199342065,0.366663911,0.027729561,0.638805029,0.441786183,0.282789863,0.335413655,0.768974363,0.513904561,0.352888424,0.532058575,0.4785002,0.953145349,0.531260249,0.844533496,0.313653067,0.48174204,0.951261681,0.037411332,0.738112672,0.279212914,0.344862418,0.038574867,0.082954908,0.583914115,0.440710423,0.789662798,0.228081789,0.676005587,0.482366707,0.875427675,0.9873564,0.695271897,0.613802313,0.471027961,0.425766306,0.972506629,0
0.304365849,0.730019465,0.539213906,0.007402559,0.763820024,0.861788462,0.788169107,0.687749176,0.212971265,0.84505103,0.951176238,0.362674439,0.080639312,0.649529019,0.258097643,0.575169201,0.228571471,0.12172342,0.64612703,0.940641919,0.238365748,0.03450179,0.023739423,0.261421899,0.139935235,0.402573333,0.468691996,0.675022808,0.307543018,0.098260282,0.970748684,0.321074044,0.149462284,0.955533848,0.841062319,0.37929974,0.985351755,0.317398293,0.542740531,0.776290618,0.603147687,0.44668927,0.065639313,0.745293667,0.344568332,0.179645455,0.87638422,0.238838012,0.580839505,0.861414007,0
0.710579137,0.636552787,0.145236605,0.49980068,0.08829071,0.327404875,0.531777193,0.106937172,0.307800296,0.364572831,0.059032722,0.264927405,0.610537148,0.751110272,0.372658772,0.906662713,0.500187753,0.840939483,0.2685326,0.96550013,0.07593672,0.745553237,0.422357154,0.372425852,0.4246077,0.997503391,0.504315412,0.410643031,0.006030087,0.322031032,0.5528265,0.54535206,0.22026314,0.316120177,0.415117238,0.038731549,0.596978838,0.391889894,0.264951896,0.144751615,0.906653984,0.254938812,0.554729196,0.398226133,0.021750952,0.319377298,0.678296948,0.242653087,0.664304063,0.130580461,0
0.531608289,0.968323503,0.328898608,0.711985117,0.188280346,0.520010736,0.177918014,0.861184758,0.662468006,0.408234707,0.479273817,0.063806543,0.626895962,0.811340974,0.595850492,0.867029914,0.218566055,0.524213853,0.98086862,0.713171522,0.610740381,0.450214131,0.212366327,0.966647755,0.731662821,0.312068692,0.816817432,0.214758709,0.312309494,0.662811865,0.448190626,0.982912422,0.921186109,0.681264264,0.061461827,0.044449243,0.393221939,0.00213301,0.180647145,0.254349402,0.025973559,0.310853699,0.315471311,0.232946921,0.540299502,0.944877882,0.261279059,0.916298492,0.674157978,0.965799439,1
0.252547578,0.27751758,0.221927127,0.377497391,0.64011387,0.452358865,0.358007509,0.978626181,0.446717752,0.04546624,0.004202752,0.389552573,0.074745926,0.453017199,0.810715622,0.364120189,0.321150734,0.364947741,0.123913707,0.666130258,0.425081138,0.398235461,0.283838957,0.042963115,0.328395026,0.39665478,0.824659431,0.163835254,0.380359565,0.874648851,0.636294624,0.926173989,0.452612488,0.829626932,0.175761499,0.15913044,0.643087462,0.532441001,0.046513537,0.293358904,0.672614699,0.534916813,0.607613249,0.279529718,0.629049834,0.795445065,0.101934337,0.166225986,0.790853866,0.372641587,1
0.50879349,0.255016731,0.721026194,0.893477133,0.206565429,0.639000278,0.15383877,0.473554438,0.158716347,0.897430234,0.444756488,0.005102718,0.089767475,0.212516835,0.597198812,0.771334633,0.754170459,0.952541604,0.345994939,0.854247782,0.400371075,0.172383138,0.559095928,0.383265524,0.620837485,0.725232812,0.875234446,0.338265743,0.419486576,0.868799007,0.741920879,0.855046687,0.176516349,0.146949207,0.346238394,0.907837357,0.261000724,0.86528602,0.993530101,0.459638049,0.728344602,0.028327647,0.879010031,0.801099579,0.717122021,0.395645386,0.58679226,0.013906277,0.60327528,0.507052655,1
0.762035,0.992775131,0.572782368,0.027780691,0.537166203,0.004240023,0.684094822,0.297812866,0.462808022,0.458604764,0.912602095,0.756059286,0.341111738,0.782717751,0.346915565,0.953082843,0.590824218,0.41515201,0.58941868,0.092561953,0.288084229,0.307651474,0.581533739,0.75698825,0.739456229,0.626750937,0.993458286,0.678963762,0.662157317,0.023833918,0.461297634,0.787458775,0.740645445,0.889939427,0.974073928,0.780759611,0.145853196,0.651716302,0.637989057,0.933844617,0.790796375,0.711876619,0.488862777,0.254514704,0.582192595,0.847376386,0.565081085,0.297161445,0.182096238,0.904284999,1
0.640748091,0.465731103,0.237144825,0.297218301,0.508344796,0.792508617,0.50315864,0.314864225,0.762885849,0.842912867,0.44349484,0.160866134,0.164454097,0.058095949,0.182885538,0.243484068,0.541925961,0.126379116,0.226178826,0.92794385,0.501445917,0.288623863,0.247852068,0.453899662,0.53911955,0.209730427,0.546146108,0.298962585,0.59587858,0.365620897,0.414939686,0.509467703,0.58850554,0.461563666,0.224190064,0.725862483,0.596683846,0.289585757,0.059431051,0.401112488,0.24398064,0.344840489,0.289224542,0.890726077,0.942224563,0.95128724,0.578832584,0.194239527,0.939461904,0.406323078,0
0.368382871,0.75254271,0.414211618,0.98652457,0.860071494,0.275494721,0.682734005,0.671746313,0.628187628,0.921367026,0.430671399,0.645636484,0.380866145,0.538709181,0.892803873,0.570536203,0.047029888,0.854171377,0.458439061,0.25585742,0.429496845,0.47392975,0.521607121,0.625455172,0.89146163,0.396320963,0.435308199,0.178465549,0.258682363,0.465982698,0.956397924,0.94508242,0.093970622,0.01127929,0.272029295,0.596107979,0.567286378,0.351187302,0.137704865,0.36793189,0.367944352,0.298838264,0.291963306,0.274645746,0.956680808,0.269758532,0.01064686,0.948958138,0.866804221,0.128643507,0
0.467610182,0.385571988,0.520551145,0.505939139,0.039004291,0.673097987,0.27982346,0.554991996,0.951851246,0.187883859,0.673999143,0.663771004,0.338443077,0.721083008,0.830603928,0.256076412,0.915415596,0.037146092,0.027191448,0.87940824,0.308102983,0.508532628,0.858114678,0.014867071,0.522070431,0.561481714,0.559024715,0.857288038,0.586938471,0.418934906,0.959834672,0.05262859,0.157861489,0.799807411,0.49625774,0.016989305,0.587118021,0.435870008,0.1765856,0.412972262,0.731475013,0.013993451,0.691652302,0.136571722,0.893254938,0.509359876,0.847255687,0.708115336,0.107078469,0.44930574,0
0.044578493,0.216711222,0.464766662,0.950869477,0.985750587,0.325213512,0.47866131,0.510751309,0.24706789,0.381495526,0.455225268,0.149507939,0.426024656,0.833729795,0.702477882,0.546330015,0.604571105,0.574055015,0.475809524,0.266238325,0.547670676,0.89231051,0.25758989,0.630396757,0.857052659,0.809422051,0.46588107,0.802644466,0.358216808,0.411776176,0.005880968,0.245096472,0.603206148,0.093555777,0.329424909,0.159836659,0.196900415,0.191934928,0.737388412,0.681465917,0.489433819,0.201774879,0.66080963,0.965167772,0.783234516,0.146658237,0.2097455,0.630849611,0.278393784,0.073725767,1
0.576392019,0.967138998,0.620524758,0.27932545,0.502406942,0.045518425,0.599006124,0.040859664,0.402325683,0.02492311,0.898392808,0.369414123,0.15276762,0.802959332,0.58292233,0.618198856,0.668004869,0.377863559,0.106345199,0.960029069,0.629283802,0.371577154,0.136395297,0.293200665,0.416341626,0.151305894,0.826299566,0.86215842,0.911305632,0.211874878,0.107853457,0.445066512,0.10961303,0.703923786,0.129494543,0.574485204,0.364222247,0.900758028,0.677529404,0.335177603,0.244676217,0.564237841,0.549475344,0.385739782,0.609333457,0.702526175,0.100950949,0.118464183,0.175772236,0.447460359,0
0.320860898,0.22579965,0.892011883,0.481323905,0.15470507,0.647906787,0.13692285,0.072897271,0.915065362,0.850922492,0.736801771,0.685714454,0.534341799,0.294806197,0.133150939,0.259479328,0.936594312,0.338375136,0.559617555,0.664167569,0.721437502,0.439392457,0.314576436,0.05394672,0.545255075,0.10226947,0.523819902,0.984360784,0.164487896,0.461972679,0.296203358,0.974174782,0.155886877,0.363286147,0.590427783,0.961558279,0.359394557,0.620176923,0.047677641,0.741354213,0.615123186,0.651012191,0.951225981,0.704565732,0.257584935,0.896398231,0.965664432,0.060633925,0.000254183,0.793735241,0
0.86544481,0.986056521,0.026977898,0.177748748,0.701640319,0.330730307,0.995938302,0.569684275,0.011677682,0.496682154,0.549764358,0.858586677,0.090422225,0.001001539,0.167844049,0.147837323,0.430734604,0.460834812,0.213049538,0.630510336,0.716070016,0.335745297,0.760700797,0.206370421,0.012095073,0.385135582,0.848124264,0.215118193,0.096253313,0.370455428,0.317856161,0.745649302,0.048176956,0.927404464,0.734809669,0.340370569,0.960611868,0.890999164,0.753813396,0.484375863,0.11659298,0.029218834,0.975702432,0.720714736,0.570763006,0.110892033,0.927018695,0.274191446,0.881593723,0.337986192,1
0.290200399,0.74999223,0.607360323,0.710320986,0.116523031,0.630341533,0.722409998,0.105048019,0.742325928,0.248368168,0.090600027,0.106997316,0.255184553,0.33172642,0.54305706,0.077755101,0.999517223,0.559178074,0.569067751,0.388305145,0.190084386,0.293324959,0.089567589,0.189170168,0.837663523,0.630463261,0.763072581,0.003332778,0.871713814,0.303361284,0.805940737,0.578616559,0.227852323,0.376772708,0.271646741,0.984649531,0.722915352,0.70419663,0.003901935,0.433273278,0.310880582,0.733482216,0.560209047,0.877716952,0.533109833,0.045773354,0.712125137,0.495697854,0.417992532,0.103749761,1
0.25048327,0.208430738,0.339871361,0.547265464,0.892807897,0.989770922,0.128790712,0.027277957,0.884278618,0.497176781,0.933423067,0.964777263,0.603430508,0.592161798,0.857225757,0.664258791,0.125425488,0.999621699,0.300646148,0.422848327,0.111598117,0.660475192,0.027668767,0.750374816,0.079283107,0.148940412,0.478340643,0.48505209,0.121327753,0.638591218,0.032172357,0.855427526,0.596530695,0.42494797,0.91646595,0.827792286,0.712444128,0.113019561,0.21192233,0.392580547,0.336226036,0.573362894,0.443888953,0.348264706,0.868096859,0.660315774,0.25475392,0.51577582,0.143685985,0.358310032,0
0.835172096,0.197489519,0.632397695,0.660814309,0.271886657,0.68091512,0.942455398,0.514306125,0.979260936,0.585650458,0.175801238,0.641106984,0.2856678,0.456244807,0.76203164,0.917304756,0.330530426,0.328946812,0.743569145,0.474235768,0.94258976,0.359482702,0.38917713,0.594046698,0.695413495,0.535245253,0.378704016,0.416562626,0.732320425,0.272451291,0.296040222,0.849109587,0.7782604,0.7473231,0.265500336,0.47755802,0.163167701,0.672734198,0.811096398,0.912836923,0.456767342,0.439374916,0.936613795,0.267292149,0.414851651,0.90638667,0.518422476,0.953149121,0.87601739,0.310442233,1
0.449752646,0.434230088,0.436205808,0.993970373,0.427373638,0.310290001,0.272122865,0.676309786,0.286613616,0.747072045,0.209832584,0.472525403,0.971172333,0.270192749,0.054798952,0.559838467,0.495652354,0.594820365,0.055505555,0.733304458,0.225024659,0.579444186,0.400714523,0.086847845,0.296048213,0.154487034,0.339285174,0.685434109,0.527848979,0.318240837,0.671695004,0.764240778,0.659197199,0.667170867,0.837399544,0.498264647,0.728444863,0.763841368,0.821256599,0.910996883,0.253339379,0.827861083,0.23641688,0.545743592,0.753943371,0.036034495,0.237882779,0.887058391,0.530909453,0.683087475,0
0.831901455,0.438685839,0.220239245,0.723367106,0.725591548,0.213906927,0.725659164,0.428873035,0.401599073,0.348059259,0.767004627,0.442759016,0.162639414,0.354075279,0.125861177,0.969991228,0.606084347,0.833346694,0.613632971,0.469803319,0.575592594,0.542116143,0.843964081,0.355405181,0.402356828,0.433291642,0.438982023,0.774896305,0.333628768,0.920415611,0.77482655,0.471288376,0.45413185,0.174243081,0.779076252,0.424903753,0.326408479,0.159347784,0.237265038,0.172039344,0.614395075,0.886990605,0.495000629,0.228222588,0.427875216,0.460037838,0.580187752,0.667192956,0.495304002,0.743889991,0
0.473240959,0.718002832,0.221029241,0.044805812,0.463372627,0.938984546,0.620963188,0.844419265,0.233675376,0.454932984,0.417272549,0.814228841,0.294964749,0.743588056,0.170439993,0.082205262,0.682306929,0.367113214,0.179338833,0.082850928,0.281361316,0.97852742,0.425320968,0.628743187,0.424260922,0.208094454,0.51546839,0.51553178,0.985403541,0.734180296,0.559504789,0.489642711,0.77912503,0.041867592,0.981264245,0.064267414,0.272273681,0.213138713,0.158086858,0.892132018,0.713912483,0.675438775,0.25407591,0.51636495,0.633737665,0.453070357,0.256793513,0.215370624,0.493193228,0.363907852,1
0.868734534,0.497386138,0.607186508,0.89980649,0.1074604,0.102715482,0.162395907,0.067235564,0.572186661,0.977873137,0.746652303,0.604315927,0.304832652,0.762654991,0.803343052,0.932095289,0.021867365,0.593463022,0.965252363,0.291754782,0.979869519,0.788786044,0.845536446,0.035175392,0.341503015,0.648193595,0.923381446,0.03413112,0.004472606,0.885062912,0.967026998,0.243575282,0.793626087,0.420078114,0.505680987,0.291674512,0.127608088,0.204783775,0.160378257,0.426011112,0.037510774,0.309969168,0.578632875,0.395535452,0.737083099,0.066488311,0.205728605,0.194646227,0.729814567,0.426499907,1
0.29888032,0.957150035,0.542422659,0.140761393,0.352458339,0.46459918,0.493271497,0.191661079,0.389735664,0.558146271,0.003435262,0.145640037,0.789092972,0.214171599,0.453758287,0.302824799,0.472265075,0.661767396,0.708389904,0.446227258,0.243709334,0.405385274,0.954315195,0.614136932,0.710250575,0.266124371,0.119048387,0.001590521,0.127612102,0.188775166,0.379418431,0.87864046,0.641292714,0.129349235,0.663051901,0.364243808,0.38874208,0.969851791,0.838529196,0.87423531,0.548721162,0.145467682,0.980968036,0.396433389,0.046886775,0.433538275,0.060843373,0.100851965,0.14773179,0.645463573,0
0.584283631,0.891517663,0.390585747,0.97889286,0.986278648,0.318604309,0.052488582,0.42449075,0.092898477,0.244633263,0.205128251,0.324735596,0.936773169,0.244184419,0.912049646,0.029322122,0.883195525,0.71110456,0.852888482,0.266084788,0.140455387,0.931970652,0.155177748,0.037708168,0.421202919,0.755806382,0.227171562,0.902915493,0.918767344,0.417387999,0.215580864,0.091824354,0.863926231,0.487698223,0.528444376,0.750856576,0.507985273,0.230821704,0.423959829,0.748559625,0.244360018,0.648508437,0.733804102,0.118896052,0.308377567,0.849900188,0.74509827,0.216660625,0.064303493,0.708118296,0
0.045845698,0.970080468,0.104953216,0.253600575,0.304127151,0.370030724,0.636711876,0.269427985,0.441434324,0.193758508,0.2868539,0.799789687,0.699816958,0.837189696,0.120066108,0.604590516,0.584715283,0.450123451,0.241209713,0.734383418,0.364518003,0.433134025,0.472967743,0.259923791,0.375066085,0.786235506,0.491707091,0.404184876,0.66158352,0.371982909,0.665836268,0.4445212,0.996571693,0.175350907,0.527788166,0.212757281,0.591136846,0.99294496,0.477606137,0.43494166,0.161679983,0.776654325,0.182284254,0.917923597,0.747336922,0.565166199,0.862854123,0.224449456,0.457714279,0.125375526,1
0.557640274,0.828590163,0.706363762,0.572226556,0.761250543,0.453876254,0.454880871,0.421534783,0.660019766,0.350736805,0.605010364,0.189451824,0.765044944,0.733800565,0.461390419,0.226545453,0.705363276,0.445917055,0.947326311,0.210058258,0.66710333,0.544329823,0.172153755,0.62363781,0.169591422,0.038480471,0.389889602,0.17761119,0.351199888,0.381629597,0.434609835,0.996918803,0.913588196,0.356637735,0.630516952,0.757125038,0.896491226,0.151880459,0.3645648,0.816955689,0.24369985,0.428246646,0.917216153,0.438988014,0.00521914,0.606602056,0.469675268,0.797197247,0.432640448,0.003488635,1
0.81318663,0.444627439,0.910425205,0.001802472,0.260031533,0.68835306,0.609003125,0.831784338,0.025848521,0.03716146,0.027160651,0.853537261,0.542461562,0.146111586,0.757761815,0.126216527,0.565447562,0.601545721,0.379187291,0.579893271,0.103381913,0.567070744,0.789388357,0.357263412,0.134778149,0.396177006,0.007945806,0.867609554,0.035959236,0.347846309,0.834513146,0.641259711,0.72418876,0.205013832,0.697090665,0.495880728,0.468901948,0.917987399,0.506152914,0.746354465,0.290400346,0.935656691,0.19695137,0.925127655,0.850717098,0.468905077,0.931059677,0.970264382,0.69766844,0.711588117,0
0.743366225,0.084911657,0.236101644,0.666824853,0.060768323,0.821400643,0.973947593,0.188362698,0.292260037,0.910666732,0.795183095,0.212147672,0.532736393,0.337475772,0.050417386,0.251935647,0.523984474,0.548619832,0.90415853,0.300678781,0.977643042,0.363549734,0.384022351,0.766723556,0.713739202,0.873262377,0.891211116,0.986911999,0.847428566,0.076783748,0.221970776,0.454378254,0.808513616,0.737394388,0.896416415,0.473440102,0.854640374,0.073280007,0.784067048,0.085901347,0.458783128,0.29471033,0.997585042,0.199911178,0.457542896,0.149425233,0.91157242,0.491743392,0.170623944,0.475701231,0
0.978730815,0.028343538,0.19276362,0.031206225,0.623323545,0.313771125,0.923398812,0.090281495,0.05176864,0.318054884,0.373700321,0.540462512,0.122370546,0.274418478,0.470354478,0.192287723,0.5083937,0.31716706,0.396987164,0.515071818,0.261901765,0.753300822,0.613251173,0.749464256,0.945382689,0.404179959,0.899529475,0.87982862,0.026793176,0.31070213,0.962427953,0.749114853,0.352285542,0.296365081,0.489080355,0.786456258,0.811243483,0.120290715,0.460407291,0.821088386,0.866555224,0.591008193,0.750005544,0.725881324,0.760956753,0.417734912,0.873686257,0.842935161,0.978435939,0.708902811,1
0.794013658,0.867156692,0.379398102,0.940855062,0.52954242,0.384360055,0.315400688,0.319652089,0.836160361,0.275276195,0.293647448,0.133029013,0.736574334,0.624680848,0.818531686,0.060795353,0.038027943,0.77488752,0.340060584,0.334760067,0.305493391,0.71882686,0.460167507,0.610365497,0.023772572,0.976128024,0.932994223,0.301871794,0.697414267,0.161525942,0.157808736,0.424473665,0.387980408,0.131421708,0.754489086,0.294320153,0.29035099,0.392341598,0.139654706,0.268408886,0.668723723,0.89308862,0.515597093,0.317561667,0.474599487,0.627729604,0.321005016,0.74511683,0.800229803,0.954022817,1
0.864656108,0.859141716,0.118623137,0.302582406,0.030348822,0.393508403,0.024528612,0.110480898,0.12587304,0.236593071,0.437309929,0.703812289,0.993900443,0.371122439,0.136097367,0.415695152,0.15442883,0.116121819,0.583737059,0.916071345,0.859025086,0.92967298,0.608559278,0.427888654,0.224701203,0.337151714,0.895797444,0.194301768,0.701972874,0.195353117,0.480417246,0.012567186,0.522090106,0.573452954,0.276796588,0.353766636,0.451971664,0.603536837,0.924939891,0.593984538,0.322285631,0.500305407,0.192195938,0.026676988,0.84561437,0.679155313,0.686657392,0.245865907,0.692170665,0.069365127,0
0.216712077,0.624922452,0.934401256,0.256820517,0.625681273,0.010080215,0.416431685,0.173827024,0.789189731,0.224568089,0.229065751,0.171921551,0.159215533,0.571754311,0.271265398,0.180457612,0.713408564,0.575230521,0.701008287,0.962671428,0.632757776,0.351792702,0.745429065,0.315472298,0.162946861,0.18871512,0.452475685,0.787420553,0.644150592,0.673975087,0.186081254,0.28890701,0.163992306,0.952193236,0.060854648,0.162715584,0.099124182,0.645932796,0.765448124,0.028679802,0.17426751,0.454557981,0.956104114,0.708553669,0.154964378,0.6724727,0.428660078,0.632552834,0.157724052,0.465280085,1
0.020998517,0.800856086,0.643724085,0.90155007,0.631913413,0.963736638,0.474849829,0.009378913,0.863575308,0.171300925,0.206181834,0.895596722,0.738808288,0.110552496,0.011567234,0.010607433,0.160111537,0.024120509,0.894925768,0.708759179,0.549847935,0.94123427,0.139625629,0.959462597,0.651562686,0.387300281,0.817706928,0.955802454,0.232514381,0.801361355,0.002420003,0.259262504,0.272140839,0.027572182,0.099326386,0.112019129,0.714825076,0.291004156,0.806897356,0.272390004,0.762709075,0.228996179,0.454378913,0.303637534,0.23229177,0.731032627,0.208020068,0.795072024,0.024060986,0.462442092,0
0.492023157,0.93039351,0.442041134,0.972560744,0.013783726,0.509058421,0.7723798,0.861064272,0.630841206,0.726278806,0.586696504,0.798365806,0.268969441,0.420314529,0.949436298,0.268524971,0.478583555,0.051278246,0.428801731,0.025633312,0.32268661,0.178792089,0.020708926,0.167232736,0.40281331,0.001611257,0.838577582,0.890949944,0.837909773,0.349140556,0.328522818,0.372620107,0.779055521,0.603832582,0.501278076,0.476350132,0.230172258,0.805198413,0.520338607,0.440452684,0.796018564,0.822146266,0.419381182,0.343780772,0.978121333,0.797295344,0.640085308,0.863129168,0.904507409,0.50128562,1
0.537206376,0.245250572,0.508321006,0.840223808,0.316555218,0.713996519,0.248196595,0.324560182,0.613310965,0.789404366,0.261581003,0.407958018,0.87783242,0.897951057,0.03004451,0.500988955,0.925540308,0.600711164,0.300603777,0.7957731,0.382704633,0.592551617,0.244920725,0.779385902,0.557809084,0.010977152,0.027974724,0.196403969,0.12068026,0.833839091,0.594266848,0.061725718,0.728648778,0.983340077,0.21966708,0.118283452,0.172586987,0.772442849,0.527923209,0.537274698,0.368112106,0.581262625,0.133039125,0.447617123,0.494189625,0.686528924,0.850638584,0.220964194,0.759489178,0.799826985,0
0.287647458,0.470947677,0.741788169,0.855415447,0.466044263,0.497446871,0.776708177,0.12402575,0.288225121,0.716218175,0.426440696,0.858137164,0.815107805,0.805765748,0.53661274,0.097653171,0.135461762,0.843312435,0.157142361,0.133083947,0.331471375,0.835816578,0.294005394,0.054692149,0.495341853,0.687718558,0.413796856,0.494407918,0.679491046,0.608254924,0.948884341,0.6015472,0.546783178,0.204437981,0.93198218,0.70898994,0.969856492,0.199766099,0.326586673,0.396683463,0.880501025,0.108105776,0.942407267,0.734425165,0.731555498,0.587916766,0.521834105,0.884926568,0.639977615,0.827527802,0
0.418048864,0.761674168,0.891043476,0.7178095,0.248937942,0.709041673,0.5747384,0.081922463,0.407563041,0.299299275,0.193250254,0.010705124,0.159978571,0.672169327,0.233299733,0.927602391,0.922028255,0.113570594,0.62017162,0.343028769,0.041167499,0.315104826,0.106915832,0.791804688,0.80101369,0.918619638,0.701020277,0.918709387,0.016475936,0.720378495,0.662849236,0.473286617,0.947283622,0.243370308,0.946891908,0.028792933,0.590546638,0.635319709,0.43013236,0.754844554,0.808991465,0.710618108,0.633009261,0.554991346,0.236402909,0.103461186,0.269863749,0.851540098,0.717724529,0.269537264,0
0.238137976,0.29455988,0.663493501,0.417308824,0.335831027,0.66199873,0.500715953,0.879755812,0.954591963,0.688035225,0.826026041,0.322417857,0.80542191,0.86264715,0.475430642,0.839317985,0.536479905,0.836695588,0.310315971,0.306296652,0.070713744,0.423355998,0.147604835,0.662094843,0.051913147,0.068181712,0.360204557,0.417280776,0.610696071,0.144467853,0.970314165,0.717684354,0.947262893,0.875461904,0.682407887,0.84210159,0.572310019,0.467909145,0.967289506,0.768221289,0.72511643,0.846834956,0.535009815,0.285106615,0.614344269,0.724022826,0.280308127,0.019254042,0.707357041,0.471254303,1
0.644730896,0.464788219,0.944155815,0.970763651,0.756435969,0.85562471,0.268554043,0.062341917,0.622684784,0.55407908,0.711332684,0.157401146,0.073750736,0.039895453,0.898091072,0.596977486,0.405585143,0.908745705,0.534376334,0.071111889,0.845382027,0.566998342,0.90339236,0.629266722,0.697045528,0.307809533,0.319807663,0.466582998,0.758024531,0.299264462,0.265048459,0.619429614,0.112664252,0.22184845,0.29447162,0.809193336,0.037128328,0.995802222,0.12992157,0.367238594,0.663509244,0.07195139,0.77405097,0.503011773,0.591553219,0.600428334,0.618091379,0.97980365,0.342524354,0.739990618,1
0.798166568,0.970705277,0.27407284,0.966539069,0.589336492,0.089503833,0.151389498,0.581187772,0.164009319,0.748028574,0.257711056,0.776918624,0.941458935,0.524896681,0.820836,0.534800932,0.18498176,0.340898978,0.212293455,0.419180215,0.315972809,0.826901954,0.447918904,0.982904742,0.979740577,0.074543328,0.068997562,0.600331847,0.283936672,0.825849813,0.027793933,0.018119823,0.765896511,0.970928743,0.287569848,0.498180408,0.877386344,0.075498767,0.238429277,0.945038831,0.474198628,0.749218962,0.949885187,0.94856049,0.51523817,0.696084794,0.327915029,0.44190214,0.591286411,0.074408535,1
0.908560856,0.588139291,0.808965517,0.24250143,0.365761006,0.581288117,0.874678934,0.888021947,0.588290856,0.738168092,0.55231088,0.629884006,0.355275538,0.928638369,0.710010467,0.458055283,0.435269862,0.607489391,0.844207771,0.876407186,0.830680505,0.857245917,0.003737388,0.027946636,0.895186945,0.524470485,0.0897661,0.752245364,0.250270498,0.00881524,0.023678878,0.324753065,0.110205647,0.908008178,0.981061108,0.600887424,0.554630699,0.080670399,0.065070946,0.197971661,0.331753769,0.348712759,0.269680096,0.016938351,0.477846908,0.475806073,0.464036486,0.424790476,0.39722679,0.888027268,0
0.012032992,0.324634327,0.366360755,0.591448275,0.661753588,0.590753989,0.878376848,0.593104676,0.323998183,0.323820978,0.425367199,0.216246623,0.531180759,0.256996291,0.551136804,0.458681848,0.965018899,0.032979972,0.85222105,0.278044032,0.148078687,0.609262852,0.632730715,0.641097512,0.630992826,0.802567577,0.230054308,0.583567986,0.791926869,0.72891524,0.16982916,0.250273415,0.647016016,0.591338591,0.506067425,0.043686597,0.044806537,0.766958515,0.28256941,0.93004971,0.556597384,0.284542925,0.715670949,0.885341724,0.496521149,0.466235095,0.472336303,0.001753886,0.409567635,0.041187942,1
0.739067413,0.546672805,0.649949223,0.567721604,0.828964803,0.899316884,0.164035111,0.713258624,0.62782832,0.304232279,0.249781846,0.150816574,0.883658916,0.53865703,0.862473541,0.72203083,0.246431604,0.340352826,0.527089136,0.45605878,0.853525213,0.4402339,0.680335068,0.828842109,0.043845736,0.031101123,0.685300829,0.405499456,0.199912671,0.202517867,0.894300488,0.358919191,0.991083812,0.023583302,0.356535311,0.673317188,0.865022633,0.123856571,0.411385932,0.234038213,0.844539616,0.020547078,0.652716576,0.929730034,0.490230481,0.294145768,0.840864096,0.694082418,0.333557593,0.769844229,0
0.404968586,0.338972718,0.046659472,0.807986907,0.784293233,0.157206374,0.576818284,0.082911746,0.510943366,0.352063914,0.603560344,0.949741142,0.147715502,0.011038266,0.367318234,0.839235196,0.25138613,0.763296952,0.611382015,0.212810387,0.736025948,0.307880268,0.200365987,0.934286748,0.723595102,0.497082293,0.728990923,0.30434638,0.416124759,0.851299598,0.20875335,0.231941004,0.888020509,0.215303697,0.50488147,0.819164121,0.244547639,0.243723457,0.288113224,0.985036809,0.335214187,0.031946394,0.675172245,0.020289769,0.426664848,0.375053895,0.607001222,0.164740569,0.485974685,0.110913277,0
0.15701026,0.026335402,0.4217715,0.860384838,0.186116119,0.405541272,0.662782354,0.051006732,0.885716779,0.450029941,0.626635399,0.365561659,0.676396697,0.370593323,0.703249821,0.723568535,0.281311392,0.50391031,0.362169776,0.547493649,0.542899074,0.317313644,0.983726239,0.265013756,0.642115339,0.798797946,0.020889907,0.501376958,0.974006842,0.581835163,0.32829613,0.410847191,0.358939306,0.081192373,0.430040841,0.028564182,0.656735237,0.22277993,0.934048995,0.463710928,0.699318865,0.759076765,0.24275652,0.786797972,0.119964244,0.794027659,0.16935067,0.560665156,0.082405685,0.740910866,0
0.14397515,0.828597673,0.301038046,0.737528199,0.736907036,0.551781445,0.333630192,0.589041094,0.629503812,0.807845727,0.379006061,0.220703998,0.450365638,0.003476315,0.231468729,0.639103199,0.221500434,0.093651462,0.688156083,0.241740583,0.041110124,0.297729575,0.049675995,0.557723336,0.613340752,0.706614508,0.180134369,0.324951277,0.460324551,0.282286063,0.736810083,0.41497779,0.398155883,0.211220167,0.31963725,0.036343796,0.61870079,0.479851901,0.944715263,0.886392785,0.024104532,0.368795052,0.417778393,0.770581696,0.245738521,0.720396861,0.664770323,0.812938441,0.280517071,0.966601148,1
0.179146118,0.714594525,0.117937726,0.778223329,0.409980957,0.145733123,0.317434556,0.111324481,0.420409458,0.216095792,0.266281687,0.657597513,0.261756787,0.200429019,0.899256431,0.341603505,0.134457041,0.385228726,0.115969507,0.67895956,0.252005194,0.382110113,0.212782891,0.51693952,0.778960525,0.669244222,0.193663329,0.697012305,0.378284757,0.212712397,0.181318042,0.232435224,0.510539302,0.448867942,0.179620598,0.857206381,0.080573386,0.585471872,0.149735038,0.310341445,0.518518754,0.117403285,0.813070771,0.590244179,0.027066336,0.252382952,0.019670592,0.237399085,0.743840544,0.811121461,1
0.060701648,0.442956718,0.253885602,0.573021312,0.902361462,0.42547287,0.253995913,0.961653982,0.326970664,0.902134265,0.54924153,0.544592189,0.327775661,0.373963555,0.790367451,0.365469874,0.216314693,0.795485068,0.187943885,0.866321206,0.5326653,0.855769145,0.807316202,0.574406997,0.295636626,0.741719105,0.033262159,0.580905963,0.656348218,0.543332451,0.354965264,0.53485441,0.515133977,0.355009556,0.406231206,0.792927755,0.157308913,0.95883842,0.506493045,0.065037095,0.257571887,0.971121322,0.874323039,0.341276029,0.713087818,0.119843556,0.66474713,0.273664855,0.203524205,0.168636782,1
0.667888927,0.527692577,0.552273661,0.953932901,0.295125883,0.980155332,0.793733306,0.35482955,0.237601575,0.653910033,0.291817506,0.0161067,0.924273931,0.97475791,0.216686833,0.589940745,0.890653046,0.411026363,0.901636762,0.709025382,0.543921934,0.334928312,0.478297575,0.177239697,0.574020582,0.47887185,0.877177304,0.808235146,0.794737099,0.134322009,0.436110302,0.920295402,0.581365215,0.328262802,0.615372784,0.389242386,0.177660526,0.646809952,0.371814591,0.660439961,0.248025001,0.0752513,0.274499703,0.975616594,0.036046481,0.782503147,0.070195158,0.187686954,0.570871399,0.260598439,1
0.229286224,0.135306855,0.237331936,0.306539261,0.487690194,0.997636059,0.856320801,0.031209597,0.123225241,0.835866098,0.648779205,0.536255985,0.789418464,0.799791279,0.945975027,0.294042051,0.133249759,0.602236873,0.555783443,0.67920456,0.920050018,0.010247455,0.239456822,0.859021354,0.328600034,0.092841852,0.979457644,0.600302268,0.640153283,0.503975657,0.220564667,0.749887676,0.737698376,0.176121943,0.334520355,0.779449215,0.062101109,0.05476309,0.694329255,0.50539244,0.286535977,0.93607406,0.554883673,0.440014718,0.727365978,0.804762788,0.024641393,0.708313767,0.070350719,0.164368003,0
0.811948494,0.661258964,0.739853542,0.047477214,0.131902602,0.855821461,0.009485944,0.18705591,0.892329585,0.85287486,0.072924313,0.214987613,0.333886785,0.199792198,0.886840612,0.390128951,0.046763434,0.503554769,0.871964456,0.7809506,0.657497046,0.780362078,0.00851461,0.510310922,0.936309667,0.074183928,0.719491378,0.233278913,0.004616195,0.552596535,0.292525276,0.440018352,0.800254797,0.073612574,0.082501518,0.62436464,0.990800375,0.699606276,0.229794909,0.742863242,0.143836683,0.156184924,0.877272004,0.145594383,0.91554265,0.838782511,0.45534938,0.316689756,0.212856294,0.536719982,1
0.134337833,0.483160884,0.599108633,0.137687627,0.305643805,0.134120868,0.960195683,0.753744262,0.86968886,0.303269615,0.685761419,0.275157007,0.628153668,0.298839986,0.670854807,0.190355048,0.487701574,0.284714932,0.777304653,0.124786773,0.834655217,0.617515685,0.334163518,0.956205404,0.696873409,0.410842938,0.812662389,0.977290436,0.944496655,0.949363887,0.387203558,0.898292974,0.679001067,0.689542408,0.122349468,0.158001132,0.077466295,0.469611021,0.659290913,0.160811751,0.136266258,0.91607184,0.695522856,0.692411977,0.751800976,0.857770051,0.024044017,0.936661792,0.467956598,0.770374298,1
0.318414793,0.028283857,0.457326078,0.958832551,0.976801659,0.685638921,0.391064762,0.181073382,0.439620052,0.17409461,0.344262204,0.859810139,0.524296809,0.163454645,0.933949283,0.340726562,0.543472314,0.480556513,0.350259955,0.160413123,0.076821645,0.035987018,0.323582172,0.631362956,0.430517228,0.320594609,0.110143757,0.220142752,0.937749288,0.376717206,0.434822299,0.199624132,0.537568312,0.649548738,0.356610322,0.387256423,0.086896013,0.406106665,0.231800701,0.67205822,0.184220975,0.263486462,0.046897869,0.312651855,0.603388084,0.8763509,0.421790488,0.231940284,0.097746886,0.094224282,1
0.139164588,0.068829248,0.980450468,0.795690215,0.57403495,0.399006994,0.278578711,0.700904185,0.366152018,0.195631489,0.053699261,0.111330877,0.241793824,0.927645901,0.190265079,0.604560485,0.714482663,0.915141236,0.142066502,0.893335542,0.616460557,0.76852845,0.842559947,0.558129173,0.680430183,0.620561409,0.652808043,0.875966434,0.866161335,0.273044905,0.17465436,0.533677453,0.670950043,0.449529344,0.696935431,0.2596306,0.202083746,0.889003209,0.658482471,0.149271256,0.623895461,0.373909475,0.500439516,0.13294176,0.022871227,0.578776319,0.413857066,0.415941423,0.59118502,0.001170934,1
0.842158747,0.593145711,0.780640639,0.778618378,0.695286298,0.685671529,0.44241131,0.417858864,0.503100692,0.917367013,0.454304017,0.951809351,0.629277584,0.338349783,0.092098614,0.153437534,0.856672029,0.618180625,0.198839325,0.088923333,0.105799221,0.821177463,0.472401217,0.663130295,0.303887629,0.362393028,0.390148504,0.205645245,0.011307278,0.533570012,0.406596493,0.670028324,0.429674431,0.400825877,0.399511071,0.050926879,0.817048238,0.891144065,0.711841852,0.878465949,0.448834824,0.096588753,0.644612134,0.277386834,0.495771201,0.842751224,0.400556794,0.080792542,0.397555083,0.929386757,1
0.07351197,0.189336324,0.063121389,0.022899861,0.68583818,0.471815427,0.108213871,0.080545187,0.716709394,0.653552665,0.230171846,0.139384506,0.908251019,0.628828097,0.074194437,0.358594171,0.564638493,0.903872435,0.766430541,0.137201446,0.453398319,0.979581509,0.662288685,0.667426633,0.475112579,0.679317956,0.335835241,0.727906108,0.950540805,0.554182777,0.750361583,0.210525428,0.093018964,0.367532809,0.440991362,0.517281626,0.683798946,0.726665488,0.436668255,0.733776163,0.493657146,0.776013923,0.759300779,0.045453563,0.103101405,0.369572053,0.791636644,0.40378169,0.343128682,0.23199329,1
0.174094492,0.36382653,0.265399456,0.074152214,0.566442972,0.909894785,0.297365567,0.852768887,0.28110204,0.313950791,0.331009379,0.777013575,0.090580775,0.563874626,0.074846095,0.353301493,0.702135326,0.628880644,0.361155738,0.472136117,0.825449847,0.547690007,0.432424397,0.958324111,0.149682292,0.970899998,0.805858338,0.575103893,0.585630415,0.486802254,0.504759735,0.757497916,0.397108988,0.940570154,0.663526953,0.495173375,0.097071286,0.018585547,0.987426074,0.090177958,0.672840795,0.532132072,0.1286801,0.945163733,0.057774693,0.713447978,0.930482813,0.435770567,0.276399805,0.449655056,0
0.534069189,0.244640538,0.633217783,0.172213019,0.01005581,0.672997305,0.916564717,0.931872313,0.097864847,0.513557301,0.237387201,0.825760532,0.89351579,0.373953835,0.698219517,0.747676174,0.521777492,0.586186119,0.092560641,0.096139671,0.416843879,0.744613688,0.966007885,0.614859622,0.075012573,0.701072552,0.586415289,0.555295605,0.765972187,0.747351879,0.448455585,0.921846885,0.872052897,0.488724795,0.107563711,0.600605442,0.202053655,0.39257099,0.580098842,0.676109656,0.949281033,0.992090827,0.188178954,0.774624378,0.12017492,0.863798314,0.380141872,0.228763724,0.205292183,0.716393552,0
0.662793872,0.798505614,0.578227734,0.277033064,0.37011037,0.797955028,0.722828792,0.362199704,0.43092878,0.415173009,0.885965319,0.622230141,0.432415682,0.423579023,0.247082049,0.915606771,0.780742474,0.10662268,0.958393727,0.717896076,0.905811153,0.182777742,0.021801165,0.536149134,0.605196299,0.99079851,0.965511158,0.303060751,0.658158082,0.127851665,0.616355431,0.894193983,0.967981948,0.753661473,0.592165489,0.511404236,0.953923488,0.657737753,0.678074015,0.459702688,0.162902964,0.488823,0.825947379,0.527760211,0.808909761,0.436735098,0.816078575,0.726402172,0.610181788,0.542931906,1
0.359741511,0.106793305,0.727007313,0.067328406,0.810258989,0.906732027,0.374640917,0.89342364,0.764977369,0.776516332,0.545004996,0.801855664,0.465296058,0.702738309,0.602021226,0.644306283,0.390790309,0.646167954,0.456086292,0.672848183,0.029229922,0.816531191,0.623240638,0.753594954,0.399726403,0.365651866,0.095253579,0.026587843,0.945413502,0.313535046,0.8484538,0.454611365,0.282098778,0.886879837,0.500285911,0.278291902,0.932044062,0.194285552,0.729828239,0.69402588,0.087801104,0.20178896,0.763086392,0.898160688,0.339015888,0.132166092,0.691197734,0.071556111,0.272539967,0.942748311,1
0.516306934,0.435428051,0.788626538,0.3652584,0.616128663,0.037353483,0.232822372,0.149973295,0.33361805,0.53888624,0.050399516,0.118983371,0.140830042,0.689245485,0.575380445,0.435083088,0.295796901,0.809033652,0.758504038,0.289756983,0.408728699,0.52981005,0.1933473,0.794422808,0.324550655,0.063902121,0.478409271,0.442989302,0.561287163,0.444784424,0.788758839,0.027191549,0.615630854,0.873060867,0.618388489,0.165425134,0.921699558,0.153978949,0.059950384,0.649624068,0.452857905,0.559723476,0.396881893,0.009521899,0.436597101,0.929408515,0.831320247,0.045482992,0.089207839,0.612446719,1
0.128403746,0.746315303,0.045184002,0.353991852,0.85204717,0.114535667,0.244530268,0.887498919,0.972303885,0.618244909,0.105473126,0.625709268,0.754626834,0.480518511,0.730225412,0.269300645,0.936032932,0.579209332,0.204154776,0.065830143,0.289324961,0.482924703,0.910430087,0.7202209,0.995987557,0.101731475,0.262002755,0.868237383,0.950324002,0.252343845,0.556535379,0.638088979,0.324671914,0.433452651,0.006767463,0.355704201,0.763647374,0.15254481,0.81041051,0.189016356,0.56797069,0.654574753,0.50648102,0.602432159,0.877856396,0.17273732,0.133803508,0.165955807,0.347151288,0.990318093,1
0.360039056,0.340496101,0.598832221,0.051191228,0.810420141,0.758799925,0.108609199,0.15253811,0.52170658,0.578636057,0.949940453,0.07783443,0.834736198,0.465321043,0.564095483,0.687422971,0.782354995,0.400868536,0.172209075,0.174245547,0.144460843,0.092688118,0.788503898,0.710254159,0.973787908,0.079541282,0.918221299,0.344667969,0.925930338,0.512315393,0.447681567,0.539685742,0.130289778,0.328101296,0.040214852,0.883374596,0.338419803,0.682170663,0.924674922,0.416000312,0.563869473,0.7152393,0.699202823,0.569946402,0.414073795,0.550869736,0.162446764,0.605579864,0.94086874,0.220527251,1
0.041377523,0.90326076,0.874100367,0.225836303,0.46427147,0.077738099,0.674333342,0.510686113,0.142288768,0.541617557,0.732542229,0.337984861,0.121613145,0.22016034,0.662031288,0.565680286,0.830395439,0.478578295,0.839708546,0.20950103,0.246323664,0.381785803,0.186673452,0.270810984,0.334716909,0.220530358,0.530229335,0.647187502,0.049922809,0.581343911,0.147800102,0.225199407,0.351050268,0.66158683,0.874555055,0.498967716,0.909017755,0.020250262,0.691896867,0.19103612,0.254140241,0.301180679,0.282404016,0.960980341,0.537855339,0.948288909,0.253345976,0.950895345,0.099751006,0.770405589,0
0.078580533,0.336427271,0.060595271,0.09997853,0.5601414,0.056677384,0.477755516,0.722096804,0.568122497,0.654849304,0.280752404,0.824397217,0.072450553,0.212227544,0.801637967,0.999636937,0.415197795,0.740945804,0.770690507,0.534775266,0.789283955,0.76459909,0.757195901,0.63907876,0.780233368,0.564407824,0.24638082,0.098182539,0.717771458,0.083052056,0.353342618,0.298527609,0.577797937,0.923124798,0.033974631,0.616623297,0.770808331,0.479934056,0.685453582,0.55706477,0.672757655,0.342341149,0.685337351,0.696431729,0.461656861,0.388358708,0.392304811,0.232905315,0.438183094,0.899682322,1
0.806279798,0.968383754,0.546153781,0.858032814,0.173062817,0.112151929,0.032562532,0.444813388,0.978403662,0.235606369,0.746362557,0.283058445,0.40733463,0.197063413,0.314580827,0.617612743,0.267621486,0.365167168,0.425556645,0.213879348,0.325719503,0.20438209,0.474301787,0.756845972,0.116744253,0.255030416,0.846734829,0.616376719,0.838902327,0.037530056,0.752293591,0.675069648,0.842571127,0.752131879,0.609056597,0.559507516,0.526051682,0.267689895,0.680167617,0.665178832,0.318869809,0.452910354,0.521602177,0.476890091,0.521656361,0.931129727,0.27185184,0.579081676,0.78192685,0.887964405,0
0.351071422,0.97158279,0.674369644,0.283149837,0.838810022,0.793041187,0.857745138,0.098212539,0.030733447,0.759810643,0.796415176,0.46019025,0.476037391,0.038210807,0.084080709,0.500060712,0.475787495,0.6984782,0.071233811,0.252753007,0.702566241,0.331904947,0.396602481,0.260330521,0.443391008,0.470107925,0.890488601,0.040963202,0.730109592,0.276855558,0.914600697,0.750604716,0.912194839,0.054035811,0.363415732,0.339655302,0.480298931,0.047738783,0.586424134,0.054806361,0.969801907,0.964116126,0.514222244,0.055322996,0.295622402,0.39499169,0.579357697,0.684211317,0.763049943,0.59215651,0
0.819826462,0.641990439,0.811710034,0.037678422,0.365891161,0.064516851,0.104241359,0.344033129,0.403798425,0.735994257,0.89812655,0.829279645,0.442247622,0.153180783,0.620657593,0.496602034,0.870856833,0.201862228,0.782941655,0.436407447,0.133332523,0.069831515,0.876981661,0.063167043,0.884896531,0.292133953,0.257451719,0.981605824,0.390825103,0.386024918,0.690008274,0.823246207,0.421420877,0.056404859,0.869898547,0.784422007,0.122546369,0.967719939,0.902391809,0.967654384,0.24375005,0.428648034,0.523956496,0.325917623,0.407031967,0.152949467,0.77275787,0.233188404,0.15796381,0.819673946,0
0.42073878,0.38250349,0.894759193,0.499604171,0.724761285,0.75527236,0.278314632,0.481202483,0.906355591,0.149207977,0.012501655,0.860722995,0.226271047,0.683345537,0.636869187,0.605367056,0.857332814,0.89518399,0.311999319,0.753405484,0.330554285,0.381913733,0.914642187,0.753935783,0.631881953,0.273800729,0.00619128,0.690881825,0.683800769,0.961834764,0.574403621,0.483147202,0.453524523,0.582787153,0.118636289,0.881769274,0.700701291,0.768845696,0.903936364,0.727149667,0.602816778,0.050058655,0.281649802,0.575175361,0.956879077,0.534879815,0.716894509,0.520121527,0.81401706,0.636984796,1
0.576112883,0.2369697,0.743980441,0.010496269,0.169448009,0.671691872,0.150646203,0.080429378,0.918266925,0.22200439,0.600966246,0.88953581,0.011350181,0.589529542,0.989687031,0.001243735,0.342707925,0.515247817,0.292058827,0.875767431,0.615363993,0.412958268,0.483552177,0.148123039,0.385086486,0.356462744,0.681149459,0.613492329,0.268545374,0.758068935,0.615543819,0.366282942,0.885831171,0.191295875,0.717569416,0.682664907,0.270651679,0.756712935,0.668515901,0.410396818,0.011676708,0.737277031,0.397160617,0.151635039,0.960448963,0.840770312,0.504100148,0.898939189,0.612762956,0.120663471,1
0.414344594,0.776759691,0.607606626,0.74393374,0.806607918,0.658599762,0.331043555,0.115455314,0.759907211,0.965462279,0.281909836,0.47512933,0.270953001,0.02271979,0.483454948,0.82999376,0.718643665,0.039460571,0.827544931,0.526265847,0.081516091,0.239817315,0.673491256,0.411544274,0.624238251,0.936059994,0.893876771,0.407152296,0.397036099,0.436337361,0.329128655,0.187438416,0.684391278,0.893455971,0.871166716,0.323411715,0.765038174,0.946852463,0.389077781,0.956216511,0.2363712,0.353256636,0.070127001,0.055445001,0.331408945,0.820608994,0.086726398,0.168034738,0.200397971,0.270375686,1
0.671850396,0.210412253,0.970748051,0.424413822,0.161275994,0.67214205,0.686455812,0.233413693,0.870512153,0.735294555,0.147376936,0.18494037,0.50544389,0.279102891,0.404293021,0.241741786,0.007092156,0.219762955,0.452671797,0.926177261,0.395544333,0.198506432,0.385709204,0.019964809,0.374030053,0.312307159,0.856633481,0.781553876,0.277052109,0.129367994,0.617102404,0.773767095,0.793314676,0.46873616,0.043732977,0.682969882,0.334611786,0.923806362,0.810778993,0.136433689,0.888892391,0.182020092,0.112257049,0.817926259,0.139190384,0.143883511,0.724036174,0.823024707,0.271036589,0.486577484,0
0.287882183,0.542606258,0.211898678,0.636370246,0.316088103,0.505409891,0.796344978,0.579166613,0.656605921,0.428500725,0.83726129,0.77428807,0.624997837,0.050070177,0.544334317,0.806100799,0.792318147,0.537131569,0.977705753,0.285205187,0.377044295,0.824818297,0.872091918,0.213228266,0.302829603,0.000602761,0.137137919,0.526924421,0.426091593,0.005674227,0.909447927,0.372562013,0.916706922,0.242756694,0.84403645,0.065152233,0.873452938,0.512602709,0.332910133,0.939285572,0.031253667,0.368976548,0.856418111,0.425355782,0.381473781,0.010524599,0.24324198,0.378747578,0.030417994,0.5398504,0
0.444819134,0.001583363,0.620100578,0.622233159,0.696634461,0.136226916,0.583293617,0.522207697,0.258447016,0.729437324,0.826778827,0.535432886,0.345537945,0.195756141,0.932766994,0.198145117,0.334747515,0.303347864,0.254781259,0.238089835,0.007137179,0.527257269,0.690710077,0.460793544,0.448621854,0.33056826,0.179230734,0.45893787,0.845325308,0.750864614,0.520477754,0.735727531,0.02988965,0.24084722,0.01634341,0.08321209,0.362935834,0.582950506,0.386090687,0.806187201,0.704616246,0.007095419,0.950019013,0.228227961,0.309242486,0.597611242,0.977903307,0.995535346,0.444929929,0.740329797,0
0.840575993,0.682443729,0.614962997,0.630025342,0.329224624,0.862361493,0.27501317,0.210523191,0.850674373,0.84421631,0.557375679,0.285732273,0.687735597,0.585569974,0.349035148,0.60322491,0.056360572,0.174693561,0.874256576,0.13989943,0.305161501,0.536232222,0.38058279,0.027384508,0.091368744,0.540325239,0.744149235,0.633437007,0.098804063,0.876777004,0.701950484,0.525465122,0.885352463,0.642664206,0.411336657,0.7124105,0.660294239,0.202596501,0.614583867,0.326538064,0.697895582,0.495908229,0.20087439,0.844078551,0.534991654,0.503199287,0.044707028,0.490702876,0.469415357,0.8495487,0
0.415957918,0.539809967,0.637134384,0.765214865,0.946470433,0.929868782,0.198472476,0.28599445,0.667098459,0.261719429,0.505893223,0.319960448,0.333449075,0.872154119,0.560235383,0.00071651,0.57912127,0.170225411,0.820112166,0.179078895,0.751202461,0.226341544,0.384968243,0.739282804,0.520723945,0.031712612,0.2937203,0.779246728,0.222339376,0.550120288,0.140517133,0.320471845,0.895592769,0.906192575,0.047403837,0.883459177,0.495181955,0.076676156,0.789354583,0.881590621,0.442491379,0.071288287,0.878571569,0.365120672,0.690664739,0.107134754,0.798645374,0.812370778,0.2028234,0.425304448,1
0.754402895,0.02671453,0.545339008,0.98672968,0.591595613,0.585031481,0.856881309,0.833191876,0.224864624,0.287704952,0.673041574,0.695613573,0.334808401,0.885379136,0.099048256,0.209796782,0.244734792,0.41201674,0.517932208,0.571354732,0.691756458,0.430662914,0.166150231,0.201749854,0.06018514,0.588616948,0.99010282,0.208229034,0.537611323,0.609811429,0.945796721,0.971955268,0.755788715,0.625493776,0.634927927,0.635793378,0.908884794,0.09439421,0.18695516,0.683725153,0.542063743,0.386409225,0.066438698,0.582103536,0.535833192,0.313769708,0.062626675,0.099600897,0.978817381,0.394140672,0
0.800912525,0.923155102,0.946041781,0.952510494,0.299200241,0.643200632,0.557416912,0.419204748,0.173467659,0.423943381,0.587970989,0.526816754,0.45422994,0.161832064,0.73001954,0.376000323,0.227022622,0.127170313,0.381128743,0.161808456,0.629562656,0.076915436,0.418763643,0.405709894,0.384414655,0.873030722,0.734702611,0.797759871,0.128584977,0.88106493,0.135320204,0.596570599,0.56988643,0.047633241,0.630608251,0.617907875,0.081939233,0.660934835,0.004001515,0.033489829,0.813730124,0.849863043,0.960521194,0.019379114,0.605714431,0.248411958,0.268593581,0.133770535,0.455986679,0.119840711,1
0.498103067,0.104223652,0.086082349,0.689405522,0.880596726,0.56876524,0.360873178,0.462787229,0.669304099,0.512344315,0.097193722,0.617232445,0.463801947,0.369317168,0.359825068,0.968144192,0.377036015,0.377930404,0.305590225,0.32905216,0.635027968,0.977206905,0.894911011,0.589408211,0.777767948,0.54362903,0.659788329,0.873934996,0.56239345,0.380333867,0.434515094,0.184421914,0.434714523,0.617578254,0.041660552,0.031686715,0.584058379,0.080616572,0.433165659,0.289304565,0.682174648,0.611093602,0.753324634,0.922203999,0.683925464,0.529304175,0.121703657,0.931696129,0.589853772,0.928439915,0
0.198842631,0.196612908,0.761952371,0.649595141,0.195891212,0.001587024,0.910713014,0.89090942,0.870934276,0.465231109,0.849893413,0.360930108,0.899104708,0.566043401,0.841506043,0.990574487,0.878726715,0.368154121,0.971296338,0.534588584,0.981580105,0.276031931,0.741235504,0.981320562,0.834260769,0.238027568,0.501679286,0.697304266,0.079202421,0.540619036,0.778922623,0.947563069,0.186932681,0.140102055,0.967470651,0.836626688,0.442751912,0.763678479,0.453497216,0.31773206,0.417766819,0.934621906,0.701501016,0.276191035,0.553688421,0.268655417,0.552083535,0.679728616,0.881037262,0.355228559,1
0.754411598,0.654170381,0.399173133,0.305317928,0.590322949,0.405315356,0.409926842,0.801416672,0.523586104,0.632833043,0.584662662,0.45268465,0.847880632,0.205226246,0.784832585,0.362175402,0.684062663,0.264561894,0.033566784,0.72438067,0.465774946,0.028126864,0.775151405,0.799058981,0.599162629,0.704582048,0.601363509,0.84771642,0.938767564,0.028511966,0.792153545,0.480286529,0.235027097,0.115717472,0.268725237,0.87530474,0.414949712,0.245552058,0.895391779,0.02926053,0.791652876,0.669403863,0.945740776,0.020335081,0.349756274,0.999961934,0.883875272,0.000721874,0.821516265,0.702412744,1
0.161744949,0.652038711,0.846389125,0.467434029,0.332288245,0.079129916,0.362225912,0.37063883,0.997664211,0.755079191,0.892307896,0.696264543,0.444631671,0.360086263,0.090192773,0.885390404,0.89637627,0.680602617,0.201364338,0.689893417,0.74538045,0.207813137,0.194998742,0.323963495,0.708432051,0.644976543,0.195423576,0.061943875,0.971791093,0.514090476,0.353615063,0.249687466,0.928235066,0.20319501,0.990403499,0.712854723,0.588274893,0.009065985,0.848695512,0.076385595,0.372245923,0.402208752,0.829916671,0.566948111,0.72135414,0.25001492,0.67846917,0.087202879,0.87068245,0.627285453,1
0.680707508,0.575272737,0.19017736,0.145540231,0.239040282,0.431668636,0.26166728,0.519474518,0.373641137,0.874924704,0.995048317,0.70936955,0.305499784,0.335696263,0.10713549,0.163805321,0.191870753,0.834600589,0.038956069,0.334501451,0.400915618,0.031629712,0.349519605,0.655570661,0.792595343,0.80426773,0.533620711,0.85614013,0.786974908,0.059852137,0.494683183,0.469564928,0.833663861,0.305293633,0.047305912,0.312482956,0.44248805,0.134880827,0.01450082,0.15061875,0.477647651,0.189483852,0.369693057,0.620012117,0.811578238,0.461328105,0.607675363,0.649176312,0.54539618,0.58217059,1
0.812076056,0.624932074,0.04428601,0.025271138,0.668027178,0.354502425,0.215395844,0.057408071,0.807609453,0.934744401,0.838359704,0.994061305,0.757251996,0.277719099,0.79238481,0.985873777,0.687062518,0.005773379,0.724032044,0.284888913,0.270969217,0.99121792,0.043886162,0.548650341,0.271628285,0.068614691,0.033162038,0.935233724,0.253502009,0.030037627,0.070180398,0.090344061,0.147397194,0.831599893,0.691099537,0.326333302,0.103145288,0.553237361,0.295846933,0.256431119,0.7481682,0.947611806,0.362839716,0.536013012,0.331402587,0.140306832,0.360656049,0.898213819,0.606924293,0.51558422,1
0.747050166,0.748728537,0.872542344,0.427120083,0.818567422,0.877176199,0.678623751,0.197376471,0.419324254,0.731307341,0.129007225,0.174268638,0.521425644,0.532621376,0.799916089,0.296921817,0.13078767,0.87132022,0.295217949,0.988717875,0.675864139,0.852503486,0.147854467,0.755523662,0.987537129,0.016454729,0.803366273,0.590023692,0.593094569,0.523282936,0.737388329,0.942919605,0.330042745,0.637260014,0.587193099,0.442419686,0.835663403,0.581240148,0.843324968,0.685150028,0.40501687,0.689151233,0.480343263,0.41769702,0.409360301,0.56254113,0.82695873,0.38796795,0.130347233,0.770714598,1
0.68172882,0.133453899,0.57556925,0.840741636,0.296520562,0.659645871,0.983149918,0.826105755,0.958539424,0.904570455,0.507967387,0.095201006,0.480862361,0.804986377,0.421800715,0.494709758,0.201290488,0.654015887,0.296201229,0.61666622,0.312381986,0.787677787,0.931457455,0.615415037,0.765335098,0.97937157,0.181852059,0.502080652,0.303371937,0.495360935,0.73528621,0.175448611,0.725767174,0.302062358,0.067225578,0.289616817,0.57546692,0.504213636,0.982362008,0.075019816,0.847368404,0.227288282,0.191312305,0.92545378,0.473942812,0.132100265,0.148133367,0.525375138,0.816312726,0.726578528,1
0.640611053,0.144802039,0.374541702,0.384503693,0.573708147,0.958800813,0.205746337,0.725642056,0.408874834,0.870224845,0.192418852,0.828643492,0.611518131,0.645600483,0.947178707,0.693489441,0.522856707,0.594429927,0.80182707,0.824296715,0.69135073,0.167864234,0.359389363,0.481299388,0.106282083,0.561196308,0.168242335,0.565846957,0.908175855,0.104456307,0.506291937,0.648138737,0.002215237,0.794521446,0.364415979,0.856225779,0.769122196,0.984853908,0.290084298,0.595699144,0.579195914,0.650316085,0.621526146,0.594455919,0.677712953,0.956024812,0.00645636,0.049184267,0.336998069,0.691711814,0
0.863603171,0.333880215,0.31047191,0.546936162,0.630215061,0.059736159,0.156255669,0.414822491,0.655273152,0.70595514,0.018692015,0.814026829,0.695471874,0.173461026,0.007227145,0.810936108,0.888743783,0.566748882,0.045733304,0.228680599,0.907450019,0.162983891,0.938277807,0.732030852,0.020277207,0.009062109,0.126043199,0.666330017,0.735972161,0.186527596,0.307331525,0.446424223,0.948070892,0.35294222,0.686935803,0.495879887,0.538297732,0.666192588,0.980269045,0.682778364,0.347433719,0.023548018,0.907695525,0.628809411,0.172198249,0.839243554,0.255559392,0.3867056,0.304280155,0.123910426,1
0.086152862,0.664276251,0.002206587,0.136138778,0.864847389,0.148276058,0.8154435,0.03336235,0.032448723,0.451226577,0.412499232,0.157677025,0.206381726,0.870377735,0.746824163,0.775664608,0.90392647,0.801580922,0.474254907,0.531401755,0.325220651,0.93389091,0.050930122,0.111660625,0.097287425,0.762270941,0.340898982,0.426120351,0.101580293,0.803578341,0.12447969,0.612423413,0.513702569,0.726292396,0.0400579,0.056637052,0.656745692,0.809924964,0.858637769,0.162391536,0.195226104,0.152647644,0.934218688,0.113641758,0.724502406,0.049058581,0.944251806,0.083366748,0.351852344,0.570957001,0
0.396301753,0.068689789,0.26734568,0.929673548,0.615753688,0.747761686,0.784104496,0.168799064,0.103128242,0.489655969,0.272084235,0.293429783,0.395012671,0.077153997,0.237009482,0.552203539,0.024829042,0.938573272,0.580707195,0.561316625,0.870297916,0.953125903,0.184178712,0.997791228,0.85866576,0.835192643,0.477258319,0.941342977,0.343822044,0.662718202,0.778455472,0.027475072,0.872145906,0.176396664,0.944774025,0.663785931,0.250551737,0.809109875,0.920017243,0.973212485,0.707280284,0.10219745,0.215393296,0.676779148,0.727842955,0.520388208,0.74238195,0.88280648,0.460922503,0.531413866,0
0.295019068,0.995150241,0.004736058,0.505446611,0.366108472,0.468633629,0.585287257,0.142962933,0.918053042,0.77538306,0.230071364,0.042998711,0.331793482,0.527690354,0.032244633,0.635183719,0.867824599,0.71771193,0.250087264,0.458765089,0.169399873,0.650814266,0.318655042,0.540535871,0.581878264,0.840218334,0.523525073,0.698405038,0.947154906,0.234107397,0.529100979,0.483211713,0.763116327,0.626477682,0.712674809,0.734189613,0.175023092,0.514831373,0.311547849,0.972655211,0.124724175,0.192671235,0.551241628,0.098034093,0.248304724,0.363663497,0.499010162,0.885535505,0.722604444,0.083108868,1
0.01074461,0.606277368,0.383913024,0.162317616,0.268253196,0.053791125,0.939037091,0.747205664,0.030863787,0.038105558,0.908440992,0.334063734,0.617438376,0.100778946,0.372824092,0.421528142,0.723178964,0.250919186,0.814893347,0.490552141,0.305023803,0.353375121,0.029876222,0.123136047,0.910746372,0.951232309,0.24263888,0.097767868,0.252333313,0.599810284,0.665495813,0.128841914,0.756434081,0.927385296,0.20706176,0.313070975,0.799441881,0.638830887,0.577515531,0.674972035,0.789655068,0.257344284,0.029823997,0.155615874,0.721320844,0.276638416,0.680146314,0.44024847,0.910732073,0.869223401,0
0.353802488,0.797591139,0.266074912,0.543818497,0.787259219,0.762360468,0.517270583,0.755503993,0.423756922,0.752954034,0.51581618,0.407309597,0.394649737,0.316988046,0.762249014,0.21982475,0.471193676,0.070550918,0.678659649,0.225399589,0.645150474,0.830881943,0.342702631,0.443081455,0.80641751,0.548324302,0.261751152,0.040355935,0.212632151,0.143279551,0.349187748,0.020361457,0.176661288,0.092862039,0.640770578,0.615722913,0.771325628,0.317961745,0.3586608,0.140717324,0.681016204,0.456876271,0.95805727,0.67188962,0.034645105,0.800449198,0.188264314,0.730840733,0.826628451,0.335857138,1
0.207071699,0.70517927,0.788526448,0.814059535,0.410861794,0.305660551,0.908686896,0.283461105,0.377979606,0.145380585,0.824270049,0.957524131,0.839504462,0.50957598,0.343731985,0.970214313,0.432598581,0.063257464,0.768122704,0.007841789,0.573376125,0.148097413,0.663076535,0.058075234,0.155022383,0.137346257,0.804760344,0.082865881,0.375939225,0.382716901,0.985817661,0.644763718,0.477777383,0.573098628,0.020434552,0.145710846,0.62521495,0.287104383,0.872298815,0.965843638,0.843846718,0.182046089,0.569265004,0.71968181,0.699120113,0.358438091,0.911490192,0.101995445,0.611974377,0.550146315,1
0.452467297,0.531300916,0.976489751,0.004699316,0.616603296,0.202705412,0.429552694,0.821678171,0.580034074,0.359593322,0.803415788,0.804331178,0.300436313,0.215359756,0.756038954,0.313840967,0.141848136,0.897124435,0.744778523,0.847300982,0.71617284,0.442109076,0.088897071,0.36161624,0.538258331,0.254071188,0.75215779,0.259512446,0.126116548,0.588339458,0.457131995,0.696991578,0.545061729,0.713050258,0.92037337,0.016887388,0.689892716,0.298843322,0.463450747,0.830242261,0.53275183,0.069216889,0.837284437,0.337545853,0.808662827,0.854485105,0.717880649,0.052028087,0.091250476,0.610867497,1
0.902217035,0.049020761,0.026702826,0.288778936,0.669020478,0.398737651,0.539649792,0.348347135,0.771000311,0.771240051,0.445687199,0.526124452,0.893535398,0.205693856,0.597838234,0.437123766,0.756953636,0.342229473,0.337891093,0.662956974,0.229046017,0.877118197,0.790403625,0.14911625,0.288615756,0.896588979,0.451833226,0.58278566,0.568936571,0.875864072,0.890068745,0.989110532,0.709151085,0.278834057,0.827285484,0.339953777,0.222880453,0.339810267,0.22363655,0.057329017,0.387977064,0.529728923,0.423435539,0.259707715,0.151045597,0.129188147,0.584547786,0.002171095,0.338911705,0.138186766,1
0.566515555,0.80226661,0.064593751,0.726347141,0.196245537,0.660597471,0.250419512,0.415263031,0.76013597,0.357889264,0.284730317,0.206688349,0.791870268,0.807461598,0.174533255,0.554203673,0.163300859,0.178817916,0.775660783,0.855890195,0.232692478,0.767958473,0.172405257,0.677751883,0.029464391,0.715740826,0.054457066,0.434889271,0.220142023,0.97198589,0.887674408,0.474103438,0.844351803,0.221760403,0.079890591,0.02118321,0.729769584,0.668347546,0.243370042,0.333756124,0.799182061,0.004962492,0.21064165,0.955677155,0.439563062,0.521317948,0.217482425,0.564759494,0.566187564,0.458820407,0
0.165827825,0.44306216,0.378169141,0.31438969,0.651271089,0.050147366,0.297384265,0.731033254,0.349094148,0.519112661,0.88725954,0.003005782,0.576185733,0.711564819,0.119151275,0.165607453,0.500787955,0.900804967,0.757103262,0.869526246,0.847504473,0.908404117,0.853614914,0.021681592,0.827951624,0.762989809,0.940719413,0.869600983,0.876256776,0.30148793,0.629098427,0.706179721,0.817143844,0.929053755,0.97261581,0.988880905,0.474187146,0.387079637,0.140532943,0.542116634,0.047703761,0.63179503,0.874993787,0.999297061,0.821545719,0.680753042,0.372391968,0.785935541,0.519387082,0.834928423,0
0.971060962,0.428076415,0.761540077,0.375080361,0.474451559,0.456560996,0.037620806,0.79048455,0.741134525,0.119753435,0.119658991,0.852796149,0.051186931,0.866674142,0.912200448,0.994885464,0.297382667,0.501591378,0.564779968,0.242437445,0.124936481,0.872611975,0.668378854,0.286286891,0.142524695,0.334462925,0.524698252,0.836744799,0.897036592,0.341197393,0.521167106,0.512579809,0.62601726,0.644929202,0.570178012,0.944112546,0.477886561,0.170800514,0.2722123,0.543570014,0.831731402,0.400129048,0.211246404,0.518624323,0.042626733,0.141491628,0.793874779,0.164710349,0.820443005,0.396820492,1
0.421835473,0.150992097,0.337507987,0.734657146,0.477118324,0.681614188,0.78378067,0.530436938,0.784563662,0.986861835,0.712707265,0.255483419,0.839282774,0.879697363,0.278418117,0.186312169,0.612789573,0.976982753,0.219127273,0.629742249,0.099104702,0.937243098,0.723268059,0.478900794,0.88924559,0.326540155,0.317332832,0.180453729,0.187983037,0.634789396,0.249341443,0.967000541,0.189200459,0.329515657,0.989955491,0.761621466,0.71817957,0.803952438,0.570250666,0.54631158,0.324872296,0.110391459,0.208727909,0.204897092,0.659956041,0.050800006,0.1453971,0.070739671,0.999018465,0.802791498,1
0.957930432,0.573771423,0.657334779,0.264310467,0.378504257,0.988485481,0.717242973,0.06049311,0.302861677,0.80505897,0.424001129,0.785683011,0.926940365,0.469745405,0.687084112,0.868983344,0.595121035,0.54484594,0.017418769,0.002228639,0.780403942,0.873451758,0.753759688,0.986753991,0.385057172,0.584097312,0.182748642,0.625127134,0.483328711,0.435334377,0.757361643,0.156189763,0.983632156,0.940650402,0.402378983,0.532666552,0.748833395,0.203764149,0.965475048,0.693789073,0.707592558,0.630537823,0.000813684,0.650346214,0.182081109,0.985455549,0.942560723,0.335114768,0.402226044,0.429821686,0
0.941980412,0.647134354,0.051283694,0.420201497,0.211601542,0.532570249,0.059085336,0.60175179,0.596451255,0.83887854,0.09379979,0.214315139,0.606028397,0.516543737,0.589118051,0.242576757,0.192359464,0.21677681,0.987648806,0.587389441,0.013681407,0.671801932,0.896351395,0.41510271,0.762495711,0.914765961,0.61360808,0.144065528,0.11789886,0.300166266,0.305562821,0.350588813,0.666680404,0.128725978,0.192207341,0.314800829,0.891260109,0.283907472,0.614629729,0.766638845,0.414145047,0.396929151,0.00876029,0.649857696,0.23277833,0.951362956,0.135699528,0.769255116,0.855597687,0.145711778,0
0.325192935,0.976116306,0.804057913,0.010016293,0.844680965,0.57507611,0.752047648,0.166519305,0.57937672,0.07711393,0.015319292,0.020834809,0.012388333,0.776533435,0.936072794,0.189081463,0.247441627,0.545605603,0.974762561,0.77775025,0.271288897,0.396631393,0.701963605,0.721117342,0.249537024,0.869653365,0.766906051,0.644774189,0.666714314,0.269782741,0.079580008,0.998622837,0.297794573,0.955231381,0.760910074,0.936816127,0.143987236,0.627300598,0.922031766,0.979474054,0.205441997,0.324060757,0.397853858,0.810479838,0.543039935,0.657851469,0.261341178,0.582706509,0.371302048,0.592835645,0
0.877056636,0.443971399,0.310379271,0.874628059,0.71831685,0.552529765,0.177053127,0.755169806,0.300639134,0.111381793,0.541189651,0.292571723,0.823951168,0.090502903,0.811647123,0.196447839,0.315715277,0.761111322,0.90660334,0.426047486,0.72335591,0.236642899,0.8855865,0.554507649,0.037109634,0.337725427,0.840480886,0.973450293,0.600472716,0.700152821,0.120120207,0.189373288,0.105410996,0.482362587,0.382912098,0.138360106,0.161627406,0.197117195,0.471291736,0.495038617,0.986419909,0.913053568,0.576009832,0.919388831,0.786907189,0.151570677,0.226792909,0.101620413,0.512920418,0.954771804,1
0.960175724,0.443074914,0.841580163,0.609689803,0.270882012,0.740455136,0.829072556,0.793607113,0.572952599,0.798139281,0.351343819,0.363388948,0.924074252,0.377721003,0.047858291,0.834377422,0.93975898,0.692336642,0.645920422,0.02577966,0.221968511,0.792130954,0.891460613,0.66461405,0.422085616,0.38536101,0.682187394,0.998616184,0.818546235,0.52342954,0.91152998,0.442778669,0.394404697,0.85065222,0.159903159,0.927174779,0.036890715,0.127695161,0.628639764,0.844587539,0.366776017,0.067529939,0.179748334,0.386997587,0.805625736,0.753736657,0.917382592,0.809823589,0.649614437,0.767578007,0
0.711954088,0.888255811,0.060214121,0.419644391,0.500065391,0.89643425,0.109140813,0.837369114,0.022221516,0.591250843,0.065485837,0.766782804,0.15273969,0.355013134,0.830814288,0.690277231,0.796842329,0.633910779,0.317071745,0.873000719,0.421278831,0.709065311,0.417087822,0.569717459,0.867328649,0.699171004,0.477170452,0.256802186,0.05305125,0.789309529,0.643696886,0.762003709,0.678321013,0.004214977,0.987574886,0.497067903,0.255015188,0.116713008,0.014852897,0.026891995,0.826557825,0.000476583,0.537449116,0.981468123,0.349576267,0.998112315,0.354585129,0.341669655,0.575000643,0.85649831,0
0.997275279,0.709026998,0.51322551,0.829419384,0.760598238,0.809448502,0.462536449,0.453270255,0.591915369,0.488124805,0.073674726,0.602193376,0.007961047,0.876599435,0.067531658,0.467786952,0.900253034,0.57003769,0.365434562,0.067960481,0.303919906,0.400615703,0.280294611,0.021524013,0.775470415,0.305908967,0.00839529,0.264406354,0.328259021,0.344399767,0.479695453,0.956085735,0.491388254,0.359854182,0.86629261,0.134161222,0.471969945,0.392101564,0.033283666,0.523698617,0.562027307,0.490648786,0.090970454,0.269494976,0.23630385,0.530271959,0.519311656,0.016459342,0.458248708,0.832765598,0
0.839541777,0.800587832,0.434657189,0.01341153,0.301835625,0.335810959,0.391794498,0.074263055,0.117759505,0.699997358,0.997420529,0.336850027,0.65948199,0.241909186,0.619233992,0.700059245,0.509313023,0.152807753,0.124128041,0.251545173,0.726424983,0.331539691,0.357459298,0.338812365,0.746982011,0.638502641,0.693577063,0.581793855,0.504833412,0.703746316,0.474834191,0.297766888,0.848399369,0.919949512,0.429298284,0.734907485,0.045272842,0.212248754,0.962643659,0.02544378,0.669715911,0.81627733,0.231625441,0.483246658,0.93762699,0.787445905,0.273235308,0.539279824,0.652689599,0.124011787,0
0.158489649,0.689332303,0.958681139,0.441373798,0.88029942,0.537660732,0.836269486,0.367390708,0.624750792,0.058293368,0.649098418,0.784789607,0.403381902,0.025504813,0.316835019,0.862745413,0.322392907,0.494050356,0.446075475,0.115793694,0.673759741,0.878502508,0.854583586,0.365327138,0.290653883,0.736717999,0.594758811,0.460444255,0.217768634,0.371657851,0.085294818,0.631175414,0.419645441,0.253206736,0.562364896,0.963910193,0.859728082,0.325014465,0.76993017,0.262597543,0.066579441,0.263565268,0.942201687,0.784533558,0.741890186,0.444852524,0.442950752,0.97691665,0.908545705,0.768389226,0
0.470056559,0.173722305,0.406383576,0.972457794,0.363586472,0.455712344,0.408483476,0.266175533,0.903664722,0.016845098,0.725069442,0.542927244,0.680057797,0.6524443,0.642388744,0.414094046,0.87226355,0.317089104,0.178702446,0.116459246,0.331978139,0.916959435,0.946794736,0.101154893,0.964159708,0.974614296,0.175359815,0.386642672,0.752515928,0.964657227,0.170234276,0.632431581,0.051904871,0.09961516,0.965171747,0.285181954,0.710677886,0.224533361,0.420124174,0.820670667,0.810822155,0.884140404,0.204477567,0.766124825,0.83719199,0.538827098,0.509400702,0.788974304,0.812489359,0.414420663,0
0.438829797,0.88477485,0.539708048,0.991658495,0.900976829,0.677539377,0.900786556,0.400790533,0.502077217,0.870883847,0.585128576,0.165687521,0.170854066,0.33410882,0.02068581,0.980253752,0.741259289,0.047382814,0.736602605,0.675114353,0.559722094,0.077280892,0.652697305,0.439487648,0.308550996,0.937812367,0.34908313,0.245390525,0.246176472,0.271605956,0.89821782,0.619543575,0.955127778,0.60669089,0.506420158,0.17712411,0.183559377,0.796208526,0.478360696,0.041938591,0.980800736,0.75314952,0.300510125,0.036677876,0.584615762,0.587906462,0.253654691,0.614579156,0.236141678,0.026482207,1
0.128939203,0.803831953,0.117045452,0.578278035,0.537244523,0.718105756,0.707545094,0.259552691,0.751877862,0.060045253,0.968214381,0.570291666,0.060061891,0.830687978,0.323210715,0.661025506,0.853130129,0.296062719,0.194179812,0.515371762,0.340061575,0.911444701,0.325902655,0.871492269,0.56462929,0.132471139,0.791929631,0.933272122,0.085304168,0.004872375,0.151859589,0.770789949,0.733295214,0.411850415,0.487783503,0.324129245,0.168381492,0.659621574,0.567138424,0.503427873,0.790512324,0.118031655,0.70480677,0.948786804,0.108267584,0.431423522,0.730659243,0.724198188,0.67488039,0.549807948,1
0.088595634,0.750783655,0.664449318,0.279647901,0.071397756,0.835969905,0.063610378,0.979453727,0.609630227,0.519291262,0.385021306,0.812086293,0.737036708,0.584968743,0.783282579,0.57315996,0.758217794,0.391983924,0.081953295,0.778500758,0.034957243,0.761969924,0.062718839,0.885481006,0.868176031,0.389823988,0.753046893,0.626301894,0.733762367,0.092545011,0.031136133,0.814771441,0.744796367,0.75364805,0.104194221,0.896137482,0.348957904,0.816290534,0.821267138,0.617943408,0.899491495,0.879800426,0.93769301,0.682081086,0.245539757,0.781974521,0.030376601,0.249265821,0.66112615,0.317472692,1
0.099373018,0.954703106,0.239821388,0.909390495,0.83215393,0.533479239,0.298685178,0.729748402,0.77081741,0.4054768,0.765165757,0.518382283,0.611962534,0.25035093,0.554194831,0.570787892,0.290295997,0.753795699,0.987069105,0.097156368,0.740096399,0.411383908,0.093734049,0.168176508,0.684232082,0.798623057,0.310524871,0.582994557,0.06956745,0.655096421,0.42038023,0.790498903,0.810467248,0.253418527,0.858019241,0.675899183,0.710098857,0.538561375,0.514003654,0.74528175,0.401241524,0.319511795,0.732542515,0.044982624,0.322175085,0.989377459,0.50340082,0.039703154,0.390436621,0.288365085,1
0.472520119,0.457789253,0.296006794,0.459421479,0.715250496,0.961881211,0.349059968,0.585818073,0.832217211,0.853896367,0.211904965,0.202534846,0.93705131,0.18932045,0.225709691,0.540183221,0.755568252,0.129839471,0.078166971,0.015148006,0.653375706,0.110093356,0.766518357,0.215024754,0.748703188,0.961126423,0.412047955,0.296507561,0.715404823,0.324172612,0.581043372,0.741969033,0.678525669,0.784363297,0.51197831,0.396604776,0.189071618,0.047073621,0.949721862,0.079904242,0.556063192,0.679864305,0.101352079,0.554342319,0.449832625,0.705532102,0.143000746,0.616056277,0.348466273,0.73445297,1
0.478224176,0.288624313,0.905519896,0.318523509,0.695655628,0.140470634,0.927818988,0.535664403,0.666528882,0.979684169,0.074498484,0.56375969,0.890938547,0.738788019,0.28264267,0.028140795,0.834597444,0.393301001,0.197538569,0.024344451,0.820206465,0.219607569,0.419344109,0.570137978,0.062229089,0.763892199,0.899991281,0.416534545,0.918487805,0.981037755,0.049687524,0.637999552,0.018021745,0.672763197,0.78110544,0.086844981,0.619434929,0.418049305,0.117638416,0.145756538,0.014293732,0.460676976,0.925920909,0.64316595,0.115195119,0.995991794,0.23954791,0.374382573,0.565039465,0.646588197,0
0.993764492,0.207219402,0.283697787,0.003147321,0.579297992,0.806645603,0.825316536,0.58393241,0.946415046,0.498249143,0.144719324,0.05186137,0.065549139,0.428319047,0.594323627,0.134950489,0.049370703,0.877195446,0.070145736,0.456448496,0.437625601,0.134971625,0.299513701,0.087978594,0.684338407,0.24624137,0.936639529,0.087028893,0.549687388,0.886387714,0.568829328,0.591811025,0.729808659,0.615193072,0.460683767,0.437921497,0.88769996,0.043076252,0.922387051,0.654470493,0.648402213,0.39419326,0.818642754,0.976970276,0.276131931,0.772983227,0.192824715,0.918554337,0.431423227,0.176401846,0
0.608134574,0.802285727,0.087971166,0.878878185,0.789054724,0.957496378,0.844855119,0.214886193,0.577169133,0.576028568,0.732164594,0.709624114,0.884016441,0.138733721,0.034346856,0.345566535,0.327979598,0.760369423,0.661799604,0.828595888,0.414539579,0.897229201,0.086841415,0.160231805,0.540900055,0.566510919,0.088649899,0.302998356,0.173357958,0.830069039,0.479733386,0.636417715,0.681412618,0.501616977,0.2076045,0.937723926,0.001697816,0.152886133,0.603350121,0.317249384,0.240658741,0.028345342,0.648343339,0.444590805,0.044780665,0.587192696,0.296783166,0.911490643,0.564719791,0.282075163,1
0.767514359,0.101593985,0.439582464,0.716582106,0.660817918,0.506741628,0.971201233,0.380835015,0.888639192,0.557479167,0.042432904,0.66719777,0.357003268,0.439600573,0.09149319,0.186596694,0.173652439,0.390120523,0.892009442,0.42927582,0.273235601,0.996748597,0.746300999,0.844714021,0.884891319,0.902118435,0.426581225,0.182123696,0.025366824,0.06414364,0.771064158,0.562909428,0.651386144,0.151110922,0.006134255,0.174583241,0.131216154,0.647432656,0.035506605,0.676225894,0.322646478,0.281227337,0.556644761,0.461116278,0.727335762,0.707232823,0.474011574,0.15656739,0.08096374,0.289710001,1
0.335686238,0.944644074,0.106906272,0.281213834,0.840488562,0.515094708,0.365900735,0.188453601,0.33331454,0.814317278,0.210164644,0.019011067,0.908620514,0.065562332,0.261422003,0.001543387,0.306781133,0.535179012,0.64190521,0.75750705,0.323058853,0.372793138,0.928731855,0.677433978,0.41005527,0.621197575,0.075494571,0.018335444,0.806211066,0.9783182,0.725026827,0.771766642,0.323791163,0.339962029,0.189347836,0.300197107,0.229278682,0.89001758,0.15534112,0.19898855,0.012745082,0.788498303,0.15085569,0.275713664,0.005468663,0.354201135,0.598797821,0.301062486,0.665560139,0.032290445,1
0.561714211,0.048475036,0.842148892,0.118328976,0.627363627,0.001900688,0.540872922,0.117810048,0.558430017,0.863937355,0.343653374,0.90869109,0.526681524,0.364881302,0.731492085,0.773277867,0.721121628,0.321656473,0.306087235,0.245837776,0.55693933,0.744846139,0.757329751,0.730564459,0.811622088,0.616915762,0.455555375,0.194350114,0.735808932,0.806360989,0.392578442,0.57964966,0.548032155,0.140450016,0.218758493,0.315244832,0.546125482,0.183941568,0.632092723,0.950701935,0.992045681,0.969135549,0.83898205,0.893079589,0.041078749,0.218573668,0.736544347,0.70516636,0.060062121,0.95246965,1
0.508140803,0.463646411,0.726604139,0.53582203,0.109892111,0.281208398,0.963894933,0.632672969,0.097177558,0.847434421,0.37696352,0.604300998,0.365783376,0.357359729,0.659904259,0.094110542,0.349987727,0.181940449,0.775189709,0.371562258,0.577006939,0.076794634,0.071400169,0.555125846,0.342816574,0.812211078,0.846971852,0.218681336,0.393131804,0.095220158,0.891520711,0.336386723,0.75478039,0.162434119,0.48045731,0.170069935,0.246423502,0.683010441,0.785804588,0.907520341,0.763219383,0.63968781,0.699244639,0.056656253,0.604125801,0.088990526,0.356947794,0.413112718,0.985749842,0.303591346,0
0.881863292,0.228354231,0.698145517,0.320405407,0.589248537,0.054229927,0.658919585,0.790418869,0.309881204,0.521398804,0.802279613,0.076589093,0.747943323,0.649016632,0.708869484,0.860536488,0.139143906,0.303136692,0.862250233,0.724144441,0.774792794,0.669270735,0.831108514,0.970348594,0.456350764,0.050885437,0.332440283,0.84465044,0.555003393,0.007602817,0.209141097,0.994821436,0.454348994,0.803825743,0.750046084,0.937424076,0.651960922,0.276993034,0.48237819,0.821334723,0.354277627,0.479217051,0.752593681,0.958635992,0.406072306,0.805586936,0.056516492,0.386566731,0.053478606,0.764056109,1
0.901814703,0.077000429,0.248694662,0.210411356,0.115218762,0.668271841,0.796643765,0.479292665,0.438128726,0.058635316,0.23726503,0.877533512,0.655488409,0.261891536,0.452099539,0.722618512,0.017595863,0.143534613,0.841765333,0.690878128,0.269045268,0.634145446,0.763883366,0.093788196,0.901604821,0.24966391,0.684179223,0.723964769,0.234247414,0.130192583,0.586403236,0.403906942,0.785289003,0.957732678,0.522837003,0.343091346,0.448171121,0.093268326,0.250729534,0.832178186,0.595995562,0.87830055,0.893067637,0.476104322,0.667372753,0.871252407,0.923586111,0.20538867,0.451193279,0.954581237,1
0.120361863,0.473399053,0.939266214,0.814951606,0.369209284,0.379427024,0.113363898,0.990803655,0.850757213,0.103075991,0.585858083,0.883660242,0.233661911,0.665953739,0.051010704,0.27477172,0.893107632,0.199925221,0.4525386,0.095663104,0.578850697,0.445599956,0.883652744,0.440204593,0.239221883,0.284523953,0.530697356,0.950168641,0.52517911,0.731948586,0.304458897,0.648778338,0.037164586,0.870194141,0.156928058,0.007250367,0.912618182,0.868698585,0.263700758,0.43074047,0.302037366,0.353550311,0.248569578,0.374412492,0.412266338,0.428645185,0.438534269,0.567511715,0.80304058,0.153405093,1
0.635850184,0.85732745,0.79211029,0.229632242,0.114071465,0.320624214,0.972343309,0.840491535,0.710746627,0.834786817,0.892962224,0.325595779,0.350334796,0.44878894,0.779270975,0.177056357,0.497183691,0.648918169,0.772465601,0.05594276,0.675947207,0.072853785,0.383209461,0.908308014,0.815887879,0.774497793,0.412987278,0.779279392,0.974769401,0.267362965,0.303496369,0.717652281,0.972079743,0.803076074,0.188725397,0.798571561,0.344001342,0.471982407,0.174576998,0.794000848,0.416821129,0.363177689,0.206758739,0.451915272,0.843728554,0.941244541,0.68612481,0.731349947,0.451385316,0.18294881,0
0.372390925,0.832262777,0.44882925,0.476697779,0.1705171,0.183485746,0.744787428,0.569240371,0.915011669,0.264750406,0.862780906,0.578171121,0.514193144,0.355623525,0.823448065,0.671223503,0.428658101,0.850446698,0.757143841,0.850910188,0.186759909,0.777874601,0.833499753,0.870572513,0.098953245,0.860191679,0.711333769,0.51217513,0.372276351,0.271379669,0.385411639,0.566733356,0.549034652,0.92164842,0.508242897,0.379325841,0.776491587,0.132461625,0.531192047,0.542458416,0.603092113,0.95825357,0.297986315,0.869017729,0.499417755,0.665327053,0.691153621,0.583562206,0.92399986,0.572061708,1
0.492307496,0.765860756,0.111883365,0.591604545,0.3521584,0.209437631,0.062791808,0.927714327,0.56261763,0.81695369,0.252790994,0.839626076,0.948390182,0.093332257,0.38222489,0.021986308,0.203626002,0.62975746,0.356262713,0.358950333,0.558048714,0.809675749,0.689800008,0.859054587,0.075932754,0.371170908,0.937210669,0.924646037,0.40437554,0.035142293,0.093921841,0.188245635,0.846789404,0.919781291,0.252560175,0.457803117,0.208987391,0.192393004,0.377676526,0.187663661,0.776792716,0.64268152,0.1533492,0.855320951,0.684540518,0.280796342,0.871816058,0.810341549,0.415557396,0.853229094,1
0.871840726,0.795063102,0.200758632,0.806283151,0.653799539,0.069407412,0.337552726,0.903661796,0.44002775,0.529772603,0.163316123,0.009589336,0.05056871,0.811226587,0.609480219,0.484067833,0.423572381,0.916858322,0.699422189,0.124084302,0.031944453,0.919859411,0.75352183,0.351601869,0.999827084,0.769734731,0.654655264,0.691517399,0.103922771,0.17490194,0.629422466,0.625572878,0.068206656,0.305593812,0.474656283,0.941769041,0.541786683,0.118690856,0.180568335,0.507481316,0.612007556,0.047428363,0.670324979,0.297478229,0.156305726,0.203890294,0.990706544,0.771467442,0.219565763,0.078640361,0
0.114753968,0.398519676,0.733629238,0.476684803,0.617842744,0.53708763,0.425937849,0.536376947,0.039471261,0.910106206,0.326010085,0.733882816,0.570812829,0.63741543,0.314576795,0.796285784,0.608243904,0.586571028,0.455526048,0.56710507,0.352653427,0.401373458,0.230531195,0.320017521,0.527914033,0.189081639,0.804762246,0.054186121,0.048010963,0.343918698,0.630053973,0.617014866,0.153714278,0.539447517,0.854604701,0.192072578,0.599119014,0.348219484,0.31868291,0.446652976,0.835529503,0.259353974,0.877995804,0.92040285,0.547339601,0.069986478,0.913689096,0.402245947,0.900051696,0.942772759,0
0.813791078,0.870454212,0.939180846,0.51685763,0.792827641,0.21840338,0.611532629,0.638972924,0.46681229,0.742175439,0.042171067,0.477703637,0.831381821,0.611906243,0.102313072,0.117304143,0.483297872,0.945314103,0.740972262,0.568850388,0.323257082,0.723271144,0.986858158,0.455836182,0.671811456,0.013647156,0.302807928,0.097298475,0.683567878,0.87211441,0.491510002,0.238178019,0.656611447,0.860105015,0.378044329,0.619552939,0.527327579,0.63402149,0.992792957,0.410317985,0.246846378,0.181380215,0.677258567,0.692432719,0.655230522,0.038957967,0.41646173,0.889741279,0.243220828,0.301847289,1
0.030606348,0.635304301,0.098416934,0.514579581,0.618858671,0.21499669,0.157023413,0.965566915,0.295391682,0.431498238,0.473359812,0.796418692,0.994512009,0.144728048,0.267668364,0.615351656,0.542616352,0.891133155,0.558911087,0.496042722,0.069660117,0.883928676,0.106425989,0.084551237,0.309209883,0.317209285,0.881157624,0.283902829,0.487637946,0.097808928,0.944875778,0.831366475,0.134248754,0.593473907,0.355463077,0.540556342,0.945484799,0.128831346,0.514528402,0.846045666,0.711616024,0.110775256,0.286969912,0.806519555,0.687162102,0.519815714,0.799774737,0.425380101,0.63316514,0.05766171,0
0.563875342,0.068632848,0.251191286,0.940567318,0.973506929,0.413956837,0.694451697,0.361287771,0.242834166,0.315056419,0.817211433,0.295469253,0.113138236,0.237628617,0.240534183,0.344943389,0.162048205,0.987405827,0.196319842,0.61406984,0.728928875,0.252921509,0.710604367,0.498718308,0.85592554,0.42693187,0.68173611,0.257692422,0.958891998,0.979421774,0.075082523,0.339722875,0.119565892,0.35974054,0.342841866,0.479862634,0.406046986,0.686826891,0.831968959,0.394500803,0.364291602,0.20692679,0.265838921,0.605504992,0.869718824,0.032020013,0.522045154,0.542189686,0.299127391,0.534759821,0
0.719154372,0.206804278,0.95032862,0.816526941,0.857844323,0.036488491,0.235163688,0.14497901,0.379936755,0.260990266,0.102590246,0.876957186,0.692894794,0.484494791,0.27588024,0.256562884,0.221416783,0.548547675,0.897036259,0.134706305,0.421263543,0.935765807,0.0664438,0.278922441,0.230810166,0.726183241,0.732758977,0.262953313,0.458670772,0.776417102,0.288065502,0.154714683,0.391208308,0.29522204,0.18471268,0.018252494,0.886921635,0.231265926,0.008966666,0.751028321,0.287299148,0.09092248,0.172317394,0.457723293,0.647002383,0.046451652,0.989084957,0.219276479,0.98568515,0.914678877,0
0.680686457,0.082868622,0.442538657,0.821953545,0.181612744,0.241705826,0.000680032,0.923945516,0.391470446,0.991123933,0.28914184,0.778702122,0.824678024,0.802506141,0.610140623,0.641127396,0.223240608,0.834632428,0.159542888,0.237225575,0.450517239,0.820749514,0.649144027,0.70462701,0.439508398,0.981603741,0.870697668,0.269490824,0.85688946,0.643887534,0.643870688,0.466495328,0.034665468,0.797487498,0.624728463,0.259736089,0.763481806,0.637798943,0.116295004,0.489569999,0.085762685,0.180167208,0.459153612,0.803104322,0.903675255,0.354352629,0.685097095,0.180731714,0.599150089,0.917046369,0
0.450663904,0.129888344,0.365924749,0.185368528,0.729779693,0.239870226,0.816735682,0.610789255,0.880199684,0.502328029,0.539158354,0.7814926,0.99689414,0.998643187,0.298036712,0.652241254,0.140187814,0.422112347,0.089211667,0.651709581,0.029585633,0.551889092,0.98484155,0.945137079,0.664985868,0.154818378,0.826213957,0.941774198,0.741405126,0.020746633,0.521012091,0.47052739,0.910627357,0.077018245,0.960287381,0.7073505,0.869397611,0.163874533,0.260864973,0.469523658,0.187134595,0.266259227,0.712592455,0.369171411,0.767380523,0.947818017,0.880548632,0.063195493,0.2817447,0.882744068,1
0.457284773,0.842779967,0.507923549,0.075532763,0.369038342,0.307464358,0.747521342,0.640632635,0.189444639,0.776052462,0.146715113,0.738116913,0.20935781,0.904469484,0.724998172,0.038835377,0.397406702,0.092734486,0.568931467,0.808772335,0.148261959,0.754552113,0.373483442,0.507485867,0.879976302,0.019161935,0.809581666,0.337723421,0.633022315,0.858386469,0.77529287,0.958195955,0.666854201,0.661002933,0.714787725,0.72204399,0.065879315,0.518879309,0.302789466,0.035737962,0.208323169,0.74434642,0.008776583,0.722456674,0.287066494,0.413667361,0.580390194,0.780753678,0.2468086,0.117072355,0
0.5196071,0.723971637,0.709043917,0.391439552,0.927105182,0.965279362,0.844139027,0.875730866,0.355999598,0.317173923,0.030417901,0.992056312,0.718261621,0.443232219,0.596969191,0.722167313,0.230648119,0.972523081,0.294847423,0.647232732,0.498165938,0.731066563,0.756616904,0.481607765,0.821614807,0.556443197,0.040778434,0.142178928,0.55190696,0.410313798,0.274445638,0.769316036,0.094069931,0.885719762,0.483888437,0.105738682,0.449766615,0.674552188,0.660170645,0.226591823,0.521531675,0.018674298,0.824323773,0.798771172,0.366875369,0.060173905,0.143680391,0.940988333,0.350817717,0.62686389,0
0.775087361,0.51393236,0.653690673,0.880061587,0.682530356,0.9282813,0.869450846,0.86139413,0.918495344,0.1150168,0.67493763,0.100422473,0.395020979,0.715289242,0.915413041,0.023882565,0.71367365,0.929915278,0.987850468,0.103673619,0.00136563,0.863866125,0.93850125,0.706201859,0.616755418,0.521916964,0.421297309,0.969485806,0.915827495,0.333418012,0.63723946,0.647926509,0.353181315,0.74881238,0.730470658,0.550987887,0.561487035,0.683128443,0.240702597,0.263234845,0.772162653,0.935877588,0.799563072,0.012368873,0.411883509,0.829333503,0.282069667,0.424872288,0.893902568,0.730555719,0
0.640358185,0.694900893,0.492867969,0.602890513,0.229672279,0.605422278,0.504918836,0.098172211,0.042532745,0.717447826,0.300053086,0.645342202,0.511506232,0.300440599,0.708408636,0.704472865,0.035531692,0.625084742,0.5667522,0.475174132,0.227886808,0.321971691,0.608323826,0.287461212,0.108077285,0.92061574,0.96519612,0.205848301,0.76787611,0.528096184,0.524398841,0.593378261,0.685127171,0.784377672,0.632039063,0.934939473,0.519378022,0.934480569,0.326457339,0.764131041,0.173694749,0.188808199,0.960793549,0.371898948,0.049373074,0.495958402,0.999042323,0.521836825,0.330509116,0.62543676,1
0.471054727,0.02490222,0.610119389,0.500726549,0.299278767,0.993269665,0.527201474,0.111253621,0.871783273,0.216722979,0.189159493,0.206635674,0.416339398,0.195317166,0.610881441,0.530738884,0.011291105,0.142140102,0.385373716,0.638252125,0.006109715,0.417436586,0.677623523,0.470587542,0.583498443,0.351033074,0.875791931,0.08225264,0.315924233,0.770529768,0.574888586,0.080497315,0.958554639,0.420050704,0.596024022,0.027640677,0.560393217,0.94701401,0.567227835,0.025131071,0.610538916,0.962825356,0.317599933,0.231084672,0.243947477,0.051669984,0.215217589,0.131475068,0.261920693,0.45897685,0
0.245847778,0.998860935,0.855147516,0.645249344,0.646130117,0.731863874,0.472443517,0.478869884,0.5479505,0.864560483,0.584497226,0.942018806,0.487735043,0.584295915,0.790058526,0.665366778,0.202140139,0.509364019,0.524138851,0.284619863,0.642285314,0.521377828,0.285182506,0.892545231,0.791004018,0.397473684,0.966114636,0.017236821,0.680504524,0.539298904,0.344258183,0.551032171,0.863669154,0.659064477,0.242244412,0.974656387,0.48031104,0.679985325,0.796179904,0.565777265,0.81779004,0.794631792,0.211957935,0.392938106,0.829941337,0.830463258,0.195771217,0.618742602,0.126967375,0.250433228,1
0.784310157,0.839795298,0.63440794,0.95243215,0.020587731,0.628550497,0.989302713,0.224018967,0.699373243,0.7072506,0.600135634,0.221708285,0.022321679,0.512365196,0.982478019,0.975006098,0.99889323,0.9040109,0.696911331,0.943715981,0.196716466,0.74210487,0.590500457,0.902494729,0.230860447,0.555543242,0.944776387,0.127184947,0.615105785,0.191290422,0.709919658,0.698612975,0.568559035,0.804086951,0.739084754,0.296004103,0.748344348,0.340798577,0.744122067,0.717048466,0.817091856,0.515961371,0.066309077,0.021908396,0.252609644,0.92615775,0.434352772,0.789424816,0.917160215,0.071355163,0
0.971658315,0.04712409,0.665255039,0.994846273,0.512943187,0.535791056,0.256664777,0.218913456,0.888615863,0.229178258,0.986044483,0.192489437,0.159127486,0.423433695,0.183968885,0.563937173,0.051277534,0.117246458,0.5526801,0.163154622,0.409305899,0.100331609,0.266204031,0.316041228,0.788559256,0.4312828,0.910814786,0.109760575,0.845901896,0.52005388,0.424823153,0.886109685,0.174930297,0.470896597,0.369786314,0.676087563,0.152666863,0.561841833,0.805866523,0.109936017,0.290468646,0.259114152,0.631481054,0.394241424,0.616917093,0.540635286,0.384544474,0.405316116,0.761920593,0.776171219,1
0.054934949,0.582633323,0.291187695,0.512372828,0.764961937,0.563717613,0.805713053,0.647349577,0.657062908,0.037355363,0.041798528,0.729248685,0.761389261,0.702150504,0.223969741,0.12452388,0.310594956,0.400748675,0.646361091,0.23731494,0.14724653,0.305556466,0.871832327,0.039246998,0.096253144,0.589710437,0.164812506,0.330412364,0.075812874,0.510615625,0.104837783,0.188263152,0.074591417,0.163164192,0.16391656,0.921536893,0.731244897,0.310702825,0.092820251,0.601317805,0.970937261,0.789468943,0.476254616,0.740349721,0.42080321,0.084836149,0.140595217,0.810687584,0.551921596,0.446243853,1
0.024427827,0.239946896,0.414127359,0.491278686,0.345670575,0.497953003,0.404032678,0.899915931,0.054011099,0.762663569,0.398551941,0.248967752,0.643281606,0.216955133,0.498167511,0.992772904,0.71655035,0.733415822,0.602161342,0.104348929,0.674920544,0.446998402,0.972111011,0.808516557,0.614783492,0.611929197,0.223776192,0.537649421,0.758522427,0.917824587,0.858997792,0.309640642,0.654924963,0.214870933,0.465201496,0.397673304,0.107499069,0.553632317,0.653819936,0.984393343,0.321746199,0.887329594,0.326966226,0.145612285,0.623205517,0.88002619,0.679506339,0.852220421,0.405001092,0.002525292,1
0.291238092,0.860354218,0.101940355,0.804384538,0.521386081,0.475702471,0.957784225,0.33213937,0.572279914,0.194226613,0.839702001,0.700022437,0.64538715,0.495016107,0.18296544,0.470751657,0.437372502,0.74690694,0.038595049,0.446671849,0.159926075,0.592032289,0.413838537,0.561908365,0.4436289,0.887582537,0.117744954,0.559018695,0.012224868,0.63968898,0.216358839,0.584428065,0.263635518,0.825480674,0.775070038,0.489582051,0.335114806,0.860579862,0.274543747,0.802645704,0.52262126,0.665787422,0.786362124,0.917722944,0.828184618,0.382158731,0.241664853,0.755531845,0.020991807,0.822293884,0
0.857268787,0.464380768,0.114850505,0.105947193,0.476720814,0.065113538,0.659375974,0.698594482,0.0160199,0.722936935,0.238367135,0.613614539,0.16010875,0.318538493,0.472919986,0.031851873,0.581939388,0.075559265,0.317807674,0.095074147,0.706690793,0.982843067,0.902130219,0.238835833,0.114762411,0.333902813,0.826124984,0.797965275,0.177330272,0.871792134,0.652669098,0.14502632,0.297909309,0.290226697,0.125844062,0.470019652,0.577344469,0.093099522,0.104071514,0.248654071,0.423271917,0.554525059,0.007367158,0.621280879,0.389556487,0.354669762,0.162910168,0.620014655,0.070419948,0.512697793,1
0.856191848,0.484401743,0.694620025,0.70780505,0.556853625,0.822390589,0.136794333,0.05358407,0.8404082,0.616930852,0.388741751,0.110371304,0.385629467,0.039954381,0.963049165,0.932122738,0.541118557,0.822358675,0.252152981,0.783248946,0.543446136,0.462286043,0.229938824,0.841918967,0.91879244,0.641684361,0.707003244,0.677185344,0.522545865,0.428698684,0.814822575,0.274169629,0.41775743,0.409535323,0.338459466,0.090788678,0.867831887,0.622137327,0.748410116,0.514419018,0.709970724,0.965822566,0.370299403,0.000208475,0.945153972,0.537198645,0.079381045,0.807094666,0.066499354,0.702694933,0
0.016377082,0.577259327,0.330561097,0.608874713,0.008825716,0.25241553,0.237251471,0.205858774,0.928624287,0.687138245,0.773767121,0.085038492,0.584958472,0.955078031,0.476832169,0.582090601,0.51858302,0.427298959,0.122121339,0.485402295,0.766076509,0.487914266,0.469830347,0.29018982,0.775421051,0.986611219,0.89649125,0.917590682,0.315102711,0.716642815,0.429111711,0.94648889,0.099431022,0.145255446,0.98603661,0.716223377,0.035891388,0.646595982,0.444643547,0.86683086,0.082420706,0.278727711,0.267698379,0.212792783,0.398129234,0.274837074,0.520493412,0.434103477,0.499773804,0.055056584,0
0.402205421,0.574559346,0.297257858,0.254317799,0.037718238,0.679956541,0.626719476,0.384420763,0.766069069,0.369745859,0.256114992,0.315121531,0.443794486,0.616347729,0.865206002,0.840039614,0.203369593,0.091199363,0.550238204,0.869875002,0.388598754,0.974219162,0.708785915,0.17960156,0.233606665,0.506756263,0.709914435,0.756952472,0.078276868,0.664961658,0.19482168,0.459534207,0.66376469,0.024910171,0.239582411,0.997095844,0.616961386,0.271529293,0.756330859,0.058900912,0.597689959,0.605694624,0.305213256,0.043940979,0.668399844,0.925675826,0.588036429,0.007531157,0.577270342,0.259582542,1
0.999227971,0.507509786,0.59590876,0.731294689,0.310261502,0.750035817,0.048878577,0.296087024,0.993747456,0.56914254,0.899478978,0.796387601,0.315963609,0.112667948,0.762857002,0.820550846,0.492659401,0.737930751,0.842404213,0.460771177,0.346528527,0.337317933,0.384488807,0.531367943,0.330023121,0.964491196,0.552979043,0.35744781,0.803160027,0.170567531,0.592968035,0.905239755,0.689862127,0.74817659,0.585565352,0.107539287,0.869103614,0.112724202,0.754735061,0.68743817,0.421548324,0.080757109,0.448767707,0.07381434,0.87208188,0.073709486,0.170826125,0.474921262,0.78862805,0.974098969,1
0.403454885,0.683773703,0.698597299,0.772762028,0.590813168,0.623424501,0.139099452,0.311998927,0.655664226,0.36093464,0.915983775,0.570278369,0.541967008,0.023882801,0.850956001,0.061433078,0.557236394,0.156646705,0.506604507,0.075654398,0.200541501,0.140467998,0.86277334,0.675873274,0.882059462,0.876561858,0.221179919,0.1616396,0.358167984,0.816695399,0.572573966,0.005715276,0.842150569,0.833846005,0.241718282,0.072021911,0.487550506,0.955716121,0.359981403,0.052398141,0.304843002,0.490856112,0.645454965,0.48634342,0.530217062,0.876714218,0.310458369,0.773948854,0.226096314,0.669152744,1
0.338436238,0.82047569,0.951278556,0.444666978,0.864060521,0.293630072,0.516980971,0.009033573,0.257048128,0.044354699,0.950493361,0.134516909,0.259556177,0.710397787,0.533158791,0.33413574,0.693957713,0.314912061,0.739252951,0.204337428,0.358137461,0.179297966,0.116566907,0.601895091,0.883210255,0.334964247,0.910298876,0.337153636,0.881145734,0.901420818,0.835830338,0.773183454,0.618863443,0.712068122,0.25014751,0.261207509,0.124727453,0.474635315,0.859904375,0.808857434,0.145362105,0.876989929,0.393588515,0.306352547,0.053389606,0.568649876,0.060400859,0.270274059,0.245556286,0.188713822,0
0.254724502,0.929405806,0.531525255,0.329712349,0.511592244,0.910463932,0.998949173,0.013038112,0.665619474,0.228103464,0.338849468,0.012588761,0.824199996,0.737700425,0.048210523,0.135472421,0.485708702,0.190747203,0.603558719,0.621716837,0.937840365,0.263525548,0.934307107,0.571231841,0.350689994,0.288156283,0.660201087,0.92487797,0.137394336,0.808666472,0.202380697,0.958218868,0.534823199,0.404256177,0.152665453,0.92014686,0.561611296,0.938028244,0.956936684,0.312627413,0.433929611,0.615288321,0.046088034,0.718429517,0.742947801,0.20079575,0.10319883,0.289952587,0.674025888,0.506844023,1
0.35400403,0.766406741,0.99703366,0.18953744,0.531492637,0.347498749,0.84600607,0.93768096,0.296651867,0.242962344,0.33615448,0.237922445,0.309852798,0.809487892,0.900135696,0.700947938,0.882514123,0.30530991,0.067413644,0.118489457,0.808908725,0.544067996,0.25552619,0.99569918,0.018117578,0.211301363,0.844522819,0.316216531,0.702847614,0.960263912,0.120150157,0.564035649,0.599136422,0.857417058,0.287383266,0.172609633,0.27247997,0.371185893,0.740761301,0.784034096,0.151023227,0.333521251,0.543054912,0.091612765,0.51880318,0.203813081,0.732500457,0.364502067,0.007507793,0.401680663,1
0.688955665,0.503304513,0.029487684,0.975815298,0.216536461,0.754733866,0.301546347,0.755966634,0.296290638,0.792827659,0.412193587,0.266635445,0.491337017,0.37999576,0.290855198,0.838030219,0.400712916,0.080502549,0.770107789,0.732943749,0.876426309,0.02516496,0.800455872,0.431543275,0.597524449,0.58179201,0.470643097,0.178019386,0.321133394,0.173991753,0.984640073,0.376220262,0.611121126,0.949077141,0.713203723,0.596249751,0.836979042,0.484971935,0.900183455,0.528358697,0.859208085,0.150807739,0.14007905,0.488042056,0.775129974,0.512184981,0.406381097,0.616418471,0.165622376,0.907770707,1
0.408216435,0.086502753,0.222900764,0.510309974,0.251174542,0.919332394,0.667934277,0.227399742,0.025603698,0.232256538,0.916594238,0.554395073,0.331983789,0.074142927,0.816015472,0.223004825,0.152565938,0.983336473,0.585746721,0.521153264,0.414193872,0.664767628,0.06610077,0.524436576,0.528176243,0.829617094,0.794216964,0.885496022,0.752694287,0.217658743,0.292774508,0.615206355,0.206529972,0.809412316,0.126130446,0.785817376,0.370304848,0.946017893,0.082907164,0.822481074,0.413430801,0.058370973,0.194825517,0.997109418,0.268715829,0.09923173,0.984660437,0.667485757,0.165163553,0.275264905,1
0.927116736,0.73947502,0.902757798,0.979493831,0.13687667,0.219698661,0.468979088,0.056123251,0.051346652,0.083804117,0.439198991,0.449204788,0.167876343,0.547991047,0.929638081,0.243252656,0.991941953,0.050834576,0.629256085,0.070766434,0.434811349,0.9150211,0.307669547,0.208042164,0.97131797,0.342860645,0.873469002,0.115748663,0.805094559,0.435153202,0.053562754,0.089168229,0.254350789,0.734269956,0.907015751,0.927636609,0.584648405,0.63673045,0.950761802,0.576871992,0.985876352,0.263730569,0.030103167,0.49027665,0.608943669,0.836983868,0.873188124,0.212525528,0.649523727,0.908304348,1
0.710229689,0.506694195,0.254409684,0.024465522,0.593034639,0.478979459,0.91712016,0.911044276,0.089716993,0.628275181,0.972310691,0.000420705,0.008073626,0.31633816,0.089706181,0.744240485,0.917984246,0.132483039,0.65305003,0.953352595,0.159139673,0.046844827,0.431571383,0.511214408,0.260595419,0.608483083,0.354300561,0.912451489,0.285389598,0.57744904,0.361913654,0.479044048,0.268385035,0.498676386,0.660616847,0.507808506,0.62046462,0.094240787,0.844422156,0.889649461,0.987098306,0.578178327,0.300995425,0.807766607,0.494078538,0.924337409,0.232505983,0.96507074,0.216617967,0.697389759,0
0.659380171,0.389941773,0.604133665,0.203549317,0.063073876,0.001701892,0.017955751,0.871845348,0.054771616,0.294559848,0.430482402,0.912419183,0.556665867,0.078870184,0.504706765,0.319652999,0.365539892,0.522441807,0.163926709,0.114597804,0.513931861,0.85217341,0.548727786,0.616412858,0.543572921,0.651683849,0.051585563,0.576065277,0.108057026,0.90825764,0.566867475,0.554027438,0.691401461,0.349743023,0.710144403,0.314263457,0.304007184,0.873522786,0.327603864,0.632717499,0.487299993,0.143660601,0.239105864,0.120244671,0.962103642,0.326647492,0.276815016,0.082171881,0.024511746,0.809024142,0
0.159222814,0.783632674,0.946885076,0.106785454,0.766188472,0.199794878,0.877560067,0.344653633,0.250183354,0.737261912,0.01929185,0.49064272,0.628211737,0.525855499,0.413395187,0.294928735,0.431587703,0.713846834,0.115778222,0.415221448,0.197421276,0.735262303,0.724035907,0.388986551,0.050974238,0.647383544,0.188439971,0.271756091,0.304543135,0.540651199,0.765436277,0.719417939,0.950444644,0.192008116,0.279359646,0.73571768,0.824153296,0.293727198,0.585271863,0.223328074,0.264203827,0.774035674,0.044118665,0.606283152,0.966627063,0.492019427,0.929576778,0.988000633,0.522659551,0.031232835,0
0.384671511,0.037191011,0.960386727,0.989362336,0.425536642,0.58441685,0.033171175,0.843563122,0.153622961,0.288645943,0.222832734,0.954009638,0.084416367,0.396330094,0.414995397,0.031926878,0.38992318,0.285308738,0.930984231,0.225953321,0.395545211,0.284806903,0.98151989,0.989483221,0.894974537,0.106601477,0.176462184,0.353939763,0.228964984,0.419714575,0.60105242,0.518297356,0.321831035,0.11449633,0.726545048,0.171146113,0.718913877,0.24992536,0.43972366,0.173094296,0.481608174,0.31449122,0.317243388,0.711562385,0.430941185,0.761348741,0.092414106,0.440543952,0.638277971,0.200776333,0
0.389173763,0.005856532,0.412790061,0.907360757,0.592506756,0.980987304,0.005306654,0.104683571,0.803603194,0.173917998,0.22403445,0.733163151,0.481280183,0.793401178,0.643192133,0.694846311,0.496829299,0.960123508,0.720893452,0.107137759,0.588235131,0.291731102,0.742471236,0.851506029,0.35438602,0.947879331,0.233783845,0.320674112,0.595431011,0.652524403,0.139668598,0.646999914,0.723477123,0.839072288,0.597529314,0.338838288,0.024828974,0.953558594,0.770367303,0.098536146,0.565168734,0.80975976,0.42071072,0.340762465,0.227969113,0.21176713,0.170775928,0.827253077,0.324134666,0.109751679,0
0.031871407,0.218205497,0.199774077,0.987174436,0.723873905,0.397616194,0.482401675,0.144923133,0.218048612,0.853208584,0.587396877,0.817928166,0.689507007,0.171612049,0.296972494,0.405386826,0.649479226,0.707248853,0.95319493,0.171170628,0.959092151,0.185791019,0.120031597,0.881527484,0.101618741,0.209996975,0.94973927,0.265391051,0.485028078,0.040869948,0.066373029,0.929749369,0.291306543,0.040368832,0.641311484,0.064717188,0.595298295,0.333629894,0.268127203,0.935735721,0.313478681,0.927751338,0.952547691,0.885648711,0.945404988,0.803566137,0.249264275,0.466038445,0.173757654,0.625345938,1
0.141679069,0.080467993,0.063260905,0.721146621,0.797503818,0.386664223,0.621278851,0.08255152,0.627982662,0.977942669,0.711445441,0.478475468,0.554303089,0.957570708,0.606483924,0.070883524,0.783132025,0.201238743,0.559147047,0.408642661,0.297896229,0.952486381,0.409023936,0.946582996,0.993053183,0.085281618,0.368662689,0.431762938,0.237668976,0.802494033,0.650885343,0.753487197,0.778512101,0.793974104,0.817854771,0.53510178,0.772886,0.946124085,0.712918982,0.61612595,0.34885421,0.0027642,0.310511542,0.677555507,0.774477289,0.580506475,0.166158244,0.059137357,0.151943618,0.043957179,1
0.36096081,0.302720945,0.430563314,0.858635664,0.852632886,0.837551738,0.37285215,0.936561829,0.287833114,0.478602519,0.507230976,0.728352514,0.050248414,0.655908733,0.283362301,0.399971148,0.928324191,0.137870238,0.698302307,0.397938919,0.552618912,0.09853754,0.143948095,0.838387567,0.867045204,0.871045547,0.744785962,0.986451611,0.456727566,0.875562997,0.209251152,0.255500088,0.742998341,0.921306018,0.344778083,0.104139867,0.800550592,0.164068282,0.12952429,0.947462429,0.80349231,0.318527879,0.269392357,0.890345602,0.186149218,0.02633912,0.290898068,0.134396107,0.549066317,0.478944935,1
0.062558104,0.981294015,0.874594132,0.273513392,0.594281181,0.89125489,0.190901756,0.60815185,0.504761534,0.892682257,0.579711001,0.9423162,0.475947452,0.307987759,0.140325619,0.791234434,0.36752789,0.278017007,0.108622543,0.136124918,0.126095942,0.552795342,0.450870917,0.972470726,0.362184697,0.763105273,0.909203121,0.739177356,0.852226722,0.686176473,0.395081648,0.302034517,0.136808698,0.908896921,0.969504619,0.198381852,0.381303498,0.393430324,0.972860078,0.359072683,0.68897625,0.220113457,0.805147896,0.97339241,0.925733907,0.882253883,0.878097571,0.617380014,0.766356907,0.77354403,1
0.283483503,0.0372991,0.35265954,0.174584225,0.212769163,0.616778695,0.784082708,0.361299684,0.782918486,0.315668276,0.770533696,0.219306518,0.348667597,0.425613105,0.343656666,0.363023476,0.563677291,0.169190412,0.162475695,0.638444358,0.723211113,0.605762759,0.947294057,0.174376503,0.312469779,0.993220594,0.50632967,0.533004484,0.329400177,0.21794767,0.103944224,0.674039967,0.219049264,0.202965609,0.212844162,0.540022227,0.349545506,0.763964737,0.67464065,0.463835547,0.815716743,0.669940083,0.036783894,0.729040062,0.868150005,0.687670481,0.872677868,0.880414208,0.742518232,0.359401449,0
0.248104176,0.9544751,0.870331944,0.186205459,0.95480643,0.582941325,0.796080887,0.305964747,0.856569999,0.66726589,0.712194772,0.184140338,0.714272995,0.882716417,0.213791971,0.494802571,0.711065559,0.307500673,0.049848089,0.450266219,0.74719881,0.984531469,0.620730434,0.04392579,0.477799626,0.50679469,0.395338263,0.20379508,0.716929645,0.390714893,0.767378001,0.154737871,0.194460366,0.941529657,0.16192469,0.842868888,0.08408473,0.133491113,0.23978307,0.833514872,0.853118281,0.870190943,0.903023952,0.207029213,0.315856768,0.833364863,0.617571475,0.831431341,0.359091918,0.564129533,0
0.029977578,0.896214378,0.083997201,0.671457222,0.684771951,0.527216015,0.857396196,0.732066218,0.668240607,0.434473274,0.826698152,0.702898805,0.464566681,0.160974044,0.822066993,0.853699124,0.526767859,0.426321682,0.455390893,0.479698284,0.483134735,0.104127334,0.814798366,0.347131978,0.847935874,0.536257876,0.992106083,0.948357038,0.401787418,0.271326664,0.411196955,0.420499597,0.315646862,0.569203556,0.35962209,0.349099437,0.477237619,0.968468662,0.944770111,0.045415918,0.86413006,0.236279945,0.244521558,0.313109497,0.693683392,0.370083072,0.95615756,0.303395683,0.59201843,0.32157499,1
0.376988531,0.956159211,0.234126169,0.094287836,0.476261857,0.389363025,0.604045528,0.097041018,0.802738132,0.484637095,0.382765008,0.867470405,0.571246783,0.579531998,0.233933242,0.914368075,0.586250595,0.477915088,0.420192446,0.359564898,0.323230934,0.18002656,0.775012228,0.960808814,0.239596478,0.343017995,0.118002779,0.923662681,0.764404618,0.752165672,0.092230563,0.124588218,0.110398205,0.320334401,0.075013925,0.008700398,0.224469451,0.249965436,0.945461914,0.679405622,0.672485166,0.529637033,0.285054449,0.584928995,0.333722072,0.966892992,0.406412773,0.911520694,0.805227244,0.796667634,0
0.036241864,0.899583541,0.164723695,0.226215066,0.754735923,0.648273289,0.407053273,0.66758621,0.06243212,0.147534019,0.831394093,0.774470122,0.542019033,0.629581069,0.906017062,0.057623029,0.207481861,0.173923481,0.009034672,0.133596484,0.176390056,0.176270158,0.386936992,0.331016281,0.977380391,0.884400341,0.377252651,0.242170726,0.996673373,0.811693375,0.524920817,0.282717669,0.306363501,0.446262659,0.449493126,0.224720505,0.676742326,0.277963556,0.537631459,0.566824601,0.41923692,0.757367068,0.977152803,0.824729804,0.128097942,0.347042939,0.684227271,0.093918604,0.462285098,0.320423287,0
0.925804504,0.728876034,0.286970632,0.594476548,0.952325311,0.304999249,0.76956524,0.855677428,0.726604925,0.391149019,0.194699993,0.553805489,0.450946216,0.002753058,0.143789452,0.844390468,0.238322333,0.564175226,0.277138866,0.942257883,0.019827407,0.849927448,0.069950437,0.003140119,0.967294661,0.536768165,0.45555321,0.626840413,0.778336651,0.915820678,0.244632543,0.272678499,0.008042479,0.008237458,0.439866733,0.28846757,0.064038683,0.427704967,0.566221685,0.81401368,0.105433343,0.873189257,0.1581811,0.211308153,0.302281571,0.86942159,0.067628729,0.35655481,0.730425041,0.229918023,0
0.619609817,0.069827714,0.130682084,0.920015612,0.329541945,0.490846322,0.812760729,0.961874207,0.736308617,0.125004534,0.810514761,0.52981355,0.40648211,0.390768476,0.074805092,0.119219848,0.30317846,0.546246825,0.732753087,0.524267844,0.65655168,0.776188345,0.275201924,0.868367916,0.124668665,0.601954989,0.871641242,0.893003253,0.981778576,0.686944282,0.108017036,0.740606225,0.593637142,0.447224816,0.009856891,0.440626955,0.120122211,0.840762268,0.414647788,0.467088645,0.808870016,0.450298019,0.157637133,0.03199706,0.421415826,0.794284583,0.542843621,0.357847483,0.344448625,0.853764747,0
0.259915904,0.269419718,0.171692563,0.168861277,0.143745186,0.704453904,0.177377116,0.989527485,0.884985473,0.117825384,0.622886886,0.704962696,0.64289513,0.045230971,0.11407059,0.271957356,0.034642894,0.734094852,0.324352197,0.242118782,0.117713441,0.781627196,0.058235689,0.754361418,0.952069554,0.78291228,0.105335594,0.37196551,0.040227381,0.288746222,0.657320329,0.3644361,0.631185229,0.505975967,0.438938335,0.875030198,0.340353994,0.242136654,0.219359031,0.535140601,0.984224185,0.308975752,0.725548774,0.289063506,0.640157763,0.441820121,0.650838695,0.202074007,0.794582557,0.001359793,0
0.800529105,0.89613016,0.132509944,0.388632105,0.00379422,0.851405083,0.520697456,0.627391195,0.056824795,0.756309051,0.204938959,0.32176055,0.54883466,0.855351182,0.595567371,0.682135489,0.700654191,0.044216756,0.639167813,0.0207615,0.361457547,0.523502058,0.828809908,0.170082939,0.294045885,0.848053819,0.231464727,0.718409747,0.630661622,0.196825453,0.37903657,0.366618535,0.329584323,0.164926008,0.853630638,0.268413222,0.203951579,0.955919613,0.356015634,0.899037929,0.418554269,0.680040087,0.293935558,0.215897347,0.340563671,0.54602254,0.685533871,0.206025859,0.482864729,0.726653111,1
0.542982152,0.823679945,0.007414138,0.345364936,0.781075868,0.253293786,0.575520187,0.500431954,0.130152227,0.502230854,0.401633702,0.081906593,0.331158672,0.03644328,0.820219527,0.721457505,0.499297227,0.154220737,0.825877267,0.341005346,0.735006638,0.913733369,0.356963008,0.734131209,0.970853351,0.52517075,0.889438374,0.67342399,0.870141001,0.970043723,0.980091819,0.181227623,0.406188335,0.201642123,0.097919534,0.463680337,0.499540209,0.897282834,0.12725603,0.106467049,0.663900289,0.82381466,0.118140243,0.463848412,0.514969875,0.178004495,0.140673882,0.803062054,0.59190466,0.231712011,1
0.839628387,0.728065087,0.974189667,0.83617909,0.656405002,0.458084219,0.599465549,0.420140347,0.77462765,0.486720342,0.806135484,0.09706114,0.548644632,0.107321933,0.115105322,0.831456811,0.708983482,0.571419277,0.20701182,0.781279469,0.775261926,0.401439563,0.649052786,0.00568682,0.982544271,0.597719292,0.953181115,0.463044451,0.019616815,0.920975684,0.748444151,0.46280396,0.157145252,0.008171792,0.93198233,0.235834077,0.475276508,0.733244636,0.748240924,0.657126862,0.483470012,0.552977568,0.388258954,0.648643474,0.864622463,0.535195515,0.355491019,0.784530205,0.28436729,0.163847004,1
0.776395708,0.501170787,0.420900884,0.826704537,0.223211823,0.802342343,0.424919716,0.394901407,0.652854567,0.391563853,0.603511765,0.676418093,0.364876471,0.857929402,0.861972429,0.65557865,0.933019177,0.166552696,0.049715929,0.768762382,0.765468169,0.969424937,0.863364825,0.157071724,0.282855795,0.736491442,0.821512789,0.908551244,0.332644693,0.171537852,0.033024418,0.838059556,0.047296056,0.423063926,0.047517891,0.76308161,0.270867884,0.714127075,0.930671242,0.624051233,0.298321238,0.724940541,0.067039095,0.582821471,0.751362531,0.596741494,0.221326814,0.366722059,0.32473986,0.912542319,1
0.672229033,0.482625383,0.765307499,0.952545087,0.952821503,0.939617567,0.64209957,0.453271468,0.814546428,0.772473255,0.656361295,0.714922537,0.35936748,0.304387966,0.034403384,0.815720918,0.280708621,0.273735307,0.681719348,0.937051754,0.491404743,0.985745564,0.40175227,0.001883212,0.438786393,0.780161419,0.071471144,0.446305631,0.623482322,0.761893884,0.865803277,0.162211355,0.537873707,0.239169633,0.652030011,0.577983184,0.664879791,0.44809858,0.991753937,0.401242871,0.086233609,0.26555593,0.035035174,0.716359805,0.941157947,0.359406566,0.016262699,0.117876147,0.971763877,0.297301061,1
0.029177804,0.70246928,0.994782678,0.557650988,0.173473348,0.290860862,0.25613938,0.435263912,0.597151523,0.601137325,0.312439083,0.669819364,0.17315025,0.962245716,0.7873723,0.684124823,0.987050705,0.653078539,0.386027368,0.960954659,0.402656286,0.85615817,0.001376338,0.928257274,0.266355461,0.09904191,0.446447252,0.077259477,0.514465918,0.618547978,0.377276076,0.713714779,0.706704253,0.319983668,0.101498809,0.750135926,0.81259596,0.647573036,0.855281574,0.517546938,0.496059583,0.694134751,0.339674544,0.974620985,0.265317158,0.114090214,0.812682652,0.489121745,0.737917792,0.434406787,1
0.713179025,0.420377227,0.852344361,0.406164278,0.926031384,0.714359678,0.519952708,0.572787161,0.458445566,0.169606746,0.261864236,0.567717806,0.682631891,0.523312723,0.409272989,0.838481925,0.316025893,0.973529606,0.970111905,0.65332828,0.285811744,0.342249496,0.494011624,0.886378129,0.921996404,0.71752446,0.348225526,0.123008946,0.522274936,0.985452999,0.724612404,0.946938305,0.491286643,0.897694019,0.007462186,0.7014933,0.731986433,0.30887939,0.001060015,0.58010341,0.528222928,0.593592294,0.697992673,0.128050895,0.484167135,0.985507518,0.561056,0.099642348,0.301112385,0.22628433,0
0.943366672,0.420284928,0.901360051,0.476261799,0.968636248,0.564135483,0.088270362,0.565587952,0.696714067,0.463832169,0.966427019,0.698157643,0.790319598,0.868308547,0.864789208,0.87956669,0.794834174,0.230807403,0.112478275,0.254174151,0.472107145,0.541261057,0.496255747,0.532624985,0.189745208,0.286116755,0.626056794,0.379363601,0.474126045,0.752726078,0.769055427,0.999633831,0.791280206,0.709645197,0.15163327,0.870054981,0.515031953,0.532840372,0.292324373,0.003408443,0.497967087,0.112661417,0.11477932,0.332731336,0.730369598,0.078631623,0.164772951,0.042835538,0.252870472,0.506705088,1
0.946634761,0.802911722,0.82951775,0.975017131,0.143111041,0.240610428,0.403575158,0.042824702,0.485804828,0.101088586,0.581060635,0.893690489,0.350990666,0.403517228,0.207010776,0.47087629,0.714353972,0.372388949,0.73206183,0.213261023,0.351058374,0.995672099,0.79647982,0.168553459,0.143740227,0.516422743,0.307326864,0.763865082,0.689494625,0.264158685,0.633522849,0.696833602,0.002430441,0.773031997,0.825401462,0.946944483,0.210410071,0.727912298,0.448410843,0.434100801,0.852908573,0.971204731,0.648602597,0.408519124,0.793910208,0.79099111,0.256198189,0.748485542,0.34480179,0.827681181,0
0.222950387,0.975971756,0.977244832,0.729825617,0.219975588,0.980792495,0.500858305,0.456734437,0.592831671,0.750441663,0.299095574,0.522052754,0.524359518,0.032934814,0.862355645,0.114625825,0.492772522,0.063479523,0.246258304,0.362432531,0.509500227,0.196603527,0.968126386,0.499113297,0.202648457,0.415723013,0.558352143,0.815122782,0.620637176,0.143423566,0.442702058,0.524550329,0.253679144,0.628536364,0.146467228,0.633174059,0.405160891,0.865454315,0.72558203,0.839160991,0.549416862,0.264349194,0.732878127,0.114501267,0.340158468,0.50866318,0.479901272,0.674109255,0.057631791,0.40852596,1
0.192463623,0.390690158,0.186047516,0.021469929,0.056546076,0.794061625,0.651470485,0.142279602,0.450640472,0.121900141,0.650678207,0.188063109,0.961157817,0.157619828,0.047756096,0.058211301,0.877562741,0.996463657,0.289634018,0.518547191,0.378410167,0.578012782,0.680305842,0.81550632,0.463952009,0.525049333,0.248188929,0.589703235,0.511035494,0.78597134,0.561883638,0.518407466,0.227198937,0.853079429,0.063159804,0.560371749,0.091038444,0.246060361,0.937957099,0.161252599,0.840613724,0.268118389,0.147692645,0.638481319,0.869452002,0.816992449,0.358741171,0.734031775,0.098736773,0.835007956,1
0.538201262,0.956078095,0.221789813,0.55332134,0.493394762,0.249687984,0.589431135,0.875916976,0.86775941,0.369830302,0.066058137,0.43666461,0.930134961,0.733566178,0.038625013,0.670412351,0.849004528,0.473394161,0.262173013,0.874756223,0.684840719,0.833152625,0.343091818,0.401669896,0.853610131,0.854199983,0.987643452,0.417496458,0.341562145,0.605228397,0.093359123,0.324298302,0.117137106,0.959940331,0.423983029,0.323884437,0.406875096,0.643580784,0.000762484,0.719150309,0.716912194,0.225303695,0.31104139,0.035948697,0.645620393,0.277600555,0.989415475,0.275294666,0.73127603,0.315323444,1
0.48485507,0.384596204,0.753163477,0.287817771,0.66673499,0.834666365,0.482124284,0.275759122,0.22973653,0.653367332,0.911856861,0.897134953,0.736218895,0.928523877,0.714286615,0.262675415,0.072257867,0.662223273,0.243845955,0.920769679,0.09128882,0.698252824,0.889332416,0.695746689,0.565842636,0.841049021,0.928533801,0.51501651,0.724626802,0.943172807,0.305716548,0.949426512,0.102407706,0.793441163,0.320555231,0.388694288,0.505303483,0.155285806,0.970793207,0.019932435,0.034078126,0.568430479,0.287341154,0.045544076,0.337463255,0.346725411,0.210588727,0.46057946,0.945083995,0.277582497,0
0.21047447,0.03074571,0.903417319,0.261795289,0.058359832,0.393084935,0.780931483,0.731314333,0.904340552,0.612616589,0.485020748,0.552038448,0.916709058,0.577385852,0.125428309,0.694520978,0.41155944,0.78364058,0.793988303,0.88469698,0.359961654,0.65941592,0.389560157,0.701472838,0.286578821,0.851076936,0.905763226,0.679512359,0.689567563,0.344963415,0.307555269,0.293611948,0.295815701,0.671199278,0.386289984,0.413037392,0.378350155,0.288393441,0.73931495,0.857181623,0.246092264,0.551305886,0.724471649,0.167817955,0.535199006,0.463862177,0.135264939,0.360424794,0.359076997,0.413433501,1
0.356781852,0.966389513,0.753479544,0.147827517,0.928456802,0.256966112,0.45167217,0.981457419,0.937092717,0.033640976,0.776752679,0.782596177,0.715602486,0.647575375,0.409346313,0.494404269,0.863585814,0.588777475,0.776816677,0.597300322,0.914723789,0.123588406,0.333106976,0.046649198,0.179432773,0.636750758,0.995927964,0.696615793,0.219342659,0.873739148,0.036503841,0.311423749,0.901115415,0.530288338,0.309346992,0.320213669,0.941076763,0.60058785,0.279491045,0.853189116,0.046637151,0.478726672,0.716708679,0.483755457,0.576123609,0.173606726,0.082790655,0.172255785,0.337747301,0.273477197,1
0.446046883,0.931912689,0.31395125,0.830081023,0.401492243,0.35152722,0.289797533,0.656273929,0.541991363,0.696978234,0.40054653,0.728575895,0.033397553,0.767514703,0.466398597,0.775059691,0.773116413,0.421985157,0.627672759,0.640236794,0.298385868,0.381997321,0.094836822,0.538344847,0.810073557,0.98583524,0.123924508,0.796758539,0.034540619,0.734731987,0.50991646,0.166490411,0.5631424,0.672249799,0.29625414,0.935777484,0.847806332,0.857349763,0.447826497,0.07421775,0.996550882,0.978209908,0.063773405,0.991518207,0.624185915,0.630213542,0.014911952,0.485669864,0.913662126,0.330413135,1
0.226843107,0.012662331,0.322796598,0.300755337,0.533362048,0.578075954,0.477553683,0.764195082,0.193026457,0.808078639,0.25165652,0.22306721,0.104788727,0.839307982,0.786228837,0.680306965,0.595670308,0.633500785,0.454045754,0.46913218,0.509438979,0.813082447,0.178985762,0.363273286,0.85817081,0.669370803,0.757927195,0.060732687,0.534159489,0.208390039,0.625018513,0.020874738,0.318007238,0.995949814,0.666971163,0.03267143,0.18905232,0.787294267,0.455143066,0.709525925,0.552697575,0.012424776,0.932985556,0.032120442,0.386420425,0.285601014,0.315526967,0.881534934,0.81607189,0.019758072,0
0.300126901,0.296453005,0.563116621,0.664015136,0.997840661,0.137603944,0.4807623,0.150556996,0.261743134,0.928810066,0.334822705,0.187839583,0.233994097,0.862961417,0.692076706,0.968654064,0.554507695,0.100717911,0.558894027,0.993704026,0.288639369,0.982493793,0.200929076,0.491042434,0.63903706,0.102000689,0.585587865,0.179749771,0.895461327,0.974057112,0.645002684,0.137810795,0.336511824,0.539466378,0.90935806,0.786665332,0.098783824,0.703104902,0.075181995,0.240636674,0.512147843,0.538499722,0.21769894,0.118369208,0.48087086,0.440325758,0.16827586,0.633253577,0.922996574,0.775593571,0
0.080052353,0.315970973,0.513484427,0.074651986,0.101660004,0.974300597,0.351765189,0.0545556,0.563742186,0.616095814,0.015598484,0.431133634,0.04225385,0.630520431,0.835345431,0.566845182,0.672595503,0.982797964,0.511092085,0.615106265,0.574019044,0.563703485,0.89178586,0.098863413,0.168291847,0.781361687,0.332843798,0.497796225,0.839815088,0.079807552,0.632572027,0.603335748,0.250860035,0.675114586,0.77031998,0.366532322,0.359342203,0.05937567,0.648147999,0.160736746,0.865283534,0.083601501,0.439374926,0.168841478,0.022934785,0.739605158,0.458205255,0.528044366,0.987761506,0.078749627,1
0.908626501,0.792584182,0.673847045,0.952036465,0.248866859,0.246558515,0.58565692,0.030338566,0.308180791,0.054337139,0.01911775,0.26231918,0.643436557,0.245952087,0.331413037,0.603064453,0.722552329,0.706425583,0.86181113,0.255165138,0.76241759,0.630335149,0.769983489,0.262387111,0.828081694,0.294711882,0.834750255,0.895140666,0.558926839,0.346766849,0.634825205,0.775157202,0.378789466,0.478231134,0.280460296,0.031540583,0.184838439,0.713534658,0.223554168,0.940881631,0.400408084,0.151045138,0.054637927,0.530676798,0.925442463,0.315807073,0.459167086,0.198929824,0.07677427,0.400519394,0
0.588219302,0.073315169,0.075927205,0.763245696,0.974644161,0.572277888,0.218773321,0.03468879,0.223970539,0.64032125,0.720085578,0.706628017,0.313468097,0.312443336,0.480399098,0.491074123,0.173428717,0.979707574,0.422417727,0.340841197,0.226352857,0.292511304,0.367241042,0.670166331,0.438224529,0.599850515,0.86023615,0.542052605,0.441508697,0.693292507,0.403513633,0.832051687,0.461751633,0.92009117,0.76445366,0.659510602,0.667720888,0.519348192,0.59879843,0.03342459,0.994824301,0.589017242,0.677006847,0.867620743,0.98410182,0.059739678,0.237327673,0.543014774,0.265714213,0.55163992,1
0.704284665,0.712229278,0.39183368,0.057835101,0.290384229,0.271637198,0.001370394,0.571956809,0.090335004,0.735002263,0.432349871,0.117320424,0.986055164,0.332522898,0.42075091,0.174475873,0.294589796,0.418779019,0.498921377,0.787494609,0.391082264,0.825801363,0.392166329,0.813885378,0.322046514,0.960447921,0.302462251,0.668600362,0.385979351,0.558573824,0.574562138,0.277942054,0.155703017,0.433023308,0.272105564,0.918708272,0.490357712,0.349176711,0.714247238,0.913333292,0.07215454,0.882217637,0.24613328,0.281660735,0.129051237,0.644994936,0.663071274,0.461516824,0.097551739,0.621103587,0
0.244569667,0.984889274,0.932813432,0.577986463,0.040206231,0.714178124,0.280735909,0.975549667,0.426981305,0.410710634,0.982309835,0.006545369,0.687238734,0.481667236,0.887602218,0.498501793,0.53416832,0.758063285,0.537375136,0.245467351,0.266223492,0.111328078,0.133051215,0.575157545,0.50399993,0.32833966,0.503652351,0.075015149,0.273514651,0.170890675,0.621354867,0.090366122,0.028726384,0.380441837,0.245630421,0.953687733,0.059123436,0.89051952,0.105955891,0.333871348,0.646938922,0.292012583,0.152616179,0.756884416,0.586128768,0.50011243,0.452688336,0.435827872,0.435414107,0.092531275,1
0.258070993,0.081706917,0.562236867,0.565240811,0.154103066,0.777082476,0.897485772,0.154745097,0.388782036,0.40824691,0.073984032,0.634388003,0.838170753,0.930102363,0.101930937,0.334291968,0.125190054,0.74270595,0.576222596,0.82935048,0.343777059,0.506115743,0.841503608,0.075409062,0.194743984,0.173882003,0.704759421,0.90324243,0.879886601,0.675381318,0.173157469,0.854839457,0.0772014,0.790334155,0.52774035,0.122507214,0.098017494,0.642579478,0.52674848,0.014635504,0.486518549,0.685068875,0.193615293,0.616773415,0.643821916,0.846925431,0.400533872,0.060332006,0.236842628,0.674606037,1
0.283779648,0.594392393,0.652996102,0.332001328,0.169237024,0.882006994,0.199811135,0.667064469,0.202030919,0.355845341,0.179193824,0.585192531,0.522284868,0.536709097,0.440229844,0.666982807,0.561655798,0.49522702,0.133007216,0.646812394,0.789218993,0.602996323,0.055208841,0.903111053,0.26980496,0.266837678,0.052665127,0.551720907,0.691098673,0.386122065,0.234740923,0.193580139,0.390121444,0.929659782,0.718418132,0.908400146,0.9471075,0.371588464,0.50642969,0.179903562,0.014049583,0.565195142,0.832803131,0.671056662,0.549658944,0.576198432,0.316239502,0.97353235,0.58346636,0.609709945,1
0.677021696,0.04056404,0.654943802,0.551203703,0.593399076,0.634350646,0.979994929,0.920722448,0.186552291,0.80913249,0.296357825,0.695905248,0.422165071,0.495311496,0.162140527,0.157958135,0.329409132,0.089665706,0.0269169,0.121120172,0.417010686,0.611775654,0.330515809,0.694340255,0.593672391,0.012111961,0.191935827,0.34792271,0.029820377,0.208049696,0.390145221,0.512596919,0.879518859,0.44690869,0.557862708,0.088240934,0.593627221,0.779889614,0.709225743,0.518073591,0.060487558,0.88875361,0.007924483,0.050478747,0.659693024,0.441179103,0.393810253,0.418994056,0.103932255,0.199086262,1
0.780020829,0.804123375,0.531017993,0.708484105,0.631315908,0.26426269,0.797875531,0.665808326,0.47528636,0.184838653,0.826381548,0.684599981,0.309350671,0.683522642,0.423579009,0.426061973,0.562175513,0.561037676,0.019101833,0.459113928,0.120530324,0.863055394,0.120936657,0.273486824,0.258624828,0.105780044,0.654043637,0.252801622,0.151351095,0.513220407,0.074866974,0.239023512,0.958325139,0.006742061,0.567551051,0.881564497,0.085148173,0.671101365,0.894012608,0.154100943,0.890612366,0.731505365,0.139875908,0.843564477,0.846881238,0.154408335,0.922272179,0.11534377,0.589348172,0.174487487,1
0.255931518,0.063938025,0.686351179,0.390661781,0.927735829,0.430314019,0.490185854,0.225527796,0.705656864,0.901575755,0.120441407,0.565310332,0.054076907,0.987508715,0.612227924,0.647733561,0.251576835,0.712660408,0.73858994,0.197099809,0.108927873,0.70824258,0.773982668,0.091684563,0.456852092,0.201299008,0.933796205,0.893266448,0.215549976,0.794984773,0.893690188,0.290057771,0.565379631,0.342644738,0.210566347,0.652025765,0.562169966,0.407484587,0.743545697,0.045933037,0.857477238,0.963838531,0.708028839,0.687694737,0.327327327,0.98042732,0.85257641,0.984077857,0.724016385,0.193047524,0
0.412930727,0.216127018,0.257370836,0.429936857,0.917834768,0.094205228,0.732348312,0.689147776,0.620312959,0.413446358,0.617432071,0.434549834,0.548614318,0.475736495,0.97032403,0.702102313,0.136824321,0.1601564,0.688614399,0.700545164,0.586500305,0.127492057,0.093495454,0.247294756,0.240643631,0.768396797,0.007329835,0.256230256,0.055324932,0.515533376,0.398355055,0.598201255,0.213997787,0.984837584,0.233226489,0.328107287,0.177129558,0.361715848,0.24875884,0.826611625,0.193849955,0.774133399,0.432824079,0.264487463,0.946721001,0.706038217,0.595316554,0.71278902,0.934110393,0.610938054,1
0.97023568,0.29261199,0.00708372,0.037196257,0.706166544,0.0284354,0.35675963,0.427772522,0.493932949,0.455104936,0.324909905,0.578003274,0.889170779,0.587800347,0.845902266,0.61300479,0.798084633,0.971488237,0.761496418,0.488826334,0.482886666,0.231861165,0.735115873,0.329053153,0.141644961,0.248054054,0.035755047,0.517403638,0.364107746,0.496289911,0.286304472,0.669204056,0.980205793,0.307798941,0.306775754,0.717984166,0.680760254,0.29756133,0.09433426,0.309883292,0.067162226,0.864949594,0.712032458,0.543079859,0.283004327,0.996759897,0.745497273,0.999865298,0.148481082,0.260600099,0
0.684307703,0.038547463,0.580761576,0.689364671,0.959867647,0.405437018,0.129050626,0.26555159,0.82464037,0.991105043,0.69384061,0.15952584,0.709546875,0.292611815,0.518604801,0.843697441,0.416900903,0.478234501,0.047476844,0.400661788,0.608230237,0.96344561,0.976676378,0.890053566,0.214224291,0.525453226,0.030564003,0.807489663,0.300930837,0.569608251,0.536769159,0.564447611,0.914327518,0.683258265,0.036344579,0.959918015,0.79220724,0.355877935,0.491260314,0.309082604,0.63763717,0.084252788,0.196911854,0.758785872,0.223711753,0.126808355,0.321524152,0.679399566,0.712546448,0.007925544,1
0.443302978,0.643330837,0.578640064,0.590238791,0.144029533,0.362356568,0.911680563,0.302708551,0.989632178,0.155183373,0.220844322,0.023920361,0.856966249,0.056408004,0.52869643,0.850452271,0.102042418,0.16952577,0.917240255,0.998149857,0.12469605,0.346525473,0.770585575,0.622168875,0.68511918,0.28251199,0.56556228,0.141869528,0.95517132,0.878083956,0.910623205,0.341564879,0.387513794,0.076822576,0.634472984,0.233102113,0.564225128,0.882493622,0.997675324,0.98586433,0.198352244,0.03168701,0.640520198,0.893300601,0.716939787,0.766343378,0.682657928,0.67249316,0.323429502,0.006043173,1
0.169835853,0.100631499,0.964978735,0.782706274,0.191524766,0.860946279,0.271704485,0.399575973,0.8908694,0.636291843,0.274906836,0.00682959,0.166144325,0.088450377,0.789779038,0.594977254,0.718797851,0.638809962,0.614424995,0.696614044,0.727654695,0.595150134,0.540101373,0.876820861,0.250867169,0.524919445,0.026063567,0.253850077,0.096212842,0.954586955,0.482381064,0.307796711,0.098297131,0.368732264,0.326553312,0.562928174,0.536612254,0.615304241,0.727069924,0.620247684,0.417900748,0.911477412,0.42438951,0.378852815,0.397378555,0.191590835,0.174698715,0.287816716,0.640657387,0.460518452,0
0.983619499,0.651703363,0.32237519,0.408846486,0.925868907,0.000516356,0.75012192,0.079586507,0.727421853,0.256217169,0.647075794,0.073383444,0.465708431,0.560151269,0.719596279,0.937600145,0.302798034,0.464206575,0.647191799,0.118551729,0.906460893,0.579966233,0.231674451,0.996564112,0.775083825,0.916302307,0.610487567,0.442692164,0.600627577,0.558729911,0.063473491,0.063563503,0.492303136,0.600672372,0.361468109,0.469267932,0.439518956,0.607447281,0.801064449,0.276920778,0.89951375,0.667245077,0.283242686,0.545363716,0.372847357,0.407971339,0.376748469,0.897640143,0.134162842,0.879495224,1
0.002975529,0.415107392,0.175870412,0.34828281,0.691811905,0.239344508,0.29085105,0.668024179,0.685091467,0.292415421,0.430328436,0.189154509,0.671387816,0.725189027,0.327284848,0.693440197,0.490492178,0.320933721,0.789037167,0.158744363,0.4319011,0.274118856,0.245261515,0.017957054,0.14383518,0.913590012,0.509710763,0.058300592,0.792100762,0.334533252,0.134928365,0.620877715,0.576421444,0.591715963,0.907248098,0.245897632,0.218754601,0.925127486,0.908355139,0.817571511,0.101681479,0.403982913,0.112180168,0.002542216,0.220926909,0.439069612,0.403600823,0.88921339,0.261725166,0.884119961,1
0.111494347,0.627716771,0.558622251,0.09061217,0.956595545,0.225802914,0.640349815,0.750724883,0.398649588,0.073448339,0.602444734,0.365838007,0.826023448,0.81545558,0.899654022,0.03161249,0.201130395,0.65556102,0.307236199,0.741332671,0.907204387,0.600525526,0.000839986,0.432884893,0.51056004,0.796299111,0.668716098,0.93115066,0.804382044,0.151845752,0.948949985,0.500708007,0.293373607,0.29356691,0.173539534,0.145121705,0.367039906,0.267918585,0.526708431,0.643237372,0.783357525,0.824522955,0.200239041,0.019672558,0.473375651,0.723987454,0.981533012,0.728413036,0.016373154,0.643505928,0
0.222468532,0.236729278,0.248658189,0.117379919,0.085275962,0.30445004,0.76193633,0.642214483,0.306671016,0.395267254,0.326471378,0.481210685,0.684740795,0.475574061,0.554830558,0.826893473,0.334324062,0.068738231,0.718453435,0.491014469,0.830290564,0.960279525,0.050335443,0.737435918,0.711266183,0.253664919,0.226323411,0.530528238,0.131468844,0.43376208,0.41966619,0.365318466,0.296476613,0.998172736,0.826411368,0.900314974,0.975424831,0.408247398,0.973924657,0.064412689,0.372787222,0.702301179,0.988398877,0.734100156,0.68254288,0.333313117,0.357849026,0.337884853,0.125113342,0.586797051,0
0.197750278,0.099474426,0.69717371,0.851655196,0.516227681,0.627523723,0.038023789,0.217713901,0.352014975,0.844509182,0.461267913,0.637482382,0.082071934,0.790509322,0.949133692,0.215805478,0.199256216,0.849082902,0.219616191,0.901633298,0.930595735,0.311714325,0.619488402,0.283348871,0.836214526,0.639638528,0.072772917,0.892366774,0.515262316,0.498071252,0.242144401,0.052111859,0.351441047,0.184880473,0.714478505,0.484049237,0.287503686,0.461264953,0.094370204,0.741928921,0.374662686,0.689642798,0.792784911,0.99000589,0.032728782,0.339062631,0.811749487,0.889133097,0.901733844,0.206077503,0
0.310434777,0.887930325,0.863860961,0.820881524,0.517400665,0.347645737,0.755032692,0.49962754,0.521987899,0.961361704,0.722263392,0.789430693,0.060782817,0.785083456,0.189572732,0.718441977,0.018650484,0.130242839,0.026679289,0.718353381,0.077069558,0.50603662,0.015451022,0.608942792,0.745043333,0.657911653,0.766973213,0.74533889,0.537302442,0.836326674,0.205247845,0.888390082,0.842971572,0.421289381,0.278892231,0.405665729,0.157233078,0.082262753,0.754719613,0.984428019,0.661170312,0.914019051,0.95446934,0.406599369,0.900901843,0.132985397,0.276843912,0.346623757,0.029498394,0.408550139,0
0.013602573,0.837011437,0.456907702,0.107503656,0.086466206,0.879412771,0.867036896,0.725834589,0.808338223,0.429762633,0.60571508,0.910453056,0.90737174,0.178695854,0.817346049,0.126476068,0.865011748,0.64340034,0.131755497,0.048543868,0.449726914,0.952551935,0.64283661,0.538744354,0.53296914,0.564765298,0.892326206,0.262438016,0.907536193,0.774501795,0.616514424,0.816284717,0.632452019,0.60693245,0.068408549,0.508445413,0.679899393,0.936788747,0.537529525,0.864003803,0.906201735,0.074115911,0.886160456,0.830522466,0.502141393,0.300825571,0.760048701,0.8781977,0.373571477,0.942947048,1
0.662611462,0.979741828,0.687272837,0.641874073,0.625692495,0.436270548,0.60218077,0.547371033,0.261140436,0.39558217,0.847450044,0.389782134,0.448927739,0.306593939,0.637229832,0.857277036,0.923565227,0.298867046,0.038887572,0.21402524,0.552377459,0.700360886,0.53272752,0.748359966,0.65512948,0.949152504,0.776436379,0.582765297,0.899090101,0.194969541,0.768174292,0.890544802,0.818278736,0.682373575,0.567174098,0.164120682,0.057999916,0.242143919,0.234592007,0.810857118,0.751336721,0.971141342,0.58053451,0.601207926,0.193936008,0.112592883,0.19274413,0.950550555,0.736385501,0.067723952,1
0.374652198,0.59669796,0.05716003,0.948617917,0.282400517,0.926778833,0.069043818,0.603392379,0.135672487,0.047217692,0.777808464,0.535222017,0.992274826,0.587885783,0.893523007,0.859426108,0.06967684,0.412863417,0.068779007,0.01120249,0.561365246,0.24666123,0.782729799,0.833404792,0.46872305,0.056429898,0.034337917,0.141732602,0.041470307,0.650873131,0.191525401,0.054711119,0.439857358,0.17370521,0.779775729,0.069286425,0.254463185,0.496757361,0.879656359,0.757058473,0.234084947,0.967043738,0.882543105,0.665574248,0.884268579,0.836673798,0.699539253,0.817808766,0.827876495,0.887265066,1
0.959350802,0.090707336,0.3764701,0.432104538,0.443004124,0.778575945,0.071669177,0.361680255,0.608401819,0.881232468,0.70516729,0.044917774,0.404130819,0.207666824,0.364875725,0.915801368,0.788574635,0.607943492,0.273787753,0.62313937,0.121241423,0.866587757,0.076791821,0.049722313,0.417992974,0.034279903,0.063812062,0.57804734,0.955864359,0.706268025,0.958130932,0.296993578,0.546587178,0.446271246,0.706089205,0.284300857,0.888452853,0.513965618,0.173815537,0.812370351,0.358074081,0.663557169,0.631122128,0.327257828,0.250688192,0.903332825,0.373131016,0.173618434,0.589950605,0.911735209,0
0.200605465,0.565041485,0.304748221,0.480187437,0.563765339,0.648988933,0.003452118,0.652398703,0.878895595,0.532123174,0.796207815,0.417086478,0.558250783,0.861732606,0.587965876,0.045299878,0.928913883,0.828154406,0.039621829,0.267020321,0.75328222,0.0968017,0.261780504,0.157526556,0.591109762,0.465862937,0.89231068,0.962562586,0.213028639,0.20661287,0.352277411,0.687850243,0.421620782,0.295979418,0.775920654,0.35222895,0.607492525,0.259921951,0.36522081,0.349333312,0.278146291,0.23333973,0.481118341,0.163427274,0.027640856,0.60373804,0.114395292,0.348852703,0.910813451,0.378211816,1
0.298747669,0.964209263,0.689208358,0.84367455,0.0535663,0.211706484,0.241571815,0.608887684,0.23286953,0.510793712,0.5017689,0.541060955,0.765049878,0.538508645,0.132841279,0.933285736,0.91698616,0.854814397,0.302888017,0.770046276,0.312740481,0.661462046,0.357939497,0.260982127,0.419995728,0.475450458,0.717871549,0.670724435,0.226410317,0.197315048,0.637247927,0.568300997,0.559006187,0.792495992,0.467712605,0.60349629,0.588388297,0.828298256,0.698816751,0.958962779,0.578007506,0.753540653,0.334890583,0.559466467,0.290582726,0.642293943,0.946279811,0.719309922,0.311301405,0.617912327,0
0.658051228,0.172511142,0.094195217,0.315268671,0.30817947,0.479941305,0.507453418,0.933431834,0.38853984,0.893817122,0.984694148,0.524518409,0.407797409,0.888565546,0.660372448,0.949911505,0.829388203,0.804149004,0.599227887,0.5275594,0.20495113,0.221853037,0.766371907,0.712963544,0.513269253,0.941827612,0.404996083,0.321489002,0.76248736,0.272894146,0.985991807,0.166873304,0.276761162,0.967263691,0.699862343,0.009000604,0.036970918,0.920214734,0.229423894,0.673032787,0.683447321,0.268254948,0.170439302,0.380460992,0.068584515,0.119075967,0.221524336,0.571335448,0.336064153,0.60274924,0
0.648533608,0.931369074,0.897517773,0.892945888,0.168456525,0.360526627,0.036843131,0.294224066,0.68048204,0.987217776,0.237622932,0.514564765,0.156049246,0.845408271,0.108864465,0.812893518,0.997491968,0.763050038,0.762749505,0.139427861,0.13725332,0.255979282,0.442955917,0.749246283,0.584513596,0.254833199,0.281589196,0.660120782,0.277861756,0.860752049,0.993769433,0.200538548,0.642368144,0.517807499,0.390564631,0.378956902,0.654843311,0.038055573,0.91916436,0.607869896,0.220643037,0.153102216,0.542178958,0.984856244,0.40882369,0.098068002,0.906130943,0.37398058,0.590327201,0.928204509,0
0.154386565,0.708773324,0.478128542,0.543714864,0.476657302,0.146967166,0.878614224,0.577930689,0.15340426,0.16697813,0.746896825,0.304791427,0.571694407,0.013494692,0.510357247,0.167446995,0.374992504,0.793739293,0.687244671,0.204816324,0.389044693,0.746420831,0.05927292,0.504834533,0.416225452,0.595567991,0.566833357,0.235828204,0.344466927,0.8266778,0.974621967,0.882000881,0.332072281,0.66208132,0.544727045,0.934735336,0.065500625,0.935683583,0.652331828,0.769665015,0.332894418,0.339440298,0.471766809,0.345052195,0.377049659,0.00090024,0.846460895,0.507809736,0.134122853,0.782799977,1
0.71364873,0.076105395,0.554880897,0.23061073,0.302172704,0.380565148,0.118947407,0.447465526,0.100390526,0.03969237,0.251805959,0.692907771,0.929501249,0.899883007,0.165922164,0.524334926,0.132723189,0.354397217,0.905175506,0.63238171,0.339303371,0.925000859,0.405515238,0.181106037,0.694381795,0.938068801,0.584918243,0.094227869,0.183670319,0.215349162,0.075904652,0.98416521,0.097553095,0.569407808,0.52796069,0.374641421,0.344772941,0.604608571,0.113442693,0.265097412,0.317022601,0.10903324,0.329173104,0.541350766,0.554290715,0.727238079,0.314266551,0.076132016,0.216531878,0.900082554,1
0.508910838,0.159583461,0.895376839,0.42385931,0.230786235,0.193102662,0.719449855,0.602478198,0.175698957,0.326427197,0.601050228,0.635466241,0.823748331,0.615125921,0.734048661,0.264426525,0.802501338,0.776493307,0.043764446,0.657321764,0.65846793,0.478991305,0.660922273,0.857396362,0.825068778,0.801876004,0.067736212,0.839505017,0.772523566,0.714110451,0.224040612,0.203043554,0.587039026,0.349692847,0.042088027,0.578439396,0.741444028,0.503279504,0.496233389,0.755924627,0.931793448,0.83552351,0.356072446,0.634795461,0.765198271,0.281359211,0.868520722,0.597340857,0.674738906,0.93017783,0
0.695114223,0.847486221,0.89609425,0.671034526,0.301555981,0.207811846,0.896718566,0.578239087,0.973174354,0.137037467,0.550251714,0.185397146,0.093789171,0.61126281,0.340104473,0.32570219,0.62861966,0.912503143,0.086623137,0.076531442,0.383602061,0.766875645,0.323498725,0.220983885,0.151793081,0.026973554,0.942334418,0.421710349,0.226666897,0.142820996,0.120590542,0.511255938,0.864604012,0.178555673,0.758811526,0.858388875,0.774087202,0.366404994,0.372460266,0.483609395,0.542424955,0.984763037,0.479906322,0.240627247,0.867253107,0.317029428,0.214162946,0.665110234,0.66713008,0.064027401,0
0.888400185,0.991203419,0.6671777,0.704908045,0.14136852,0.154004809,0.696285797,0.065759362,0.121502506,0.547126452,0.336523061,0.678726084,0.551993657,0.438872249,0.719778696,0.907597192,0.648837492,0.666519802,0.169363129,0.490384323,0.856389969,0.578099511,0.362981701,0.544649161,0.736813639,0.871010694,0.199435148,0.565622876,0.949370165,0.156909909,0.613814177,0.271960994,0.52070198,0.756852067,0.827192291,0.738434359,0.58483053,0.534031355,0.483393968,0.592573105,0.98757072,0.300981147,0.59701107,0.820612839,0.489293665,0.273483564,0.703767941,0.995325657,0.884010003,0.533050535,0
0.547893722,0.426102332,0.069907962,0.439326112,0.026876782,0.338480064,0.181955747,0.235515092,0.504440416,0.484074736,0.141857432,0.219973723,0.672944732,0.642900926,0.183654804,0.224865396,0.228846192,0.086903766,0.226427668,0.048978002,0.734498053,0.432457841,0.605772459,0.193648334,0.716958158,0.759880906,0.281579891,0.007535817,0.789872779,0.97280663,0.402258182,0.005061429,0.157853381,0.713439357,0.396964879,0.888430062,0.29999116,0.678500167,0.054565209,0.318146515,0.586758607,0.950242083,0.285014739,0.672037392,0.243743613,0.431226518,0.485070767,0.302679341,0.62490416,0.940923672,1
0.445426576,0.300916365,0.206017753,0.148327627,0.94186426,0.06116063,0.148365339,0.459184664,0.409672315,0.211173822,0.990763071,0.707995657,0.287201603,0.783295165,0.860256545,0.345289408,0.971269664,0.238400932,0.946262458,0.125809234,0.843569855,0.016802982,0.106082339,0.920589095,0.118250529,0.359716562,0.119683141,0.09461979,0.388163747,0.311189811,0.899842653,0.647383295,0.83413049,0.728238495,0.801220801,0.560582346,0.718794087,0.804319118,0.810920643,0.00839032,0.263620119,0.027665995,0.224798319,0.967304361,0.15617709,0.323823374,0.361355005,0.319144731,0.364257685,0.520530461,1
0.373574243,0.731476098,0.790794991,0.237076312,0.991664704,0.159774192,0.205350924,0.878045052,0.744372613,0.478341127,0.470056834,0.507899126,0.831920339,0.690539268,0.186367167,0.504059606,0.405157103,0.238172732,0.578625159,0.911448448,0.074308508,0.733161395,0.046806961,0.100236927,0.246673814,0.260056882,0.055589652,0.677027554,0.848952485,0.989723615,0.237873222,0.592921548,0.045802382,0.27190099,0.082564286,0.66236389,0.49536933,0.059439682,0.547893194,0.625894925,0.677579958,0.837758685,0.001570811,0.926704622,0.862731661,0.446953287,0.395438958,0.624331756,0.26700061,0.620702187,0
0.457630749,0.644113849,0.010998866,0.218417762,0.217842181,0.887038222,0.087788847,0.832873919,0.17072963,0.402755294,0.30259749,0.271310644,0.910925883,0.236587567,0.61901826,0.620616239,0.812762856,0.985715283,0.133593395,0.448929645,0.311685981,0.331477228,0.062202957,0.776510823,0.875806804,0.095731534,0.41954278,0.833729641,0.692288533,0.00270615,0.299782959,0.783078303,0.175206269,0.576448349,0.775989277,0.041415293,0.322387163,0.529970563,0.72430534,0.199863711,0.795074151,0.518901904,0.603276053,0.625434746,0.455520837,0.197986322,0.724549456,0.366623615,0.256070846,0.909086303,0
0.086130715,0.836811378,0.610370094,0.759807084,0.706853606,0.442670749,0.236558966,0.579018429,0.37355119,3.33E-05,0.772512253,0.105738418,0.836223014,0.706891223,0.466232144,0.101223927,0.940934991,0.209008585,0.553746259,0.667928788,0.888140848,0.36322478,0.046025849,0.04879745,0.828650744,0.280630527,0.867980867,0.696710751,0.692381471,0.325596887,0.279151423,0.28821462,0.850950019,0.015787017,0.358425326,0.535450965,0.695068902,0.989724332,0.463830579,0.810526209,0.100717121,0.231049752,0.60447492,0.712900563,0.521672691,0.596556206,0.996235593,0.733165335,0.049930698,0.922119081,1
0.596041916,0.078456258,0.780732737,0.026786379,0.237289732,0.811814445,0.766576203,0.609333994,0.799155907,0.699166496,0.117973622,0.542360904,0.700688321,0.297545791,0.393173741,0.905410797,0.203415875,0.129860751,0.52525368,0.038260038,0.936429051,0.561604443,0.783773304,0.499841632,0.689822772,0.514212959,0.129492108,0.337101751,0.282505317,0.66604112,0.8366195,0.632821682,0.415018928,0.401561056,0.153028444,0.667255244,0.781781105,0.648440581,0.073423208,0.47475708,0.388073918,0.367573927,0.738900819,0.04237308,0.539855321,0.709947697,0.731427688,0.049009725,0.24872298,0.923701641,0
0.624182076,0.314443813,0.475992391,0.435950721,0.778705004,0.612350272,0.703261788,0.996041355,0.254257132,0.633010613,0.170790422,0.300003899,0.213523987,0.35529508,0.927411783,0.393061613,0.508075786,0.447038928,0.662686504,0.198274337,0.446425132,0.988030728,0.6418354,0.927218325,0.121420528,0.870699422,0.64340924,0.158689734,0.142957735,0.734145837,0.119136884,0.053876179,0.802574817,0.579822467,0.80757022,0.225492674,0.995931329,0.183498855,0.395151685,0.053084551,0.17317765,0.372507602,0.073582834,0.956200822,0.943399482,0.855587004,0.3924359,0.796233543,0.356841177,0.297220179,0
0.794817022,0.042666822,0.605673018,0.085918278,0.442154568,0.124540177,0.261252763,0.523566365,0.674379815,0.09961748,0.906203359,0.364813907,0.385003398,0.012176747,0.982458929,0.95745782,0.998505201,0.970803676,0.88856003,0.301459612,0.595193267,0.64079773,0.633099364,0.386254002,0.635570035,0.785907578,0.270813454,0.204564871,0.095862336,0.101874683,0.109241459,0.397947358,0.824365943,0.598613821,0.054343159,0.439061534,0.796529711,0.261301729,0.69638629,0.549741124,0.137333063,0.181377551,0.523945272,0.273126086,0.306270475,0.231565383,0.63107485,0.514884465,0.191672449,0.367835832,1
0.483010511,0.719798972,0.429726742,0.230424854,0.07890713,0.641405559,0.460026151,0.848131871,0.751281637,0.118419285,0.033070278,0.041665583,0.358646486,0.599437483,0.701192371,0.925201169,0.752146166,0.493469617,0.791190445,0.731261776,0.696281739,0.205305453,0.884841125,0.774195992,0.384428881,0.152887566,0.333787067,0.657533212,0.313718507,0.466259782,0.608106826,0.387598821,0.681242142,0.209865546,0.856441715,0.687990092,0.865355364,0.60856505,0.542905821,0.096654301,0.501932833,0.276970755,0.04040139,0.791411415,0.263510748,0.086117479,0.076914899,0.85043159,0.67832885,0.703375991,0
0.848608004,0.791212742,0.899472465,0.033115425,0.603865544,0.024732359,0.633076397,0.587837745,0.083405164,0.401961719,0.20623636,0.305331703,0.991201356,0.695672719,0.608752033,0.417029718,0.329169751,0.162234643,0.38974488,0.17408171,0.120365148,0.533870631,0.171553949,0.998218374,0.791198281,0.307979843,0.51229291,0.523260021,0.102431535,0.626102443,0.485017951,0.637974949,0.161073314,0.518845361,0.272733427,0.32962958,0.393993407,0.654144796,0.408589042,0.917921286,0.130831311,0.311025413,0.190771788,0.494484661,0.825236401,0.408656055,0.120653337,0.415893974,0.222348706,0.17922558,0
0.682057234,0.984114416,0.815284932,0.966105054,0.769821304,0.808089256,0.711221838,0.61072404,0.712416093,0.882748502,0.266808981,0.678953664,0.639846401,0.735756521,0.186972264,0.887303753,0.458500136,0.440773642,0.449334701,0.379698603,0.46959201,0.29945639,0.839411238,0.73894187,0.480500654,0.446445985,0.037619272,0.673988855,0.580090829,0.556164405,0.64274252,0.714944194,0.853276704,0.871557378,0.001952182,0.488408658,0.816426551,0.998406445,0.64584343,0.727697844,0.025195448,0.439882264,0.365411019,0.468368743,0.826170519,0.26267427,0.06443194,0.736482817,0.399254502,0.186127731,1
0.095273703,0.239388246,0.166316006,0.026707733,0.134999229,0.101284889,0.953100052,0.262810194,0.528201629,0.915808143,0.884811895,0.371417519,0.800899115,0.474512751,0.260148256,0.176916923,0.516933294,0.805526477,0.956081161,0.616163856,0.17987473,0.004734065,0.563438191,0.124342396,0.750309839,0.894821553,0.98494104,0.372770698,0.232697863,0.970578687,0.681647693,0.495802805,0.388120124,0.939064528,0.666158253,0.603758121,0.922688568,0.912044241,0.325361468,0.366811516,0.362619287,0.441452119,0.863656746,0.21094863,0.583394899,0.526332255,0.475180436,0.511495686,0.96848147,0.831101279,1
0.645241692,0.970062323,0.051838692,0.661701319,0.850664231,0.962890397,0.728890612,0.30109581,0.589100601,0.689097045,0.514722001,0.590087348,0.848004229,0.812717515,0.844109332,0.719107886,0.568927463,0.888075607,0.189827869,0.53565661,0.424555654,0.629899508,0.852249782,0.727838567,0.386120556,0.999642561,0.788557916,0.093908303,0.374652771,0.423675011,0.623692304,0.908430956,0.18857985,0.619713758,0.456872295,0.867175674,0.842708871,0.605501895,0.07431356,0.903282611,0.785147686,0.501797051,0.717025793,0.375340457,0.213862607,0.511536504,0.962692561,0.273076679,0.695864107,0.916363378,0
0.559224288,0.645185183,0.129319861,0.545362622,0.885344647,0.952910861,0.36160258,0.599905121,0.297752138,0.193169565,0.256986712,0.010903065,0.765140987,0.168516684,0.20818367,0.792874985,0.091597487,0.130007484,0.73508231,0.895391736,0.703852005,0.800897815,0.705511958,0.482230344,0.59656607,0.284956396,0.459005753,0.010249962,0.209320225,0.83446963,0.065419385,0.210728874,0.484276225,0.842399415,0.284532775,0.989263673,0.233285961,0.155930274,0.836328586,0.733910149,0.249883377,0.578428926,0.214045475,0.891786318,0.268947334,0.698356452,0.017428981,0.69163136,0.176865332,0.552272601,1
0.534900146,0.065931633,0.64915834,0.499263907,0.310509091,0.939509289,0.343233573,0.786749424,0.029703685,0.331882198,0.302975698,0.957866615,0.58795988,0.894898254,0.22581023,0.069202462,0.495240825,0.010939464,0.150590696,0.727294898,0.22440886,0.391825419,0.576760464,0.302846007,0.352063468,0.73785112,0.266611157,0.111451057,0.275042703,0.905966522,0.492576436,0.025591702,0.095942297,0.280387154,0.929977626,0.326242991,0.314517581,0.543548767,0.269891282,0.831853993,0.63511611,0.376080764,0.173459029,0.915863634,0.039449102,0.948403905,0.745678909,0.945630425,0.277758847,0.659658929,0
0.896678917,0.974644307,0.180239909,0.046686336,0.055401926,0.973548419,0.744268403,0.299576102,0.502227262,0.783804131,0.861590035,0.938337678,0.260875151,0.107484471,0.114733815,0.003809495,0.24882796,0.351662322,0.35677181,0.233261618,0.109247176,0.308201747,0.337689554,0.995584812,0.971134815,0.124175523,0.629065149,0.040782126,0.475543791,0.726322644,0.971907974,0.504731245,0.279010436,0.289100124,0.804506128,0.498853047,0.936620985,0.7179672,0.108693385,0.654752832,0.552271826,0.818018265,0.280821321,0.718189571,0.944993758,0.900586693,0.829333761,0.011897574,0.695134141,0.803148957,0
0.676530591,0.107892852,0.545429864,0.963251917,0.455350525,0.917540822,0.887261087,0.443784157,0.797004898,0.691770076,0.795731728,0.862778899,0.835974064,0.769271683,0.25781499,0.506526958,0.705722606,0.033334429,0.18232047,0.314902587,0.176543653,0.22217588,0.544816653,0.676413581,0.150848613,0.867574946,0.414353823,0.377753223,0.672976543,0.558351931,0.372651356,0.562877214,0.531753317,0.210502619,0.057520949,0.575315484,0.437910655,0.160749161,0.356363528,0.117312921,0.586200341,0.126573675,0.722781904,0.638541048,0.925433511,0.606658046,0.809584792,0.608548412,0.483283123,0.008744112,0
0.342174038,0.450270269,0.469432378,0.297780707,0.38085228,0.490322225,0.82620111,0.222370803,0.24805883,0.29905747,0.388313498,0.564969685,0.974007537,0.433740159,0.519202148,0.730914731,0.621454315,0.273979241,0.233071305,0.782243471,0.203760618,0.650681066,0.923713572,0.229090834,0.894128067,0.383873894,0.143653708,0.214492767,0.316637833,0.693118138,0.767141543,0.030023163,0.786618232,0.099110437,0.303700912,0.829900614,0.23927655,0.444682242,0.466266746,0.224311669,0.411071824,0.278500562,0.740133201,0.695510654,0.047205845,0.517427191,0.02688456,0.951132997,0.049488341,0.09186284,0
0.804592535,0.799630014,0.426311596,0.672216939,0.945341912,0.294241211,0.291813685,0.751976518,0.349519066,0.899556163,0.624110372,0.116085281,0.510395735,0.841680744,0.606894958,0.171207424,0.017018173,0.179163375,0.598957012,0.513551953,0.628974807,0.824323158,0.105151568,0.522767859,0.156668505,0.826688268,0.841829741,0.809099634,0.111267542,0.610962525,0.742452249,0.483190883,0.258186084,0.189121837,0.911208155,0.67312513,0.391365809,0.096186251,0.636291886,0.592892094,0.554124172,0.744945,0.975501916,0.250643122,0.32122064,0.154152115,0.516280825,0.896651057,0.092997583,0.603581622,0
0.388914857,0.093489206,0.891173172,0.688143692,0.984913656,0.046674216,0.340005646,0.44648425,0.257638061,0.455745001,0.489814871,0.265015003,0.55748724,0.172548885,0.341207073,0.736911556,0.826741943,0.950844317,0.303103172,0.720463866,0.229794912,0.967793621,0.037396467,0.345935373,0.124602673,0.973835704,0.459532099,0.301384282,0.128887556,0.959450909,0.812416357,0.844221515,0.989575675,0.644125479,0.871040097,0.354929815,0.02134508,0.344937071,0.278436871,0.515568379,0.422842919,0.437126738,0.281302303,0.650886066,0.226987322,0.75095562,0.810642831,0.891931339,0.168000166,0.730577585,1
0.526782578,0.246864067,0.430365871,0.217351336,0.230038553,0.997828323,0.526541215,0.352693507,0.065547774,0.057449161,0.652324381,0.082850341,0.781571009,0.957607093,0.25910094,0.054483366,0.019035136,0.236480474,0.68519726,0.789669649,0.368296731,0.48310045,0.236136355,0.742829711,0.013161198,0.403489734,0.676459781,0.390329583,0.724699816,0.983876925,0.978133313,0.02332518,0.177314682,0.855862587,0.521747683,0.666059214,0.282742796,0.014007507,0.394001947,0.181457458,0.425843304,0.628028927,0.359910551,0.703091871,0.052054965,0.21746277,0.271255764,0.504285888,0.647133923,0.115482165,0
0.892630864,0.603673876,0.666565108,0.974926006,0.589975599,0.819867156,0.406817484,0.957314432,0.598490572,0.214233369,0.851035787,0.311833099,0.524580642,0.16132466,0.674810279,0.404920222,0.009576288,0.211873822,0.919737581,0.316882972,0.715214065,0.583130448,0.408029211,0.974253729,0.958856593,0.144383466,0.09441851,0.217557701,0.94249943,0.91782022,0.513874269,0.38280902,0.154453034,0.75674605,0.068699194,0.924646964,0.934024866,0.552519747,0.264094331,0.543224726,0.823321314,0.078080616,0.974170691,0.395023391,0.048250947,0.675122217,0.296781666,0.306142032,0.595251371,0.898602114,1
0.328982657,0.64273834,0.38278374,0.650300119,0.147768401,0.755711407,0.195707033,0.0894722,0.03802817,0.708483755,0.555223561,0.426392251,0.954242425,0.315940738,0.493235563,0.829322028,0.881914884,0.985767834,0.284716629,0.71068596,0.49231821,0.668604439,0.070439347,0.256816208,0.285140166,0.433177099,0.989472342,0.04486803,0.084976979,0.81708168,0.266317046,0.658356103,0.735594166,0.70368753,0.593642073,0.727544242,0.097394083,0.424606531,0.267391925,0.231139398,0.948742029,0.829910982,0.567717374,0.545737577,0.077163523,0.125532927,0.67768367,0.52666369,0.220709695,0.354013978,1
0.547228019,0.823305216,0.304963994,0.191366723,0.877492357,0.919764318,0.692292011,0.121053254,0.821091377,0.772416415,0.474268472,0.260264859,0.352070063,0.97513076,0.671392338,0.101021792,0.05387407,0.493122374,0.263313155,0.296366518,0.978055222,0.943860154,0.30645485,0.240020135,0.971771619,0.042232773,0.326128085,0.726129446,0.594053488,0.250424459,0.869026447,0.312168025,0.281079053,0.590636783,0.274906914,0.013017677,0.975271342,0.013177852,0.243516355,0.030024712,0.548830523,0.532090855,0.161852559,0.931260391,0.930932084,0.069521412,0.655870657,0.286569031,0.096754473,0.069142391,0
0.0120632,0.208541214,0.986811274,0.520973302,0.316050198,0.994489361,0.539832079,0.194326801,0.966974244,0.482028582,0.435065122,0.899109945,0.118585786,0.213682468,0.476339244,0.06695668,0.458627102,0.553085617,0.964191818,0.704723568,0.800715103,0.917658711,0.143410956,0.803153437,0.521576991,0.362996696,0.622373968,0.330418685,0.498711453,0.894545915,0.827820712,0.102628589,0.821770037,0.36230426,0.016852092,0.685373451,0.831723849,0.168570284,0.851353844,0.669854721,0.232066793,0.648624295,0.074838861,0.428968374,0.975544183,0.114295295,0.892768278,0.384931466,0.118984666,0.393597519,1
0.255367109,0.832499343,0.279708119,0.942641535,0.859930251,0.516216933,0.111287215,0.077349009,0.257662953,0.293563944,0.435354969,0.231051394,0.336438985,0.392899972,0.267502584,0.84190207,0.535278376,0.790368466,0.662529451,0.389722402,0.581371464,0.586304328,0.2795984,0.551433417,0.280023746,0.483409586,0.134831218,0.039702436,0.039352682,0.345432884,0.061473379,0.208522856,0.878340921,0.092258696,0.395306649,0.226983439,0.714003295,0.010177341,0.797287458,0.571819434,0.939509807,0.144103339,0.005292408,0.604309658,0.154158656,0.343677803,0.01726075,0.930724764,0.384969634,0.611461336,1
0.542060901,0.202148958,0.841183338,0.483121412,0.337636942,0.01901614,0.127131683,0.965969685,0.237652889,0.668181102,0.17085973,0.230162381,0.445669626,0.712358192,0.6470008,0.082662416,0.661156712,0.641227871,0.605726307,0.39196234,0.693299208,0.360404442,0.559520284,0.622884676,0.577759196,0.813215797,0.658332283,0.256253051,0.22334902,0.793201057,0.711819579,0.059720825,0.811155285,0.385553873,0.884577549,0.325748733,0.438554346,0.389724445,0.531393834,0.06153898,0.172176582,0.073912858,0.890874849,0.828052632,0.792018038,0.086347465,0.795178331,0.638088254,0.99244749,0.985657236,0
0.23784998,0.877186422,0.197279971,0.968334393,0.867639423,0.127067358,0.115687585,0.523921217,0.734003286,0.451100416,0.205810087,0.77292254,0.243224401,0.734357328,0.158343831,0.609246379,0.609818994,0.727357805,0.226028564,0.956772221,0.543667013,0.101062171,0.953549469,0.277202288,0.162000394,0.341505178,0.783384845,0.615974835,0.421394672,0.206830886,0.452044505,0.282116276,0.013696164,0.623086395,0.823231722,0.545066278,0.354617535,0.48741372,0.983882668,0.124790438,0.979642292,0.025385605,0.748664195,0.223153807,0.151566741,0.469693798,0.717734786,0.751160889,0.131101078,0.994735218,0
0.772579103,0.639664552,0.902494814,0.621874681,0.943818361,0.40490121,0.05584736,0.090072496,0.499443279,0.083588275,0.346189579,0.96839848,0.461007731,0.710763835,0.979135478,0.898956723,0.310668321,0.218360976,0.029767308,0.613023654,0.841247074,0.772454763,0.279478205,0.901201619,0.509891794,0.705417798,0.882935642,0.964047603,0.133149652,0.16663967,0.411496906,0.967971232,0.762019874,0.450227408,0.557770596,0.203326191,0.404656328,0.944787031,0.847071348,0.874703391,0.029756118,0.19817674,0.881961467,0.914234206,0.779635255,0.395910443,0.73693848,0.551360455,0.61530947,0.698318421,0
0.320603344,0.357562743,0.084786168,0.987167263,0.315398812,0.216796697,0.887678426,0.623900557,0.061110037,0.1251429,0.924994757,0.064327387,0.204205176,0.92474157,0.051145689,0.593057491,0.334941364,0.082171052,0.606701857,0.198731791,0.184878531,0.548492907,0.085795884,0.571838439,0.537179435,0.421530058,0.79192933,0.569578269,0.76531634,0.747161514,0.568072319,0.904457418,0.041003133,0.744759699,0.804030978,0.300733471,0.02691497,0.918285683,0.896626105,0.455164134,0.555681174,0.87955588,0.318383165,0.028339765,0.874653758,0.074649274,0.371779769,0.963991578,0.707045566,0.04913334,1
0.248447166,0.239084684,0.566968823,0.393293324,0.46891048,0.265796479,0.392994833,0.985267674,0.514193795,0.964387917,0.770166052,0.909644199,0.821241652,0.903617521,0.968592555,0.430902797,0.008183174,0.524548977,0.275007362,0.814340167,0.402594241,0.158801791,0.715125238,0.496391573,0.266504827,0.854683893,0.573940273,0.005947173,0.350427319,0.312876461,0.687229362,0.738615634,0.84299506,0.017120941,0.73366041,0.439640098,0.164624442,0.072875004,0.39607091,0.064249876,0.955244908,0.848453542,0.576900342,0.251010724,0.917757306,0.494537473,0.870302178,0.336524536,0.390553854,0.636458314,0
0.773156562,0.552716616,0.555175293,0.504062223,0.775480552,0.742357192,0.05075542,0.0603831,0.03219563,0.389828174,0.632261627,0.479299126,0.810524105,0.813719205,0.475338744,0.103856389,0.111959162,0.241633197,0.701545103,0.158757752,0.13188598,0.050784673,0.024235474,0.536151372,0.994288224,0.18275139,0.129343277,0.470619162,0.545352156,0.330211989,0.786334327,0.316625573,0.196098627,0.821113536,0.359592534,0.318645571,0.54675203,0.773121004,0.083541754,0.925382096,0.282421701,0.573120968,0.740368848,0.986884058,0.584245408,0.064627112,0.538963592,0.256169748,0.782792226,0.158088893,0
0.880221831,0.789094137,0.324119836,0.503853673,0.181500042,0.198244684,0.191895943,0.37633061,0.278472849,0.114078373,0.967074281,0.130353239,0.761549547,0.106845545,0.18309918,0.829283422,0.253323269,0.248459963,0.553828711,0.279279466,0.02986135,0.83537225,0.734449634,0.879705796,0.03280459,0.912692078,0.625106409,0.431707832,0.437207873,0.878570302,0.737741797,0.822521065,0.551167599,0.746030687,0.940672855,0.052675073,0.488303334,0.187716908,0.376540666,0.312280543,0.940982722,0.022067009,0.925607818,0.021287283,0.638575578,0.750109216,0.011882292,0.000838925,0.592328748,0.855511035,1
0.513836586,0.133179708,0.765714547,0.91754462,0.069935064,0.900911538,0.53273625,0.928107385,0.981542425,0.978516416,0.421728996,0.992985416,0.41571492,0.276566517,0.84457704,0.582271024,0.670217522,0.546039495,0.644542106,0.148610092,0.553744539,0.345500083,0.06276567,0.075812584,0.989410138,0.528841462,0.063377184,0.602695888,0.220902752,0.153886146,0.215110352,0.760130418,0.041879331,0.495785376,0.727530765,0.140107309,0.250811515,0.42862114,0.71000684,0.570423555,0.213832665,0.247102254,0.126941315,0.814675924,0.362207938,0.377784749,0.117751263,0.765462994,0.471983077,0.370690983,0
0.343536952,0.357197799,0.738759674,0.41876662,0.644314643,0.998666575,0.983912309,0.423157727,0.156315285,0.34437433,0.74184299,0.186411803,0.360664044,0.855729459,0.573959917,0.672532289,0.960400405,0.358030362,0.482082536,0.397689765,0.301686505,0.975663184,0.772952125,0.593747618,0.634086406,0.762995532,0.915709307,0.968986568,0.88088765,0.177860796,0.79615077,0.982435645,0.629689185,0.763670346,0.770971229,0.047601373,0.370564056,0.261078729,0.589877345,0.57054379,0.483390836,0.114759297,0.617137828,0.024002034,0.13275561,0.443072229,0.714602062,0.130207938,0.872462065,0.353325392,1
0.964847156,0.969888678,0.821057238,0.354329887,0.412141665,0.853153789,0.894197466,0.96763479,0.130184551,0.227428807,0.282276588,0.503144427,0.142393541,0.453315235,0.767636755,0.816623086,0.221342572,0.495424729,0.058185724,0.860887208,0.387729585,0.683176046,0.037508648,0.487849771,0.471191141,0.112516387,0.406056444,0.382121912,0.825018446,0.407926536,0.927611772,0.076798475,0.634748428,0.724166928,0.580311118,0.471057769,0.639028934,0.8729119,0.032561584,0.382874239,0.639972241,0.063916206,0.492995868,0.665936349,0.026276973,0.712868034,0.831105864,0.468907445,0.180268936,0.020910066,1
0.386394226,0.532296536,0.610985737,0.334359056,0.306936409,0.192877344,0.409548455,0.726798283,0.910559957,0.855367914,0.399187129,0.994127383,0.887661827,0.326821467,0.915447773,0.025256195,0.317401791,0.38543166,0.825173723,0.327171226,0.219942559,0.802476897,0.93440003,0.608301494,0.215953489,0.613540367,0.268596533,0.390391214,0.491505752,0.320241526,0.658574155,0.41066584,0.429835956,0.719383068,0.013346526,0.16350187,0.650835631,0.593357084,0.675898725,0.292833992,0.837064356,0.818202458,0.077929377,0.212664099,0.744304678,0.63158536,0.771808466,0.895574433,0.03336741,0.740879893,0
0.685176813,0.17417929,0.555916752,0.700244757,0.099133395,0.114000928,0.336500369,0.406537866,0.86989402,0.65763441,0.741413578,0.946017917,0.629226817,0.059491867,0.402815972,0.645080225,0.730599473,0.661864146,0.1629099,0.684233908,0.421717819,0.467535894,0.051012932,0.404812407,0.263649715,0.497345906,0.458097278,0.112146401,0.540231438,0.246467152,0.705364167,0.060914342,0.979438181,0.379003065,0.381592513,0.868322804,0.862713184,0.797193057,0.127611123,0.118199532,0.277418295,0.422931016,0.147933208,0.635445955,0.042081456,0.138831649,0.723615063,0.961331135,0.076038912,0.994973651,0
0.037545094,0.318649827,0.239053661,0.950973499,0.202827863,0.856870417,0.033940238,0.11662312,0.211981471,0.443834343,0.896809141,0.136272742,0.092678006,0.317609064,0.81911224,0.78787212,0.673280124,0.949919218,0.477620979,0.961899725,0.307667555,0.687127283,0.878716553,0.818118329,0.179658399,0.47555644,0.571393347,0.168159844,0.702646923,0.409387344,0.593723941,0.211010547,0.643285798,0.155431608,0.117365702,0.985132229,0.906986573,0.644280424,0.918706108,0.781230091,0.924392606,0.767107038,0.827772306,0.624319029,0.37728824,0.88127642,0.027037919,0.680148399,0.78517034,0.843095981,1
0.966669223,0.747943381,0.926973624,0.25489271,0.941229053,0.499431964,0.924588908,0.550380624,0.523821731,0.899597755,0.668271809,0.945579707,0.650313091,0.060714157,0.367293191,0.50279564,0.785993622,0.565618116,0.912805185,0.57033278,0.843756906,0.389237767,0.210711026,0.146167394,0.035565861,0.217196484,0.903657535,0.813496579,0.466418181,0.376449624,0.52023838,0.353785097,0.9386411,0.025775165,0.297582292,0.914326386,0.567857512,0.145189231,0.728895447,0.26499162,0.880746696,0.292682332,0.727724816,0.687784572,0.641724674,0.243616231,0.577146744,0.812131923,0.352138226,0.533533694,1
0.852675886,0.467697461,0.046748598,0.51876411,0.890414999,0.976238865,0.148721879,0.6506104,0.506961455,0.163253287,0.23370672,0.071545704,0.595048378,0.863739244,0.144121812,0.013507387,0.252315461,0.451275411,0.132904046,0.892888182,0.195909668,0.853348639,0.159950896,0.384308085,0.623843112,0.853001292,0.367688991,0.628819944,0.487145638,0.118891484,0.630200328,0.604063669,0.396162378,0.1794627,0.799194987,0.530628259,0.66174062,0.757414047,0.309292033,0.319097104,0.495630429,0.264268616,0.552448625,0.127525745,0.749022875,0.374642486,0.743374785,0.699635659,0.289329757,0.028270697,1
0.648401216,0.184664549,0.471735931,0.479607445,0.934341332,0.909471204,0.825427398,0.320423022,0.874349061,0.993914376,0.441973813,0.80348089,0.913544817,0.14647047,0.922570509,0.922141659,0.192816344,0.028425601,0.277932068,0.01330122,0.270886348,0.956309927,0.73161234,0.013039238,0.873857048,0.86200743,0.67089739,0.384204393,0.553735458,0.016111128,0.578240247,0.383600913,0.626095529,0.091777129,0.78458837,0.853613683,0.796407187,0.526769965,0.013694572,0.499073494,0.421643446,0.036790383,0.76305676,0.467471591,0.314228927,0.672293913,0.13260766,0.77366986,0.539845949,0.398307806,0
0.076698097,0.305235437,0.671041114,0.112113996,0.468063401,0.045630632,0.448086334,0.199548782,0.235254656,0.45574385,0.578916185,0.105294859,0.4812108,0.38242247,0.19761421,0.000513636,0.705976954,0.629890811,0.330454107,0.690685031,0.948040474,0.098932668,0.166982881,0.517888328,0.818918423,0.47607758,0.263459318,0.901753507,0.6128946,0.536726964,0.349479029,0.568530929,0.885681927,0.485332159,0.323697332,0.329591672,0.018687745,0.512370584,0.195598175,0.044601394,0.621854035,0.365952185,0.205236875,0.219295056,0.065331079,0.521052803,0.583643203,0.823525175,0.889911487,0.028133501,0
0.501244895,0.930443964,0.387331045,0.70110432,0.972569417,0.076278035,0.218570929,0.75100756,0.676829815,0.433196836,0.409971465,0.995497293,0.014216803,0.896746324,0.705640214,0.478860069,0.045059779,0.661006171,0.706916401,0.851466215,0.108168028,0.935901943,0.368932534,0.904918521,0.512803757,0.722183532,0.631697972,0.950123601,0.371674815,0.538260331,0.578132849,0.958974815,0.074584057,0.910700286,0.754141309,0.665608599,0.737776241,0.095753136,0.504171233,0.06620137,0.12957016,0.193437733,0.70823861,0.745185479,0.163561694,0.46070833,0.03448814,0.371386412,0.731583014,0.16682473,1
0.516895999,0.987575205,0.045079264,0.68797815,0.277556866,0.316284604,0.205983354,0.755421012,0.084030891,0.721945697,0.750950432,0.893895006,0.359514223,0.889567811,0.397587885,0.130781506,0.802186063,0.798546626,0.708935921,0.007650712,0.094925515,0.476836629,0.453026774,0.513250887,0.719321687,0.797006749,0.130598404,0.719643666,0.199815578,0.879289528,0.920061741,0.737488142,0.905560312,0.418914325,0.184660259,0.844640165,0.247217731,0.279206184,0.618223128,0.949813436,0.400839321,0.278435698,0.174829066,0.970766787,0.810441542,0.323032766,0.478834263,0.557432193,0.956857661,0.147390752,0
0.923361168,0.616337096,0.788237599,0.12866105,0.359421301,0.687365908,0.269722633,0.461147407,0.799975822,0.988820015,0.294044878,0.424955057,0.611907017,0.803212038,0.576800003,0.815468671,0.397371211,0.103958638,0.923097685,0.928301444,0.519624689,0.823967617,0.87870933,0.778101989,0.347640369,0.627503163,0.304049415,0.726762653,0.68109627,0.111059865,0.654520542,0.105061786,0.645867541,0.627695219,0.228271156,0.54662342,0.689025007,0.94445148,0.480429721,0.887539818,0.001912096,0.267311248,0.142407971,0.74186857,0.65868634,0.818011323,0.471984399,0.565942752,0.166188911,0.682201284,0
0.306168943,0.914682235,0.542775678,0.958312951,0.361840741,0.160248622,0.915803324,0.984475729,0.680943224,0.749889416,0.628537438,0.090795634,0.150757547,0.318058391,0.631507063,0.650643332,0.412219848,0.507965544,0.96647789,0.656941807,0.577710519,0.624295056,0.635270522,0.956404943,0.395051266,0.605030202,0.29090176,0.885634286,0.522147353,0.501643519,0.460252298,0.54965111,0.769930284,0.058942075,0.160594944,0.866642242,0.057413226,0.649235887,0.436062124,0.574641341,0.712927042,0.815533584,0.204937341,0.822134075,0.852559048,0.142829753,0.765615072,0.812279892,0.426133166,0.450669662,0
0.974894239,0.671892076,0.028063629,0.484573273,0.108662555,0.260930933,0.915166751,0.504422629,0.855340202,0.112872341,0.131049916,0.965240056,0.900916858,0.55964537,0.794271285,0.526759188,0.554389445,0.831025235,0.949819644,0.058314072,0.577201889,0.076658428,0.37300747,0.10162415,0.548304357,0.992798532,0.358536005,0.42804671,0.050696252,0.548840627,0.537101017,0.937097708,0.469411033,0.775850594,0.078241854,0.754451826,0.232340942,0.70958597,0.053178432,0.461305392,0.125657422,0.342903133,0.350491078,0.359165952,0.79751763,0.6607732,0.463336154,0.858416502,0.674303285,0.035253183,0
0.531392405,0.540988955,0.365228316,0.13009485,0.385680182,0.793256343,0.096138808,0.149099417,0.646663809,0.64272002,0.889632131,0.208719677,0.764169118,0.933321906,0.267459373,0.668272072,0.581784398,0.690085854,0.446682084,0.359277193,0.289951453,0.073566415,0.096271197,0.249080928,0.88685426,0.17649149,0.284609031,0.38367422,0.585924276,0.653067977,0.833527965,0.954380501,0.563941614,0.246061133,0.184119698,0.215591031,0.617974437,0.599920338,0.982164368,0.142998918,0.093355471,0.697453891,0.518849233,0.326536534,0.278181738,0.440949999,0.207417032,0.430068447,0.192444246,0.621232641,1
0.381690814,0.675586461,0.424416319,0.459903179,0.463722014,0.678303775,0.22897717,0.987545642,0.077379843,0.846620317,0.947925638,0.549086243,0.031699014,0.574545117,0.864986898,0.207483572,0.060716319,0.307401223,0.430777114,0.560668174,0.37054127,0.466332127,0.257446522,0.873702586,0.993200575,0.996667981,0.582543267,0.70254296,0.667676681,0.747135526,0.563887766,0.735590574,0.199629636,0.256769143,0.437913238,0.776946964,0.843089934,0.558086421,0.516606762,0.47843931,0.136602174,0.026658193,0.161709431,0.794324077,0.396470215,0.073361809,0.09750948,0.761325035,0.725219786,0.611201548,1
0.695625644,0.533147955,0.349665552,0.992885485,0.776689496,0.090724307,0.022159471,0.55036386,0.446648946,0.093919341,0.56582777,0.298663119,0.825581535,0.609142952,0.109572293,0.404657164,0.240003319,0.851784642,0.764472066,0.274912578,0.083550994,0.876573926,0.299558891,0.401421608,0.766811448,0.433879298,0.097070826,0.194389181,0.206991063,0.925672528,0.713628892,0.965521266,0.335473132,0.263053203,0.265850404,0.140339991,0.314064272,0.328737536,0.936137046,0.158516451,0.535325912,0.894325112,0.814461019,0.308288334,0.834823376,0.186551179,0.188316165,0.687763963,0.512581883,0.79420011,1
0.848950044,0.84935543,0.936842502,0.142804267,0.131017739,0.130749385,0.556315275,0.968812729,0.193797953,0.229950441,0.7616893,0.187245727,0.904303574,0.123124756,0.454413283,0.548508091,0.473172901,0.78861793,0.172988788,0.829461692,0.80752539,0.281086987,0.349738249,0.847610085,0.789227745,0.350098465,0.978145747,0.938963518,0.492128166,0.176774056,0.545557369,0.47747953,0.301872553,0.753635237,0.710310086,0.266437908,0.807319248,0.806968253,0.059796255,0.709492369,0.476154639,0.948626808,0.210209781,0.776648934,0.19105783,0.83042722,0.100058937,0.512236268,0.454664963,0.663709488,1
0.229038504,0.202949656,0.743962344,0.048542075,0.347545635,0.156827505,0.358507749,0.806139969,0.666750709,0.465143059,0.042419928,0.068611173,0.022121375,0.244767465,0.754996758,0.722696529,0.908631816,0.748655859,0.643362342,0.416434678,0.954129446,0.716578197,0.21483208,0.532958835,0.763341936,0.862782144,0.179377537,0.918221831,0.09424215,0.545045766,0.043982677,0.360045617,0.460736345,0.229542199,0.214008581,0.116195311,0.384487074,0.330738476,0.695855266,0.511831362,0.580758196,0.036054264,0.785795232,0.273891079,0.145688892,0.979749386,0.265876796,0.930926539,0.067805651,0.606520727,0
0.843436653,0.67938038,0.570081261,0.545523169,0.378323739,0.47203062,0.110973718,0.048815645,0.518365251,0.676160608,0.968296148,0.000317166,0.868820563,0.735072111,0.037048805,0.718964978,0.494032513,0.692210477,0.532180524,0.64819196,0.364173526,0.08769751,0.652061485,0.339525567,0.871744057,0.853630716,0.278039789,0.828226149,0.617224928,0.52293281,0.94914359,0.824670134,0.746006342,0.639957983,0.986370052,0.248739913,0.508629417,0.129857966,0.014931933,0.617260457,0.174941542,0.622267261,0.56958967,0.154170059,0.320681625,0.307922588,0.488390754,0.13351227,0.739198122,0.368217141,1
0.982714448,0.456526472,0.629390788,0.571406458,0.496544919,0.510305942,0.167619425,0.482072876,0.611505714,0.727165336,0.827128419,0.256111486,0.982657126,0.483648636,0.64118274,0.015313441,0.287237981,0.921015664,0.744006237,0.620895515,0.386457673,0.091611675,0.708772203,0.963509123,0.318434744,0.516613296,0.267177135,0.770025143,0.645213826,0.896537324,0.633946342,0.66975729,0.818961893,0.744956375,0.518388305,0.690468256,0.773639262,0.031692987,0.448755214,0.20713611,0.416225845,0.637942648,0.223940845,0.716747696,0.304689057,0.807604972,0.627045964,0.330656984,0.402203965,0.491340597,0
0.673471594,0.945010837,0.55504871,0.832726683,0.732259144,0.483213055,0.082340826,0.749512149,0.57528681,0.462966569,0.095280658,0.858433566,0.142657271,0.075708712,0.813702858,0.924792919,0.603676821,0.412682559,0.026706156,0.764292558,0.856092875,0.816908947,0.609521166,0.032761323,0.318849491,0.88243593,0.777309924,0.299425694,0.731467476,0.011044343,0.886289598,0.256623298,0.014333739,0.724595166,0.733164634,0.720935037,0.842664954,0.266164419,0.033045966,0.619539395,0.158617465,0.598424428,0.116342166,0.959767884,0.463584452,0.375280694,0.749327634,0.492446948,0.995462645,0.975997514,1
0.513464473,0.451472729,0.006759991,0.095899453,0.165806172,0.168322812,0.660054684,0.113427707,0.255852385,0.967328008,0.88726421,0.204876909,0.389044351,0.626473248,0.244656967,0.647643091,0.761043772,0.085488201,0.248412349,0.746588955,0.708487519,0.606080135,0.303215422,0.773011069,0.182174226,0.359819861,0.762405495,0.450674984,0.784682872,0.756233245,0.021417487,0.851341001,0.333054323,0.569688605,0.891428341,0.542833869,0.433444471,0.596281564,0.771507481,0.734227652,0.932243391,0.163118682,0.122246444,0.50257185,0.440055364,0.728002166,0.510265727,0.459452784,0.358981774,0.270062747,0
0.982877326,0.031745989,0.735024369,0.720670257,0.080470782,0.019270717,0.307446733,0.308476237,0.675328624,0.18140362,0.616785527,0.261442778,0.783302237,0.947689695,0.860763639,0.338684162,0.839830871,0.634449038,0.721999442,0.124015708,0.625282169,0.893517705,0.204470248,0.878580663,0.321854347,0.062013255,0.022529269,0.47059798,0.626207073,0.453106495,0.098894939,0.790720122,0.608613685,0.001448194,0.984972802,0.093082713,0.145023045,0.569920471,0.725140265,0.657151728,0.6603844,0.226292514,0.120065764,0.324843337,0.786819708,0.314808434,0.816911352,0.845123025,0.956233799,0.175287375,0
0.817151301,0.837421601,0.308315007,0.244269989,0.648539075,0.71539327,0.29241789,0.428219492,0.117913757,0.377858228,0.531646699,0.625498983,0.467831137,0.415583853,0.941205467,0.933518809,0.717824615,0.91145196,0.210324242,0.250109565,0.176762133,0.293268945,0.740369519,0.629773485,0.080900287,0.367507834,0.865172081,0.384509822,0.758855794,0.471601937,0.546616731,0.632170231,0.781739604,0.819421118,0.491438135,0.860683218,0.235841783,0.043248275,0.919347601,0.022199422,0.831749974,0.675483944,0.869807427,0.33629378,0.302286839,0.138080804,0.594759646,0.185694928,0.622622652,0.424004254,0
0.350815589,0.240108286,0.858873431,0.53631008,0.74786602,0.794753919,0.806103882,0.382587578,0.091499767,0.342359663,0.755762981,0.276024177,0.2110064,0.958422867,0.144052811,0.20985639,0.332158977,0.586310612,0.332562868,0.069525843,0.475781618,0.389401156,0.684780101,0.41330341,0.064340863,0.154568473,0.969149287,0.550375096,0.761320781,0.80526982,0.182863168,0.254471698,0.912581188,0.493526553,0.394685454,0.084926629,0.271005455,0.229558425,0.882163846,0.267584647,0.635789236,0.290583248,0.973111656,0.717577509,0.463305323,0.582376063,0.301644198,0.007167632,0.970710469,0.10854644,1
0.416833693,0.602489188,0.920894139,0.673027647,0.70363226,0.749358017,0.536631269,0.225092898,0.416174498,0.003379906,0.001845348,0.976916935,0.22836019,0.984838539,0.715075193,0.31499599,0.049560848,0.425234533,0.370688683,0.116993251,0.139521725,0.139487208,0.359961621,0.841345125,0.034485908,0.638321825,0.71883495,0.070543682,0.55665827,0.640091072,0.260254278,0.713657551,0.958421079,0.371796351,0.424594349,0.363355947,0.884179765,0.955301992,0.713124662,0.588854413,0.907310965,0.697988023,0.75148458,0.627727734,0.878497305,0.516338865,0.2854152,0.641285004,0.713446584,0.557589864,0
0.345317667,0.242319753,0.754773133,0.984696557,0.838548004,0.524249982,0.694040987,0.430661752,0.665704383,0.194936989,0.188898468,0.635862699,0.837277771,0.388240607,0.381901472,0.322767539,0.859793683,0.118794708,0.76487034,0.497029079,0.352254371,0.989838899,0.984242145,0.390093373,0.536130146,0.183499696,0.57602933,0.672497587,0.33456065,0.989689372,0.699184269,0.127261891,0.653522606,0.873213558,0.551580172,0.59526455,0.273482381,0.987851843,0.142879597,0.169995827,0.197083142,0.017576516,0.48976515,0.142496325,0.948233804,0.91003786,0.223970402,0.133954202,0.799604992,0.709754696,1
0.389552593,0.75226658,0.329175319,0.077152864,0.099287958,0.814245838,0.070116711,0.955464965,0.743798246,0.767500805,0.932153969,0.068230368,0.761337933,0.732018501,0.717006722,0.707224643,0.504499979,0.813123864,0.834420744,0.374838524,0.35827193,0.512768065,0.773801746,0.355991966,0.807006559,0.541852268,0.976596221,0.718536608,0.197414425,0.331386423,0.819322591,0.919675328,0.144205299,0.350978237,0.237237075,0.055710725,0.573197966,0.91784851,0.542537913,0.057216327,0.965098614,0.445799343,0.470135815,0.940955642,0.351249741,0.781762645,0.735037442,0.870710248,0.213624502,0.6802249,0
0.357786318,0.830292352,0.094766226,0.620798701,0.18270466,0.145600508,0.418323058,0.65313243,0.009796232,0.226803007,0.011823862,0.790488364,0.846330461,0.77031889,0.998747522,0.25498714,0.371577019,0.536510075,0.757903273,0.849570524,0.453720682,0.271477749,0.081926413,0.307185005,0.174830103,0.220491606,0.309421086,0.335965853,0.635993065,0.992464046,0.284021879,0.688927207,0.047584583,0.184851979,0.582701179,0.987363953,0.564534525,0.122327729,0.807890045,0.119776971,0.232004341,0.013454996,0.16134826,0.880077533,0.691816997,0.42967681,0.507922316,0.906415542,0.734697378,0.504521022,0
0.047218072,0.677987325,0.77407447,0.564580709,0.83910965,0.20277401,0.660776461,0.36969993,0.276420731,0.850546022,0.559359439,0.185987547,0.959586765,0.161140714,0.223565005,0.953353744,0.755463625,0.412189034,0.254307253,0.913968595,0.65420959,0.775913185,0.405876194,0.856031548,0.311955705,0.198745797,0.159190126,0.162986162,0.326079516,0.316139945,0.788190104,0.466069721,0.188261907,0.362470587,0.890730429,0.312028307,0.817478084,0.873199898,0.366782421,0.336277225,0.483969287,0.835292573,0.024792717,0.733999185,0.090245073,0.92088471,0.33862126,0.144922853,0.127435969,0.838435738,1
0.281902272,0.470177261,0.171759584,0.327605601,0.439022364,0.613613556,0.701858588,0.81106853,0.120758803,0.311340702,0.258606071,0.739497111,0.733997424,0.933718526,0.007503238,0.955198987,0.05586934,0.161946564,0.492757651,0.842421676,0.558452896,0.632039647,0.513319392,0.930924288,0.90222833,0.984840617,0.045735428,0.624952607,0.700305217,0.065205065,0.951669155,0.847997831,0.361175296,0.084843118,0.533943784,0.086741329,0.150289464,0.607620444,0.646963605,0.542785543,0.704977835,0.714548027,0.790689958,0.005101963,0.452091936,0.476689758,0.552218557,0.271957048,0.418114154,0.144680612,0
0.343892483,0.439654687,0.736722595,0.717493479,0.938940473,0.62580457,0.929338068,0.338404361,0.553680598,0.127975965,0.494079983,0.811351299,0.549368901,0.082897252,0.272713844,0.260547247,0.77171412,0.74223977,0.825637918,0.52694446,0.805099091,0.402566509,0.904308196,0.460243724,0.430899842,0.859890146,0.221229492,0.097112645,0.839729806,0.857916891,0.73301283,0.395336615,0.003928869,0.414643234,0.25682244,0.208518688,0.828322222,0.534980938,0.237814417,0.474513586,0.215848574,0.979523462,0.918292815,0.628269462,0.894211743,0.347957244,0.217205494,0.328731654,0.473881542,0.874575376,0
0.503824926,0.354036392,0.804296047,0.892715427,0.423132208,0.625499395,0.941143152,0.021455154,0.118938576,0.777871384,0.386282892,0.066737661,0.413562236,0.074306658,0.53019024,0.465087396,0.576338913,0.010116663,0.233984732,0.402116196,0.965565801,0.245981917,0.439104167,0.881375332,0.200839871,0.117713198,0.915039218,0.694130571,0.384198895,0.6636645,0.118057989,0.581801373,0.743785899,0.120474325,0.083795341,0.823172079,0.242800875,0.513682984,0.981941106,0.322694001,0.897955045,0.671446164,0.161562571,0.516799195,0.83350177,0.772645879,0.421218995,0.633395395,0.629934939,0.713298138,0
0.767395152,0.629551998,0.044712428,0.574499234,0.831737162,0.480535356,0.489359317,0.889109426,0.598138072,0.246326003,0.28658972,0.845494905,0.66667128,0.613296952,0.153023534,0.672784684,0.53983494,0.289522587,0.201195682,0.945977506,0.964619475,0.246385647,0.213802205,0.756053124,0.921293767,0.570830007,0.895999047,0.383768484,0.032760091,0.783327884,0.530937133,0.060012677,0.269871814,0.737274396,0.364502974,0.555223563,0.852569885,0.186697373,0.397336225,0.233687644,0.812054721,0.418467676,0.884531847,0.553853668,0.199615172,0.909333244,0.716530723,0.810359366,0.003915292,0.888881035,1
0.860328439,0.078685036,0.245050654,0.854662863,0.990521448,0.506761065,0.776953205,0.081269717,0.412720282,0.791978154,0.660366461,0.026446083,0.941077265,0.128400888,0.723580237,0.038223934,0.283308249,0.309336083,0.982725207,0.063920996,0.510462715,0.237401436,0.805582098,0.677764078,0.530103889,0.598605617,0.206308844,0.634234526,0.966019019,0.34662008,0.859414433,0.95198796,0.984948679,0.57480456,0.902126387,0.688261795,0.816400498,0.140968534,0.577407581,0.064815044,0.460042736,0.195722005,0.262448097,0.992512592,0.631779412,0.830080323,0.876279198,0.473494096,0.477854731,0.293225367,1
0.637630709,0.093309231,0.101563348,0.606707038,0.721165888,0.193954816,0.776635241,0.554372206,0.802133618,0.177805564,0.120338994,0.558673016,0.521156894,0.854440398,0.465476821,0.44753605,0.166987056,0.041612131,0.146521522,0.507212056,0.919368816,0.253058731,0.194057162,0.659500845,0.442786304,0.154276904,0.138524042,0.850071884,0.708485573,0.675575012,0.718670405,0.462175514,0.108381046,0.906824857,0.075035471,0.476625335,0.434214718,0.148916712,0.630674869,0.461105687,0.444899385,0.634281308,0.537716601,0.285342403,0.197130284,0.240967038,0.624704577,0.733185872,0.516629661,0.177222214,1
0.572825419,0.510185874,0.889892441,0.777799067,0.801491976,0.89540569,0.05177262,0.99536136,0.740471479,0.853222275,0.60162203,0.07731281,0.966417947,0.294280052,0.394891655,0.115387087,0.866989938,0.164859708,0.142794185,0.210049676,0.55738038,0.750649235,0.3942952,0.960246172,0.101161924,0.797126685,0.874131247,0.24891779,0.979696444,0.708396719,0.864474308,0.486184719,0.158186359,0.925562675,0.484919523,0.383598182,0.42971669,0.776740048,0.469553338,0.016783216,0.414825772,0.260533212,0.920182582,0.173521853,0.027388514,0.587515815,0.414025835,0.6042589,0.123647589,0.234048955,1
0.326365927,0.451245971,0.837265585,0.085551596,0.049380877,0.136385407,0.15721348,0.846843003,0.15169433,0.449669435,0.707482901,0.488214078,0.160332881,0.673249017,0.97292769,0.411131769,0.529925566,0.489938605,0.275684159,0.622336766,0.507974459,0.061723715,0.070804853,0.44915003,0.414324238,0.714742318,0.064647145,0.383798655,0.202046607,0.778068738,0.126688799,0.346787057,0.227712796,0.606096544,0.712608013,0.269368248,0.130930323,0.459883011,0.56544735,0.604109665,0.191413618,0.691149245,0.793450893,0.922533588,0.922856238,0.407703461,0.630376385,0.339179539,0.100676847,0.850367307,0
0.252637464,0.272049123,0.576472237,0.049756391,0.172316816,0.499003901,0.507659254,0.831827914,0.698466958,0.401503218,0.840800298,0.026341285,0.276333269,0.36697455,0.634925918,0.28142719,0.44720948,0.118095225,0.990253097,0.514108049,0.752541778,0.264323498,0.025237569,0.823294303,0.12635264,0.019138245,0.776690915,0.157212473,0.00699838,0.165645975,0.62302104,0.740893913,0.077848734,0.936703756,0.893521894,0.352256617,0.554747379,0.77463339,0.531638717,0.082176266,0.301009812,0.625598907,0.447293546,0.08180096,0.780532866,0.861568164,0.781701042,0.51237965,0.644256916,0.724888203,0
0.928635857,0.615934263,0.5243702,0.238761996,0.902441173,0.071670424,0.94979548,0.183276743,0.398312084,0.4626854,0.552346765,0.605258599,0.881082205,0.602975228,0.006198844,0.156673772,0.33500054,0.030522105,0.04183586,0.87417115,0.687056965,0.761191461,0.722708149,0.3305974,0.114723882,0.945941565,0.129945088,0.999620786,0.702682015,0.791540419,0.267471854,0.818271027,0.262907847,0.499775753,0.315907313,0.854953634,0.627134802,0.762218795,0.566127964,0.246953525,0.037934071,0.477525281,0.081942167,0.812494438,0.413203767,0.44254006,0.141098865,0.783057646,0.123966807,0.227637821,0
0.147909669,0.818449639,0.436063739,0.228170087,0.169163251,0.43346443,0.658169442,0.32286587,0.446127814,0.979883512,0.050766305,0.034232782,0.698159465,0.002670905,0.974871447,0.477785278,0.785308171,0.029042485,0.089459036,0.437457581,0.945640543,0.58319599,0.329408122,0.52579893,0.670230957,0.931593548,0.510810786,0.564437943,0.134414613,0.325963558,0.112140745,0.45304773,0.223938362,0.516974935,0.057474951,0.077520896,0.29890173,0.19200851,0.380441914,0.786930359,0.720138216,0.354991419,0.015999678,0.461383329,0.969633585,0.852463048,0.180513401,0.898710132,0.066260093,0.07741581,0
0.310560392,0.05106935,0.795961566,0.955461653,0.256625949,0.559659239,0.585524597,0.354182485,0.769860702,0.121978324,0.877559867,0.732993996,0.653242862,0.029839951,0.99427453,0.712857453,0.303296181,0.001376085,0.992446196,0.722122859,0.03445489,0.465285473,0.288441447,0.126015444,0.891491479,0.082289728,0.650746982,0.445045711,0.685101097,0.475919441,0.526592038,0.55133277,0.405334053,0.042430467,0.236239582,0.755478737,0.42602808,0.198426609,0.778226059,0.564868338,0.399222374,0.408129565,0.791609383,0.128224919,0.335782022,0.780492929,0.805631254,0.412959793,0.726495476,0.999162243,1
0.565045171,0.821391826,0.291528375,0.446301869,0.284303718,0.37998573,0.275094779,0.669054959,0.66715899,0.21990136,0.329925756,0.167802086,0.2128655,0.520017566,0.735557191,0.14506752,0.32033621,0.879986461,0.283890138,0.848044323,0.650010169,0.204140132,0.819012973,0.215989483,0.740034698,0.648545617,0.093501616,0.318239715,0.31048529,0.447422436,0.457238713,0.990586672,0.513359085,0.013134962,0.516179061,0.486966268,0.439272991,0.319704654,0.69743813,0.451435255,0.097763833,0.638450975,0.35354614,0.054762734,0.451568191,0.281829662,0.073783707,0.969303603,0.59918181,0.439821545,1
0.932053968,0.203276055,0.366621891,0.64218625,0.693964239,0.619487053,0.89971468,0.128643384,0.661668387,0.505673788,0.147906432,0.958085575,0.879301671,0.16058044,0.966619959,0.53941909,0.670787148,0.170733875,0.758688795,0.579673704,0.212846351,0.164406429,0.05115363,0.625718202,0.050483174,0.847202119,0.220817929,0.420152848,0.135956689,0.324452426,0.608681783,0.562353782,0.991593522,0.176771965,0.372112565,0.190907598,0.609002343,0.661693499,0.500605544,0.329278957,0.624024413,0.458369928,0.077158104,0.490050982,0.38934947,0.586410846,0.361182421,0.150479919,0.735566166,0.917891339,0
0.69250024,0.267816912,0.329652381,0.309706839,0.863677982,0.098885487,0.837637631,0.144506385,0.182003188,0.605238714,0.227046465,0.93059744,0.702401514,0.662632434,0.483038563,0.049913685,0.67338161,0.76705802,0.765279669,0.658460831,0.514223066,0.330167843,0.000119798,0.804372314,0.048730776,0.21544351,0.540773835,0.231780917,0.534413974,0.847558698,0.530570749,0.817711415,0.716809766,0.274396899,0.859368594,0.144763944,0.541287426,0.538018831,0.768191366,0.373189562,0.82832214,0.886706456,0.10362951,0.337915218,0.765034563,0.572589758,0.826449673,0.740218599,0.284953289,0.97601152,0
0.104291492,0.154117948,0.394895735,0.37000762,0.23262931,0.477247104,0.683311363,0.147163261,0.256792977,0.155117786,0.451655207,0.044039929,0.944614953,0.499772814,0.681746389,0.876942534,0.63489379,0.628931443,0.685134889,0.42274921,0.845459935,0.685259042,0.378670596,0.728860782,0.695435326,0.935784072,0.731962853,0.406098417,0.420492702,0.93289242,0.16977229,0.409290325,0.180652319,0.766340206,0.939854146,0.264695861,0.363668576,0.037278741,0.943540087,0.666593274,0.212617167,0.930000047,0.020645312,0.974498204,0.373535101,0.670045441,0.981707917,0.763553676,0.315385757,0.306350891,1
0.453455188,0.667530002,0.844284755,0.562240967,0.162962825,0.289172041,0.947058193,0.478505613,0.442380308,0.869034538,0.978730254,0.681720653,0.553382489,0.518777992,0.61182114,0.058041809,0.074974638,0.634352679,0.584828777,0.310823508,0.681321405,0.386503697,0.90525866,0.709539002,0.289418361,0.206013855,0.054277606,0.219765182,0.890288051,0.11150062,0.847987482,0.211173687,0.857876648,0.431344995,0.718034759,0.097944203,0.08351958,0.193427151,0.496392468,0.654728702,0.529567565,0.866059566,0.807977067,0.433401173,0.717579499,0.758690819,0.235514432,0.033047723,0.450280965,0.90603944,1
0.891586208,0.038303904,0.5001035,0.402446918,0.689481233,0.225762868,0.641318256,0.33531146,0.54262884,0.715448976,0.458052465,0.879126523,0.970425794,0.744127139,0.615512547,0.132031639,0.466469072,0.753630448,0.251822302,0.070882444,0.29273381,0.75450442,0.085933774,0.752733844,0.321204913,0.591643931,0.227762433,0.443300288,0.310107034,0.166916104,0.191969201,0.14474685,0.229696455,0.481570951,0.099885601,0.155052634,0.429317836,0.444007649,0.078496854,0.115043452,0.915395973,0.936946597,0.497891678,0.322112464,0.565537851,0.639276221,0.517973643,0.188977852,0.963144109,0.502275144,1
0.260290323,0.692536685,0.122551708,0.33170193,0.515717932,0.171289477,0.681728607,0.518199296,0.277108184,0.43279295,0.888734743,0.48237476,0.411439634,0.890857623,0.576349701,0.232764766,0.212950235,0.983823258,0.360659833,0.38544143,0.921612097,0.496510604,0.9682787,0.323833848,0.772214094,0.114227912,0.884517726,0.850484292,0.633637941,0.132056223,0.999996823,0.995792011,0.123888695,0.979759458,0.139495386,0.442212897,0.635940864,0.337373436,0.701734612,0.105605265,0.756383027,0.603870605,0.296834377,0.061543836,0.103693476,0.398697255,0.60565309,0.991977182,0.890179387,0.85188653,1
0.829785901,0.684145098,0.343117512,0.234226613,0.683315014,0.794780719,0.180760643,0.892788952,0.99559937,0.150189693,0.072654066,0.079899256,0.330663398,0.635740098,0.020548101,0.010042151,0.128046413,0.037493212,0.705935969,0.486293983,0.894203262,0.800888062,0.754617388,0.922441251,0.488356491,0.661114218,0.636360806,0.748812825,0.067395018,0.356314867,0.889256099,0.639780936,0.820508865,0.703263696,0.921026259,0.041481034,0.450718553,0.627532207,0.319043012,0.005320773,0.556774919,0.093835084,0.184606873,0.289419817,0.599867817,0.095228824,0.716594585,0.511589193,0.994586898,0.170591725,0
0.879747967,0.614747261,0.346821204,0.977791895,0.398792279,0.034449113,0.715066002,0.880288817,0.63911264,0.404099989,0.487981333,0.591619279,0.538391341,0.425478967,0.136297054,0.447949612,0.311449709,0.809766965,0.29017284,0.782317146,0.457666025,0.640799038,0.974193546,0.873303389,0.126364273,0.561276498,0.404115981,0.011456887,0.05988541,0.479630409,0.074166506,0.695208338,0.975912665,0.798966123,0.482399458,0.59078237,0.423163526,0.292767434,0.252905281,0.912020171,0.701244209,0.776551881,0.779496888,0.357997076,0.602894424,0.198211678,0.584054319,0.857745474,0.814934066,0.354635864,0
0.123575314,0.086543441,0.544426684,0.703603222,0.512728491,0.947381366,0.615646507,0.057818999,0.367063599,0.885303311,0.822198371,0.811106744,0.068504302,0.54175659,0.757775371,0.456827937,0.653274127,0.432682501,0.084053685,0.980250268,0.239195257,0.404406987,0.970494265,0.890770577,0.522622617,0.156723653,0.802021812,0.733828261,0.273356066,0.528300935,0.78966007,0.831988728,0.057901922,0.634324693,0.496728965,0.411119922,0.141318125,0.672210864,0.495272444,0.059612285,0.515766303,0.358321126,0.491530217,0.484419862,0.367437071,0.512421851,0.623934102,0.091418218,0.842615311,0.52344394,1
0.029947049,0.78038337,0.796561549,0.49951373,0.786621294,0.949958678,0.929775104,0.185881865,0.153521903,0.590437094,0.344776203,0.766145219,0.74447948,0.365383724,0.32554825,0.1836435,0.689085672,0.563359028,0.872562121,0.64677772,0.233141404,0.352502941,0.64836538,0.652391672,0.019603435,0.174701785,0.240977745,0.32368438,0.113919905,0.883545463,0.030374542,0.875436671,0.859420075,0.423370099,0.803671812,0.106828736,0.267520921,0.274706861,0.70653313,0.595611575,0.044216465,0.355892034,0.655701512,0.865899613,0.211542177,0.27952127,0.991200689,0.265219974,0.094294149,0.5787828,0
0.801123752,0.316739316,0.128166212,0.372324461,0.61882744,0.470534818,0.482848453,0.872031387,0.747642359,0.544787006,0.968078709,0.34909469,0.995703958,0.29933203,0.276746935,0.690000282,0.142199885,0.952583086,0.1809957,0.392082405,0.15430371,0.510697814,0.765072074,0.763090715,0.72792545,0.181891588,0.158890016,0.142615977,0.705529742,0.262187946,0.117651469,0.407461204,0.933369241,0.486250545,0.882706333,0.166565577,0.044486716,0.986594324,0.083586948,0.835081079,0.37021863,0.191190506,0.014272003,0.676713773,0.301906764,0.363915846,0.925423099,0.421487725,0.346222726,0.704388514,1
0.774127782,0.635444216,0.050027078,0.83889259,0.369436224,0.329429457,0.942481741,0.051402318,0.523985987,0.289645087,0.286753428,0.278213264,0.399471916,0.952064078,0.964656786,0.571808429,0.150409037,0.094846561,0.283238514,0.706030694,0.692794076,0.123671966,0.670724289,0.118300216,0.388084642,0.909600831,0.58018815,0.52523655,0.939054691,0.382666246,0.447744773,0.301547579,0.762497386,0.64613403,0.023176485,0.400052194,0.939792847,0.335945379,0.647648618,0.760843289,0.874472586,0.247009763,0.065662951,0.758133321,0.243982569,0.137975957,0.83402527,0.913159699,0.838861592,0.35794401,0
0.852456056,0.860422955,0.024507991,0.200799184,0.91361496,0.648081824,0.217676581,0.992239546,0.354864468,0.424026969,0.01101964,0.581973245,0.099028563,0.403945184,0.922025046,0.013574113,0.724027591,0.812778944,0.704794242,0.851396038,0.988145719,0.425229764,0.714040922,0.324168835,0.281885599,0.085793621,0.398188961,0.418382553,0.668758361,0.671989418,0.41109138,0.683605137,0.824412259,0.355661855,0.85053688,0.587160362,0.03143898,0.49846505,0.420469283,0.350155582,0.079379308,0.401293556,0.76643879,0.175766421,0.3690101,0.973467954,0.009622523,0.735638581,0.10525875,0.701087773,1
0.411165831,0.331030755,0.164449186,0.796679315,0.0481606,0.390344894,0.703675248,0.578381179,0.721518415,0.060883204,0.859443253,0.39688545,0.956557076,0.399153878,0.189788987,0.772334871,0.165774364,0.393985709,0.960454445,0.015783952,0.158653887,0.65643612,0.295967698,0.044149787,0.951198147,0.567672679,0.61219125,0.904910208,0.444075574,0.019974192,0.059360454,0.809440506,0.892850685,0.220999854,0.007290754,0.333431599,0.900321231,0.141274906,0.097083947,0.318701923,0.759034728,0.950497852,0.483356306,0.137829693,0.896765987,0.03272908,0.997149417,0.506330608,0.291235856,0.290557091,1
0.03569609,0.284570763,0.374452607,0.503930658,0.66127637,0.301184258,0.76555161,0.997977225,0.141313596,0.289203194,0.071571811,0.008308976,0.097513815,0.39284736,0.692902372,0.099754033,0.111299138,0.075768484,0.146152286,0.006735173,0.827322172,0.886389078,0.300946583,0.365124844,0.736820222,0.712036043,0.108303307,0.189933692,0.442625502,0.918520434,0.191172856,0.70207141,0.612049088,0.867900743,0.836138464,0.590021589,0.96232557,0.515650521,0.432621932,0.057411387,0.884767199,0.863271092,0.166124734,0.519215138,0.728429888,0.759722777,0.92908612,0.305704282,0.509940451,0.55854358,1
0.295339562,0.791578273,0.192271083,0.494538487,0.491396759,0.53347162,0.531084987,0.194696673,0.8294004,0.168855929,0.146056493,0.647037084,0.990171004,0.718003292,0.858904321,0.243120804,0.594897138,0.111003935,0.338959811,0.012612736,0.590066391,0.990732248,0.085823974,0.79129619,0.644072709,0.287163367,0.836281123,0.01055838,0.504892595,0.544250486,0.583896468,0.296915563,0.444135867,0.880823211,0.110175986,0.221054558,0.08835239,0.148256518,0.710767916,0.623417016,0.802109875,0.47614059,0.772613801,0.363864663,0.632908735,0.00306329,0.46503197,0.428765128,0.134921773,0.166899348,0
0.954222515,0.038570021,0.071833571,0.107387087,0.752992927,0.94338798,0.727847244,0.226367373,0.452801558,0.05540227,0.051410631,0.340286565,0.304199319,0.257306915,0.486099832,0.153004301,0.068317883,0.845458463,0.467344384,0.157331571,0.801917945,0.36336246,0.212038947,0.670011253,0.895805879,0.403601564,0.885790727,0.194619908,0.230246132,0.172911334,0.085664911,0.729156693,0.992298729,0.827266331,0.75197219,0.33678157,0.467431496,0.816689029,0.748818906,0.61738804,0.196423179,0.109483854,0.31108156,0.283513722,0.654260007,0.353342864,0.893192801,0.2265569,0.209571277,0.186533052,0
0.304633157,0.737011147,0.115170214,0.192361363,0.399831239,0.853251874,0.684908685,0.529344631,0.752983528,0.058158631,0.303004676,0.89015265,0.09732198,0.336177236,0.906161971,0.547664676,0.11729244,0.380300535,0.785154787,0.334439238,0.260210306,0.057332517,0.890334795,0.616278772,0.108503727,0.372841802,0.489316872,0.197048136,0.039875454,0.383768628,0.862232306,0.589101443,0.129334563,0.513131887,0.498317802,0.456487487,0.330048623,0.494209107,0.015267952,0.997747099,0.918524807,0.129643873,0.605868076,0.877203282,0.471163817,0.106089347,0.583720758,0.376186051,0.779741678,0.569535142,0
0.739766987,0.863510102,0.65109859,0.974272553,0.768962532,0.701900669,0.886898341,0.299911979,0.689843327,0.571499328,0.665460077,0.456580784,0.334246428,0.80187123,0.119919652,0.904369828,0.952988387,0.187768316,0.15897191,0.094614703,0.720271951,0.143638319,0.309230038,0.702453854,0.174095408,0.982562156,0.966973093,0.959178305,0.061279592,0.875836879,0.277322697,0.388704609,0.439209225,0.334271543,0.808875815,0.873878565,0.352830182,0.238501585,0.214410303,0.47187043,0.031287176,0.624710157,0.975543496,0.702553335,0.817091852,0.42475937,0.190523947,0.451974918,0.376315216,0.783975484,1
0.188722054,0.713735868,0.480771506,0.737536966,0.703211294,0.349099522,0.120087929,0.49258336,0.749116011,0.702280954,0.013850971,0.354831681,0.065608048,0.365774552,0.098577601,0.897624479,0.020577056,0.016271426,0.059350573,0.875998206,0.109623646,0.483903045,0.022470479,0.45552652,0.340186953,0.910924974,0.253329953,0.176285479,0.741358247,0.154431459,0.631817711,0.038018671,0.814767462,0.416260287,0.34481702,0.061113694,0.203402564,0.593507335,0.392900557,0.55691955,0.167436031,0.097778059,0.837454983,0.973531042,0.263351983,0.462287258,0.912163036,0.899383871,0.927956992,0.186906106,1
0.238706878,0.265821556,0.683417256,0.896308359,0.940941369,0.489827094,0.550596768,0.37658673,0.174370736,0.052542086,0.194190722,0.679596016,0.153219219,0.167456236,0.281061569,0.541220375,0.495031247,0.180606796,0.040283457,0.018760755,0.755680269,0.774047263,0.721960376,0.454612583,0.009158567,0.799120378,0.882799141,0.735679463,0.854075459,0.589084874,0.772175042,0.611622589,0.487338942,0.122028188,0.594034848,0.073441098,0.216708297,0.240769838,0.760747516,0.14362165,0.470521008,0.732319802,0.994312503,0.508461784,0.633429837,0.602063921,0.310939891,0.903702503,0.526598575,0.182963154,0
0.096553364,0.29998018,0.753671736,0.23315528,0.220914067,0.492931931,0.478790185,0.947696077,0.873330036,0.707710984,0.597247425,0.339307168,0.171508025,0.557398898,0.878875281,0.678885424,0.585976776,0.581565798,0.667492832,0.422105238,0.78266022,0.60013946,0.530911467,0.226047546,0.7865351,0.100576456,0.94787674,0.274562705,0.534561821,0.800900061,0.231352558,0.88146905,0.618744664,0.901396138,0.89076072,0.20587921,0.834444241,0.044352184,0.779083625,0.974523385,0.832562877,0.82949335,0.251334669,0.790939969,0.934190927,0.583461676,0.726344462,0.94753481,0.983283513,0.134559491,1
0.975702055,0.058628284,0.029283149,0.697231884,0.773661028,0.473620583,0.452175153,0.559480143,0.877664284,0.690352717,0.880242313,0.311222482,0.153305944,0.415759693,0.456979279,0.679770451,0.917518169,0.473475083,0.858945308,0.36626901,0.198682548,0.626166922,0.296485109,0.812266429,0.732692634,0.474063781,0.613109209,0.215663036,0.975987373,0.978073605,0.986341773,0.795664555,0.148639641,0.627916032,0.493245888,0.044363896,0.396205853,0.236309847,0.374611076,0.505105345,0.344144176,0.945207032,0.479989201,0.625103687,0.572135078,0.687338232,0.148533479,0.600844111,0.477268061,0.062480323,1
0.957658678,0.372183629,0.177897879,0.187731501,0.546603474,0.637182756,0.190663467,0.158039615,0.236334336,0.722788248,0.077843031,0.885323735,0.580764621,0.881901726,0.625620629,0.044282339,0.917781791,0.351605252,0.767992878,0.560113881,0.852931846,0.383993123,0.687910029,0.174132561,0.431475187,0.930415392,0.413456948,0.346818723,0.801832269,0.423463172,0.13951748,0.640344348,0.901442811,0.671353845,0.520685915,0.419861504,0.736846837,0.094865499,0.97248133,0.86156218,0.337781042,0.976430657,0.622232659,0.079436639,0.828813298,0.916188075,0.889744337,0.330981431,0.178214598,0.261881052,1
0.14976287,0.221973813,0.313401961,0.706784516,0.132248005,0.46532965,0.534889181,0.432305381,0.581437719,0.860650072,0.452849134,0.688180276,0.769033671,0.793595668,0.139315537,0.507134459,0.581219931,0.360865509,0.717842772,0.161562415,0.785846176,0.462153723,0.107436195,0.566333258,0.982481486,0.01835619,0.635014748,0.19569787,0.096905937,0.925515638,0.089052173,0.091357932,0.237199239,0.715461155,0.882843156,0.047876703,0.67293834,0.374322511,0.225849948,0.008421468,0.244510482,0.221521788,0.785845095,0.794660806,0.711825077,0.693652444,0.38238744,0.602575501,0.524632243,0.900223619,1
0.257811199,0.860224307,0.33094421,0.933353844,0.542630089,0.748581685,0.769267913,0.527560782,0.934468315,0.174925266,0.840233549,0.702587758,0.973618012,0.066691282,0.88839285,0.960103302,0.689766372,0.137268691,0.904106286,0.971908403,0.577086472,0.874011938,0.251003242,0.520761918,0.543973903,0.856936565,0.389261381,0.92626692,0.278894554,0.502126862,0.002550458,0.021553894,0.746909754,0.536022774,0.392616637,0.678347219,0.551902526,0.453309584,0.490737683,0.974584418,0.052448287,0.425691258,0.054917451,0.450158149,0.656284007,0.273773554,0.400708492,0.417178537,0.048072441,0.129010837,0
0.214112524,0.801904711,0.503030026,0.857800566,0.541958228,0.694296385,0.708531478,0.100960269,0.971550664,0.087416823,0.715287653,0.972450088,0.478213134,0.89256592,0.759623358,0.216440813,0.801784111,0.262103683,0.763531212,0.253451009,0.81043136,0.538665631,0.343885596,0.956141584,0.142012714,0.693881975,0.665740119,0.26670726,0.14337323,0.301827657,0.207155783,0.590799443,0.898637573,0.738636652,0.614238578,0.717352511,0.66583813,0.451727836,0.060657763,0.525358272,0.893508027,0.248844753,0.466733389,0.093850853,0.870339906,0.91673657,0.248736494,0.26437129,0.212173437,0.253865227,1
0.611835182,0.224249625,0.674329408,0.858452111,0.322762104,0.220488798,0.368695131,0.202630763,0.76921486,0.243854837,0.394852652,0.846191143,0.262220366,0.107965797,0.15395018,0.87335046,0.000723804,0.031979799,0.796967865,0.339857733,0.628489589,0.370743658,0.020613058,0.218343695,0.497015981,0.670889851,0.582941053,0.503811071,0.447022622,0.033812605,0.343019192,0.324481833,0.866168093,0.499179092,0.033342268,0.747890335,0.806539617,0.227872674,0.213667681,0.848981994,0.222635049,0.66390174,0.525075797,0.927015284,0.361266189,0.193729172,0.69771382,0.898805607,0.716941986,0.249043513,0
0.030304392,0.335958393,0.152727833,0.100395502,0.222396613,0.845605136,0.751499896,0.071168908,0.897230099,0.971995835,0.317362747,0.648263539,0.750518138,0.724181569,0.486268974,0.71605845,0.270888735,0.753042234,0.249386816,0.404335839,0.780856855,0.46887807,0.670814497,0.349626413,0.107503515,0.162087137,0.301599248,0.986983944,0.649720514,0.865682828,0.729992731,0.644612551,0.605579453,0.291707704,0.187244893,0.161136473,0.87603713,0.188814859,0.479139391,0.925326553,0.459340274,0.999727603,0.539923393,0.32477903,0.479094831,0.482157438,0.553278372,0.55304365,0.209318164,0.593460932,0
0.073820715,0.787390828,0.415363597,0.904145469,0.306987852,0.105386069,0.995264369,0.079171197,0.925541753,0.410258822,0.817947445,0.981615589,0.632690664,0.578278623,0.447827702,0.664492966,0.210551829,0.374536463,0.627665935,0.528494162,0.691158371,0.786941435,0.002002639,0.845467759,0.306529713,0.83610825,0.990061748,0.122416264,0.412936336,0.49976002,0.913930151,0.847339318,0.755349573,0.551568873,0.497727089,0.449858184,0.064869061,0.258311934,0.396920294,0.000993101,0.139289717,0.457564103,0.598914067,0.532799352,0.788526788,0.294269637,0.82405812,0.044496769,0.493083088,0.10804378,0
0.079185056,0.949605105,0.176248613,0.293360662,0.199866012,0.670472383,0.376678014,0.317815754,0.153748278,0.749987368,0.554405594,0.383513239,0.083672587,0.042904553,0.833918645,0.786248341,0.371612206,0.187589605,0.457759421,0.425306372,0.36956314,0.146779165,0.505232516,0.969500892,0.535179003,0.830671235,0.074989022,0.984933772,0.098555535,0.582854428,0.894109275,0.089795749,0.273878271,0.491410557,0.036679216,0.096113884,0.707562297,0.524804622,0.858446063,0.705765875,0.114698682,0.745001852,0.076389855,0.266291202,0.827691577,0.574636659,0.773274393,0.326918835,0.802169516,0.008328405,1
0.267061544,0.10265594,0.982991536,0.619225545,0.068148477,0.3012472,0.202505569,0.028392356,0.456054278,0.412413627,0.421514748,0.901230899,0.482077729,0.332605444,0.120558799,0.895731938,0.344068945,0.607648361,0.87542286,0.409111866,0.616188295,0.689579994,0.143958306,0.417300086,0.922419928,0.510371751,0.042329477,0.59337371,0.1798023,0.061750603,0.247932725,0.342064983,0.128865419,0.381763181,0.709455641,0.176220794,0.103136037,0.111508208,0.87636643,0.092921393,0.747666871,0.130450177,0.74368972,0.53641938,0.001964945,0.085835502,0.369829314,0.697291727,0.15658286,0.126147293,0
0.207429701,0.259057085,0.640518255,0.109220329,0.332501414,0.610962148,0.769706999,0.478549531,0.146956203,0.19373435,0.583278928,0.810500707,0.814665502,0.049423375,0.453307266,0.990951727,0.341793967,0.779822504,0.321114667,0.763522545,0.019411534,0.980681156,0.110167536,0.925762032,0.079094935,0.468069133,0.04489287,0.373762467,0.025277224,0.536136453,0.185583469,0.549665827,0.139167774,0.973229043,0.861786743,0.93549465,0.558832846,0.377723891,0.555736779,0.308594461,0.361699774,0.6528549,0.269543747,0.944279807,0.47255547,0.641413379,0.000871249,0.315995147,0.109865394,0.93033467,0
0.721167146,0.353662906,0.951689869,0.554499868,0.239445766,0.262736321,0.931636202,0.735475758,0.745473757,0.992039452,0.386827225,0.481178723,0.738117431,0.526137263,0.255553564,0.433055266,0.978055015,0.480427802,0.976609566,0.851986952,0.489806294,0.271361695,0.00880075,0.874138836,0.148972263,0.671878174,0.263532964,0.076470104,0.21271456,0.998197296,0.03083788,0.289480938,0.576501776,0.804807725,0.068000102,0.657294676,0.464826001,0.135159904,0.782126242,0.254376654,0.966869974,0.447250074,0.696117222,0.564579281,0.32300453,0.56265287,0.673483593,0.848018879,0.335053923,0.413249143,1
0.192547049,0.264845911,0.309007992,0.92973881,0.042495765,0.571422946,0.671087091,0.249550311,0.421693046,0.363790643,0.863233709,0.488000751,0.302748077,0.432643142,0.299115999,0.356163334,0.489162877,0.912651675,0.659148169,0.733551757,0.766325575,0.545416496,0.115933031,0.35195536,0.852677062,0.69108385,0.637439896,0.461659596,0.719162435,0.309785597,0.509438079,0.750849335,0.449379364,0.467281975,0.601306406,0.3848806,0.228188209,0.438164544,0.58829248,0.924468062,0.255305967,0.332893154,0.029057836,0.703338133,0.070683375,0.644078933,0.363995899,0.537154569,0.694013915,0.892960382,1
0.933694726,0.128449022,0.817848458,0.565623631,0.130715645,0.609600228,0.513883787,0.365267416,0.896914139,0.258843513,0.157099249,0.764444049,0.813551718,0.7549816,0.339598339,0.128011229,0.790641395,0.385337224,0.915747902,0.403156696,0.52656784,0.790042917,0.608040738,0.839917029,0.620652359,0.866437832,0.158371005,0.978161694,0.568855396,0.681439679,0.57179655,0.869114379,0.354716154,0.653291874,0.934691031,0.046108519,0.582779554,0.912043993,0.90359592,0.572844679,0.333030873,0.53736943,0.97884757,0.004585823,0.977952738,0.289458868,0.827588277,0.559627762,0.384044997,0.840855802,1
0.826219034,0.222276728,0.164083375,0.191205269,0.185162424,0.916990261,0.404825049,0.285571436,0.493542183,0.948472032,0.473868325,0.665874845,0.281665971,0.804692581,0.009804142,0.25780536,0.64224074,0.279738309,0.836774114,0.983703397,0.338956903,0.255837198,0.306806803,0.691443254,0.331921814,0.228272841,0.791175491,0.589541748,0.796704179,0.462748794,0.167530009,0.358888595,0.895427004,0.892420897,0.342811957,0.898282574,0.718534683,0.195379872,0.233698185,0.051620056,0.750877893,0.487499335,0.145511587,0.181282428,0.407321852,0.151705201,0.926978695,0.948939233,0.935747092,0.825455153,0
0.977778591,0.616910012,0.552069636,0.199334319,0.573617486,0.152574495,0.985793023,0.618583986,0.517143445,0.263645669,0.141465903,0.614792691,0.121014494,0.499408733,0.744511809,0.185644183,0.291677993,0.517940278,0.671534536,0.576441265,0.099791317,0.423266962,0.16696969,0.00610598,0.203810371,0.103745328,0.861178674,0.507329179,0.208185917,0.366694253,0.396103504,0.18956428,0.095376825,0.554142149,0.872963058,0.271242155,0.317382882,0.847286275,0.564559134,0.15556839,0.849539736,0.39106931,0.049859867,0.191689327,0.286976553,0.705022841,0.147530464,0.077977593,0.937779316,0.462363207,1
0.344179114,0.300703751,0.931369355,0.058734848,0.511013798,0.024485917,0.797481233,0.415660878,0.508774334,0.66717977,0.082611248,0.768400944,0.961089387,0.801313951,0.825778135,0.958209181,0.514814278,0.817799019,0.235457321,0.274008147,0.607003177,0.796451587,0.853579983,0.734758817,0.568586496,0.782502206,0.109002825,0.115095716,0.597817877,0.401663878,0.012554526,0.975347433,0.852347067,0.465010345,0.816920843,0.601645805,0.059996971,0.441417222,0.666844187,0.648718199,0.567628738,0.438514283,0.714225043,0.501220178,0.227204545,0.096453333,0.616987781,0.483089049,0.442624846,0.143251796,1
0.179513065,0.21583518,0.533983672,0.918209199,0.729432502,0.835858129,0.006540276,0.322414453,0.234345557,0.376752007,0.780299872,0.162655128,0.458530259,0.501076963,0.167023019,0.756388296,0.250734839,0.555704253,0.365626063,0.405827782,0.177030744,0.131076719,0.033576248,0.684229636,0.795387156,0.207419792,0.297937393,0.916164047,0.689427049,0.744708094,0.233405601,0.146465971,0.821884197,0.343189381,0.180295146,0.818768269,0.063605609,0.130857534,0.773425621,0.730455469,0.919816875,0.957627526,0.815946157,0.32201345,0.330740265,0.231036735,0.618918244,0.887103865,0.726430611,0.85415254,1
0.196881927,0.81659702,0.066877236,0.192357136,0.38702659,0.193377707,0.379836363,0.394244774,0.943752095,0.939365735,0.79684145,0.207736808,0.594963198,0.708052086,0.291627866,0.911232293,0.477732372,0.856347502,0.426799017,0.023779837,0.868338575,0.778680814,0.449702083,0.968816133,0.555348023,0.037514596,0.40338936,0.566390591,0.417969443,0.536779785,0.73360664,0.459070311,0.226586053,0.943395027,0.692698003,0.821019997,0.965235341,0.123495218,0.589254767,0.476862692,0.649774257,0.992707062,0.90540814,0.189182688,0.557977,0.227842487,0.127114514,0.933422898,0.237197377,0.383225904,0
0.072062291,0.125562168,0.714892945,0.154902884,0.818137086,0.681884773,0.088664275,0.247505126,0.591056164,0.998886962,0.640819525,0.958946746,0.388770657,0.380464497,0.292673393,0.780815634,0.010404371,0.969637924,0.150016454,0.25212931,0.237527221,0.164051109,0.598851106,0.843669978,0.165958972,0.480238842,0.122377976,0.88863381,0.059106654,0.337379387,0.255876882,0.873872198,0.022333604,0.461659763,0.589810783,0.4302513,0.719302165,0.45903735,0.594124882,0.701142357,0.40852588,0.7547262,0.197749595,0.752100301,0.052474041,0.033424798,0.829014323,0.345944834,0.408148036,0.725152146,0
0.395969475,0.86303343,0.60636492,0.895795986,0.987081122,0.466851474,0.649035558,0.760185199,0.468165435,0.708319234,0.555438926,0.201588607,0.399793751,0.241405924,0.109658641,0.296647657,0.144817296,0.246958614,0.370129605,0.609114192,0.21080495,0.53391363,0.780182794,0.944957732,0.11517037,0.320378916,0.431268618,0.198151138,0.862419912,0.294695996,0.673902501,0.00797093,0.938789752,0.461767602,0.190935519,0.230648255,0.51538334,0.754430379,0.045016613,0.538491293,0.872860743,0.150672841,0.371256124,0.401395205,0.723882476,0.464707322,0.264056953,0.97823468,0.779585028,0.352623314,1
0.933194672,0.694939619,0.863555211,0.33015238,0.614191601,0.540591163,0.64517373,0.452010882,0.837436276,0.027193487,0.344647781,0.511831683,0.728945292,0.312490343,0.345283354,0.474410839,0.850648404,0.605543209,0.807439769,0.795980891,0.890213834,0.586693325,0.183487018,0.401577201,0.752848074,0.774817547,0.700316336,0.74502016,0.549735886,0.055355421,0.46937357,0.253750988,0.075207465,0.55392733,0.815828879,0.980136383,0.770833347,0.884938677,0.882942307,0.242569327,0.426086674,0.855927712,0.640449526,0.180871269,0.858870673,0.140078642,0.6622986,0.070588091,0.134942434,0.794739924,0
0.614981802,0.16329425,0.699191059,0.086566743,0.641068677,0.165315824,0.609222324,0.590483575,0.966392603,0.842796804,0.415129356,0.130962333,0.755351905,0.846849239,0.429556093,0.193989157,0.372507228,0.581217245,0.337962109,0.58171142,0.939913017,0.071179347,0.727917997,0.786676724,0.300380044,0.33932363,0.289267502,0.868614592,0.282137061,0.965131718,0.893201969,0.021984966,0.693670287,0.649732878,0.873942417,0.180709017,0.120729742,0.805197698,0.607567018,0.132626452,0.369010942,0.516934652,0.090650681,0.772759779,0.501276869,0.356087482,0.246507243,0.057673091,0.686903646,0.472373877,0
0.921038876,0.722406517,0.320469235,0.234993579,0.499563664,0.384866125,0.229284545,0.793154976,0.915605646,0.368689022,0.22772987,0.543640403,0.743573097,0.202591957,0.673577122,0.748764338,0.664147274,0.327177192,0.273965141,0.954110289,0.583071874,0.713886617,0.754765518,0.930770699,0.969119904,0.908209432,0.023204721,0.333590195,0.22880486,0.962353843,0.411703384,0.859797521,0.602059067,0.749305956,0.162144,0.568667948,0.07686722,0.525966814,0.625708504,0.672415927,0.866365669,0.602383507,0.146614388,0.795144614,0.256415077,0.054620266,0.362273355,0.684943937,0.762201735,0.167692052,1
0.073585785,0.18416372,0.493268573,0.82537457,0.50575703,0.714249747,0.987479879,0.928036841,0.439451781,0.691916351,0.486484132,0.045539725,0.822584256,0.280849084,0.562160416,0.136129128,0.817205295,0.329805591,0.300507787,0.617111942,0.719196754,0.307303828,0.979820751,0.919738522,0.724190531,0.008449216,0.462512494,0.476738276,0.159767568,0.062780311,0.30797121,0.879238595,0.667437214,0.31984213,0.870098978,0.962289919,0.707032535,0.698482595,0.948509948,0.956161386,0.475996858,0.756634925,0.916636926,0.177910911,0.99462283,0.558761764,0.099234989,0.677412813,0.883971842,0.668282437,0
0.971423109,0.907327818,0.074418861,0.452585726,0.998577774,0.580717164,0.977592391,0.720246063,0.257646172,0.405892938,0.43343387,0.64315849,0.704743545,0.471397375,0.351393441,0.35553182,0.360097079,0.457755333,0.037883634,0.954058152,0.255007758,0.256657132,0.530848155,0.709227716,0.113134598,0.462832255,0.442182821,0.191418809,0.005051744,0.105287744,0.615718169,0.347366917,0.285784324,0.514048542,0.395932391,0.287033007,0.420081018,0.793355471,0.803248266,0.361805127,0.411313742,0.361757417,0.049440617,0.363921806,0.015924052,0.464398852,0.638486421,0.548694767,0.541057304,0.010223709,0
0.698579729,0.863941901,0.096179407,0.965831643,0.14850652,0.260320781,0.681064154,0.450419112,0.460229954,0.129540876,0.613586908,0.85146202,0.767021203,0.682173136,0.870576053,0.030128793,0.620881003,0.066818908,0.565119956,0.772413336,0.442812174,0.070582896,0.658714674,0.793006614,0.410152571,0.980054862,0.536638976,0.420381862,0.101850323,0.100093002,0.392269015,0.374001913,0.222391213,0.847231878,0.583295434,0.692978467,0.452796347,0.508123973,0.246389387,0.719563655,0.446648351,0.407170769,0.574605013,0.565570395,0.601327217,0.012826187,0.328955354,0.900666014,0.03303305,0.808522118,1
0.385723479,0.221868031,0.590540388,0.631490399,0.842782078,0.823522844,0.733358392,0.228816969,0.70940475,0.299079516,0.27595691,0.766896442,0.52524023,0.810133946,0.33170535,0.119059981,0.558838149,0.105599864,0.490088303,0.950306188,0.011788664,0.726389208,0.390416747,0.241729437,0.262623919,0.943545824,0.26825422,0.201528653,0.777468447,0.512531619,0.450187557,0.097686878,0.56271724,0.265962866,0.59357826,0.482921094,0.13828987,0.939481926,0.373388537,0.759973267,0.094947598,0.732398196,0.072044446,0.161629672,0.860535006,0.294024897,0.925057137,0.18123922,0.306517451,0.145838499,0
0.974631508,0.138995543,0.461203468,0.999875231,0.892983285,0.139886591,0.077578681,0.379304048,0.091001025,0.175524671,0.821505688,0.10306423,0.108647707,0.928176267,0.052775865,0.77933169,0.651009146,0.905192771,0.326572081,0.943215088,0.81291303,0.370768696,0.46376117,0.99005524,0.644581765,0.750091538,0.117283434,0.763017515,0.697540824,0.750828705,0.399286874,0.649693138,0.469192124,0.769481121,0.765158443,0.243036258,0.462408625,0.573216433,0.210459224,0.172083619,0.664860778,0.948456635,0.965189606,0.576639607,0.462077533,0.620668517,0.930809489,0.773500731,0.742280657,0.880453821,0
0.11745672,0.701475326,0.368738175,0.199887253,0.480294956,0.03058322,0.960118898,0.874308986,0.411161677,0.084059577,0.762618337,0.485865758,0.209182862,0.528825244,0.681753123,0.354320486,0.148600222,0.652603574,0.442363116,0.850124685,0.43389043,0.19766241,0.264659471,0.279492419,0.046306021,0.151589522,0.463329796,0.481377489,0.110098726,0.312381105,0.987875947,0.221465305,0.2074802,0.331882002,0.428142759,0.194486058,0.728932903,0.851576255,0.842336896,0.95996871,0.732142853,0.947496642,0.889772256,0.284563918,0.950447814,0.73226311,0.589912799,0.59250658,0.965465093,0.629583018,0
0.487898723,0.926274363,0.260878574,0.562452285,0.098712819,0.776407329,0.178062082,0.406363241,0.916656657,0.66748448,0.102355826,0.284771876,0.993791483,0.951900707,0.504292408,0.514557927,0.859672174,0.666240412,0.57853758,0.076582189,0.252588908,0.267746736,0.292762199,0.177598711,0.372959912,0.747727814,0.347599305,0.337055176,0.385423985,0.882625363,0.38072754,0.54416042,0.841248369,0.33014992,0.375876425,0.171609872,0.961774698,0.816601588,0.302855321,0.769080721,0.589805678,0.719919371,0.822246539,0.734323345,0.989923162,0.123644268,0.611173836,0.6740572,0.536353236,0.439976534,0
0.440794109,0.113449886,0.454915261,0.824893989,0.730617365,0.511086462,0.195230562,0.408772155,0.519191081,0.820871654,0.951609605,0.244300528,0.795550751,0.29998901,0.785045018,0.540059143,0.437048134,0.694677071,0.758156968,0.151422083,0.996308535,0.652781628,0.659392872,0.832808858,0.65150371,0.785338332,0.435207959,0.188854527,0.764785207,0.431100913,0.916034766,0.685983271,0.49163912,0.066736316,0.246334493,0.767190176,0.783715805,0.758344512,0.590299926,0.706326651,0.232793235,0.537690098,0.663005024,0.492257304,0.133801072,0.09132277,0.123528342,0.072656375,0.550847389,0.295032579,1
0.487187603,0.241369737,0.748312684,0.851509043,0.513585927,0.801694683,0.381589928,0.798583395,0.994073566,0.274712603,0.960465447,0.428354286,0.487170836,0.616871045,0.928643286,0.645853859,0.635948136,0.076103359,0.804474788,0.456903291,0.95942103,0.056009466,0.229783251,0.871697029,0.891059661,0.469105888,0.731844037,0.065575635,0.51049787,0.370046629,0.630597063,0.384862748,0.366394916,0.3483758,0.91827365,0.090269536,0.432454467,0.733750615,0.110572627,0.354017634,0.468192457,0.059784609,0.12913298,0.993276546,0.874137907,0.987855865,0.02836011,0.611841843,0.888131463,0.648038501,0
0.306654778,0.632391827,0.934847991,0.634991956,0.789743287,0.166390763,0.934900012,0.842492094,0.922247582,0.592922343,0.617190325,0.303086935,0.391623596,0.924101298,0.597012192,0.055031176,0.123353876,0.528301543,0.34829678,0.917715651,0.085166244,0.155311731,0.234054278,0.586962685,0.514939883,0.835295052,0.348601106,0.42030733,0.026807429,0.820554036,0.854229118,0.816585082,0.298356032,0.79443269,0.252938174,0.705170244,0.649965244,0.322652667,0.782522633,0.148034683,0.074426105,0.637623264,0.323889059,0.281935312,0.734041498,0.59233623,0.997893102,0.189485182,0.496807944,0.869643089,0
0.964754047,0.674100648,0.192018882,0.773076416,0.931500686,0.059285615,0.518781485,0.151830204,0.289077071,0.028121681,0.626993177,0.289660594,0.902598269,0.047034981,0.851308895,0.735402523,0.852237198,0.350318124,0.682135945,0.791608003,0.895546454,0.448754326,0.244609079,0.120040768,0.845922583,0.596698322,0.056399028,0.390715693,0.434908783,0.186880019,0.5102682,0.058091713,0.655854665,0.933783491,0.540785981,0.390893596,0.076125202,0.767923053,0.588924345,0.794067349,0.147518201,0.470411261,0.683254729,0.956790505,0.628784784,0.527857109,0.197158868,0.719015727,0.853390672,0.731729159,0
0.330183998,0.330098,0.720564802,0.566751048,0.457222942,0.48944394,0.100077053,0.602212334,0.992495979,0.152823337,0.740048266,0.257652361,0.393203712,0.264550528,0.101860203,0.027711725,0.09201415,0.827516905,0.352243675,0.159153665,0.433922605,0.285023194,0.807953205,0.053437403,0.457589675,0.212766579,0.378786539,0.467884017,0.077322047,0.481430315,0.799157928,0.237721943,0.540594008,0.354764657,0.389522731,0.537171295,0.094906914,0.275592747,0.910116152,0.470072818,0.739876654,0.666893155,0.621561507,0.102615081,0.507329436,0.45890791,0.425819137,0.766816312,0.318870781,0.630241412,0
0.671038701,0.53962755,0.67227178,0.835178003,0.302940046,0.288340072,0.309276785,0.011919405,0.198309895,0.802213614,0.228233741,0.230366518,0.313414568,0.042720271,0.877535024,0.255556448,0.719378418,0.539518826,0.451512978,0.035413796,0.609797535,0.346976407,0.978186485,0.792260548,0.425682708,0.762767107,0.748105973,0.727369324,0.823303515,0.861562874,0.114943423,0.060822294,0.124026158,0.414714046,0.420026528,0.600069851,0.007593563,0.309539941,0.915772356,0.282110308,0.037821315,0.952763878,0.534217164,0.874103075,0.120774615,0.289597829,0.000544574,0.671870898,0.672316097,0.298561602,0
0.172818208,0.687313947,0.786384489,0.284664273,0.883156942,0.878264023,0.161464528,0.427696303,0.996300298,0.594519207,0.996024445,0.058662123,0.466854828,0.623619899,0.31230717,0.04825681,0.970469198,0.340943296,0.156132141,0.654426498,0.46289992,0.368523325,0.368942907,0.596906829,0.423780778,0.520872104,0.2507974,0.140310196,0.120403112,0.404637171,0.596291708,0.184573229,0.172464496,0.746707091,0.787721057,0.684711008,0.002845623,0.876355885,0.571906797,0.866195805,0.645484438,0.128453395,0.84925023,0.405457055,0.358999763,0.44920921,0.131586135,0.266234885,0.47970711,0.512336635,1
0.722877833,0.310748564,0.691218345,0.396161801,0.615031822,0.629196048,0.076672097,0.276120689,0.92028574,0.159595906,0.413983736,0.875580757,0.341913785,0.793040985,0.615428428,0.78169445,0.515644449,0.368110175,0.698374858,0.755351925,0.737340345,0.603082455,0.63433853,0.665544684,0.416496972,0.899320985,0.24008515,0.078129472,0.24202722,0.961330781,0.856585595,0.011978981,0.651474048,0.814527049,0.579901636,0.795988869,0.318963966,0.059935167,0.35262299,0.18275584,0.269510349,0.12371021,0.543990549,0.401017898,0.971294117,0.743596412,0.369151131,0.457027489,0.962205094,0.943061836,1
0.667137614,0.679364256,0.50075259,0.973181952,0.88009176,0.849638581,0.744544271,0.652931982,0.868192997,0.567765475,0.886633402,0.883783814,0.380447757,0.143703648,0.503994116,0.348137608,0.746191352,0.495966706,0.807747027,0.224844667,0.972136989,0.807627332,0.092809543,0.26921768,0.281365644,0.039334785,0.808334411,0.903998864,0.855794995,0.324665587,0.46738204,0.152713245,0.169985959,0.537439101,0.372084364,0.230877628,0.039174623,0.665034318,0.933800296,0.35103941,0.233588837,0.4609228,0.624941211,0.401010444,0.622887934,0.328845012,0.468202698,0.060844927,0.004292954,0.71351381,0
