mz,intensity,relative_intensity_percent
50.0,40.484907435579764,2.23537421029887
50.1,16.282786087671077,0.8990540524295489
50.2,48.51312152451624,2.6786520603896156
50.3,51.93766489504185,2.8677382265048252
50.4,0.0,0.0
50.5,11.573268876478277,0.6390180542341566
50.6,37.31612725701114,2.0604100091197073
50.7,29.32513333781552,1.6191872707437174
50.8,34.7175791649228,1.916931173246894
50.9,19.667709303675558,1.0859525916676187
51.0,50.854163547530916,2.8079126983643943
51.1,49.027754837721076,2.7070675393660535
51.2,36.21855255610189,1.9998074207553136
51.3,55.322841725424595,3.0546507690610807
51.4,43.45016816053682,2.3991010846144025
51.5,19.570235668101713,1.0805705847680709
51.6,41.677514113484975,2.3012239893816453
51.7,17.782613185078016,0.98186700732603
51.8,50.85710542353091,2.8080751340510943
51.9,34.14883360224745,1.8855278863541325
52.0,31.722477456185306,1.7515566289778388
52.1,22.795768200729057,1.2586683672414103
52.2,57.060744096132545,3.150609050444815
52.3,32.27596932276156,1.7821176830230656
52.4,27.350099201064072,1.5101357586270305
52.5,28.72409609121187,1.5860009984859706
52.6,44.646565339960276,2.465160156242837
52.7,41.645493158553414,2.2994559523185236
52.8,42.49918700872779,2.3465926592310216
52.9,42.827278054141885,2.3647082066783187
53.0,73.6246568156683,4.065185510173885
53.1,27.76202970507692,1.532880501876622
53.2,25.859630876712327,1.4278395483954818
53.3,20.434590891538203,1.1282959594174147
53.4,46.172629606358925,2.5494217964551646
53.5,55.40900126897605,3.0594080683566887
53.6,33.03894576221225,1.8242454279988347
53.7,19.969683414674495,1.102626092551351
53.8,20.254338117557687,1.1183433022961893
53.9,46.80817018084461,2.5845131700013293
54.0,48.47857508166196,2.6767445785079564
54.1,44.879276829493506,2.478009321403226
54.2,23.1258252688035,1.276892468632144
54.3,39.286403815200956,2.1691988315306796
54.4,37.21034456453311,2.0545692176337043
54.5,39.04889474112223,2.1560847677341317
54.6,50.800718003067416,2.8049617025657945
54.7,39.14221987794428,2.16123771527036
54.8,47.340444135294106,2.6139026770042406
54.9,36.33892325080005,2.006453688800564
55.0,40.32914917641971,2.2267740178414352
55.1,46.49068806509372,2.5669833946175045
55.2,8.901195242598007,0.49147950548731784
55.3,29.378418105568578,1.6221293892560666
55.4,26.66829222272968,1.4724897855395123
55.5,23.63769873161985,1.305155562466229
55.6,30.187439477919693,1.6667995052545268
55.7,62.05144360221912,3.4261705293739437
55.8,19.560039917521625,1.0800076263881453
55.9,52.57651038264666,2.9030120808326374
56.0,4.858344110915514,0.26825347563357743
56.1,29.124569460256055,1.6081131360151804
56.2,38.0845551718901,2.1028387573174756
56.3,45.70950196446701,2.5238502031791015
56.4,47.96207843627138,2.6482262156427545
56.5,49.44275023359866,2.7299815106234573
56.6,28.887948699528124,1.5950481204413107
56.7,26.845167732037787,1.4822559669879931
56.8,50.613565862628775,2.794628096917703
56.9,31.72902215213093,1.7519179943719523
57.0,12.212646179917403,0.6743212727738679
57.1,14.77833014793735,0.815985515998707
57.2,18.629858851970997,1.0286476777912807
57.3,44.13139339296775,2.436714936601197
57.4,37.74866324927018,2.084292484426349
57.5,47.61623637321983,2.6291305457363294
57.6,27.499452365942382,1.5183822937963831
57.7,38.04621443938086,2.100721773728184
57.8,46.45562709141206,2.5650475029156237
57.9,29.629262285035708,1.6359797509118672
58.0,43.42195427603341,2.39754325494932
58.1,23.287833060800278,1.285837729052297
58.2,28.670030761828706,1.5830157812623238
58.3,28.33621790803008,1.5645843041585394
58.4,13.684886379397287,0.755611017069796
58.5,43.97800465414047,2.428245577211642
58.6,26.765757876350975,1.4778713517155408
58.7,35.442394137098375,1.956951832763478
58.8,43.87343986030636,2.4224720320006545
58.9,43.26006116853899,2.3886043268340953
59.0,47.201931961510155,2.6062547271705463
59.1,33.454761278830375,1.8472046822238641
59.2,27.61063038320523,1.5245209881465427
59.3,33.797572203684815,1.8661329878312731
59.4,4.862980188755461,0.2685094566768056
59.5,9.189475496384425,0.5073969000294191
59.6,11.43140697762076,0.631185149326699
59.7,17.292057103173327,0.9547809527033317
59.8,42.44093608102186,2.343376334191203
59.9,18.94887700351891,1.0462622653933928
60.0,28.443074027290987,1.5704843649055853
60.1,58.638609360149175,3.237730882799789
60.2,28.842248520894337,1.5925247850258457
60.3,48.53278023240756,2.6797375159682897
60.4,18.45488175982221,1.0189863174484204
60.5,31.56462395838266,1.7428407479163601
60.6,18.16460301160954,1.002958576034291
60.7,29.164904633789874,1.6103402426679225
60.8,50.39554647423312,2.7825901561384074
60.9,4.180732382537723,0.23083914327720495
61.0,43.09462558382543,2.3794698008351696
61.1,39.556740841981004,2.184125490773129
61.2,24.585300797457702,1.3574774116138517
61.3,9.253458621007816,0.5109297283285834
61.4,36.58333113884965,2.019948670618395
61.5,25.756631236851558,1.4221524231629197
61.6,39.47817180438467,2.179787301272503
61.7,35.68583861942197,1.9703936201330468
61.8,64.12702004377648,3.540773484965333
61.9,30.989098705485564,1.7110631204202607
62.0,16.87704513280643,0.9318660662854817
62.1,38.52946142921369,2.127404256823786
62.2,39.26494031149177,2.168013724148861
62.3,59.772876354327856,3.3003594361789657
62.4,50.342002426462415,2.779633721479588
62.5,41.73617906469117,2.3044631747295043
62.6,61.65445204195211,3.4042506399203427
62.7,13.919765022188685,0.7685798415998101
62.8,23.80447241050454,1.3143639713363422
62.9,18.64413305470055,1.0294358279112976
63.0,28.308423543196177,1.5630496382724877
63.1,10.54714934398644,0.5823608630755488
63.2,46.762717042659276,2.582003474924508
63.3,31.332491452222083,1.7300235513235536
63.4,8.860486698952158,0.48923178320341354
63.5,17.05707653826425,0.9418065005434737
63.6,40.98324925410352,2.2628901543778834
63.7,50.42877822209886,2.784425047134773
63.8,71.28615605045215,3.936065187751355
63.9,87.79702438813193,4.847712801875659
64.0,42.809369798967936,2.363719402348434
64.1,17.540813839426445,0.9685160561796866
64.2,0.0,0.0
64.3,40.17630632218905,2.2183347994705063
64.4,20.72706028441413,1.1444446572791283
64.5,27.886069316765663,1.5397293491776984
64.6,24.347257616923457,1.3443338571287518
64.7,32.833264044505064,1.8128887117206953
64.8,54.55764415417758,3.01240038429064
64.9,38.1993742140162,2.109178490859619
65.0,32.51957293330361,1.7955682566573972
65.1,16.735732449135387,0.9240634862951725
65.2,5.2357069953215785,0.2890895677270959
65.3,26.628957636680045,1.4703179263258526
65.4,34.41691408527023,1.9003299505304465
65.5,67.21023844443789,3.7110133924796167
65.6,37.73494138651195,2.0835348317584796
65.7,53.08181119841504,2.9309122659524616
65.8,26.407679226295265,1.4581000386437046
65.9,14.068512204493558,0.776792917440678
66.0,18.027898279817304,0.9954104241122333
66.1,22.348430838356446,1.2339686342670415
66.2,73.71745518383295,4.0703093721780945
66.3,20.622539773961048,1.1386735571750741
66.4,50.50280566725421,2.7885124726035824
66.5,19.159810794433525,1.0579089748996797
66.6,52.18331423173639,2.881301754911004
66.7,42.34661738990553,2.3381685275534805
66.8,32.600517842154375,1.8000376298920508
66.9,34.68877452956219,1.915340725272556
67.0,23.63882148227097,1.305217555144713
67.1,43.45679962667745,2.399467241024932
67.2,27.24029735386596,1.504073049508567
67.3,13.37159625218953,0.7383127023381684
67.4,12.432123662246855,0.6864397222113838
67.5,38.54408251899815,2.1282115603129355
67.6,63.863642615387825,3.5262310999560134
67.7,38.32234904432189,2.115968546255414
67.8,33.30951013002211,1.8391846398765046
67.9,40.59237051284577,2.241307784232861
68.0,58.95803135072285,3.2553677683741693
68.1,39.40138502454941,2.1755475191361904
68.2,28.058309844992728,1.5492396101404953
68.3,55.370696781078,3.057293086013645
68.4,43.17761589230904,2.3840521108128865
68.5,63.10610785592785,3.484403817347147
68.6,38.763219869994316,2.140311229398496
68.7,13.427057429030995,0.7413749912808197
68.8,10.843134413578028,0.5987036790311332
68.9,65.18920278016249,3.59942190596815
69.0,66.50098297409934,3.671851850874736
69.1,32.246154160913186,1.7804714388275515
69.2,28.58262821955222,1.578189849790693
69.3,61.78849726035964,3.4116519468078264
69.4,15.558177723217216,0.8590448007585549
69.5,19.382413658795123,1.0701999923096703
69.6,47.0698823044028,2.598963605202532
69.7,28.389607788527385,1.567532226471182
69.8,35.40280639903872,1.9547659957612957
69.9,32.55552782655877,1.7975535061295504
70.0,41.5763418783808,2.2956377643048054
70.1,60.837173503646895,3.359124604494295
70.2,37.13552832423142,2.050438238839989
70.3,47.09839827898344,2.600538114771574
70.4,0.0,0.0
70.5,34.63556876525788,1.91240296893572
70.6,20.33685513472832,1.1228994794935196
70.7,13.578864912374694,0.749757041647042
70.8,19.71325739528249,1.0884675295977222
70.9,29.508278067385383,1.629299607196112
71.0,52.01124576240824,2.871800994180507
71.1,11.652431080687851,0.6433889954300103
71.2,36.08136686669952,1.9922327127582633
71.3,26.817450199995584,1.480725543424623
71.4,29.636884301484702,1.6364006005588048
71.5,53.58714085548287,2.9588140435446677
71.6,45.22607786607067,2.497157941033963
71.7,59.61566593396938,3.2916790626393007
71.8,32.763897773501796,1.809058652988017
71.9,23.020532989927347,1.2710787553337284
72.0,31.520541296151006,1.7404067236708862
72.1,39.91744224288199,2.204041619035883
72.2,38.7333204521668,2.138660333008997
72.3,16.0385146997994,0.8855666074691985
72.4,37.18881606930174,2.0533805217449133
72.5,39.67060994250029,2.190412773288367
72.6,80.87953267561056,4.46576348906738
72.7,69.35070300307007,3.8291991455294085
72.8,20.211619689941237,1.1159846042665522
72.9,30.399599492114827,1.6785139206806483
73.0,9.233043966933948,0.5098025331805766
73.1,24.944773748657244,1.3773257110249375
73.2,41.260890064626125,2.2782200920480205
73.3,57.28786517598821,3.1631495411284716
73.4,22.46149092061505,1.2402112468380915
73.5,23.81286407877966,1.3148273173097382
73.6,0.0,0.0
73.7,32.66451343019166,1.8035711463586277
73.8,16.471540586527862,0.9094761322995285
73.9,26.06759030741067,1.4393220285990296
74.0,19.816505992983416,1.094168401037713
74.1,33.90577402345397,1.872107351433419
74.2,3.9658889555806347,0.2189765632123673
74.3,9.200685582962173,0.5080158649726141
74.4,73.93644801650936,4.082401061684464
74.5,12.43889353706744,0.6868135208573353
74.6,15.872859587816489,0.8764199602718449
74.7,68.68194350978365,3.7922735893437176
74.8,87.91120904632731,4.854017507908343
74.9,14.53430068114385,0.8025114287109645
75.0,28.99651877781545,1.6010428174379583
75.1,41.77549991692917,2.306634275630739
75.2,66.74655759930067,3.685411254085732
75.3,17.869072588291726,0.9866408633732322
75.4,31.219998773042022,1.7238122679141332
75.5,49.6295763691114,2.7402971159091924
75.6,43.465789340399134,2.3999636080783433
75.7,28.87169071785821,1.5941504359648362
75.8,33.23618663871126,1.8351360832200232
75.9,10.89937544934033,0.6018090278849894
76.0,31.362872608456023,1.731701046899713
76.1,30.85752517983881,1.7037982880513873
76.2,39.83405801327261,2.199437558702757
76.3,25.66161006125771,1.4169058288439687
76.4,44.1476934058125,2.437614941829038
76.5,53.89138472075692,2.9756128689132924
76.6,38.46272789803239,2.123719564823385
76.7,41.99911535118566,2.318981202088633
76.8,36.62679625640161,2.0223485971336737
76.9,35.674019075645454,1.9697410040099257
77.0,22.686955396228743,1.2526602681166354
77.1,41.37439671011955,2.2844873616085914
77.2,33.92884122855719,1.8733810071895414
77.3,73.3595295607507,4.050546508490773
77.4,64.00538824455437,3.5340575850323512
77.5,42.632737946017016,2.353966674385993
77.6,21.954970225494183,1.2122437060784266
77.7,15.66909350429848,0.865169015737649
77.8,57.13557315559957,3.1547407370487597
77.9,40.42698605264849,2.2321760810741598
78.0,44.342581261049,2.448375674978529
78.1,4.299952234464534,0.23742186753752106
78.2,52.39889266804725,2.8932049185181494
78.3,43.887066087858535,2.423224404170512
78.4,15.722247680539397,0.8681039236395058
78.5,27.225053465900917,1.5032313582171652
78.6,40.461909678417356,2.234104389110879
78.7,36.661902370412385,2.0242869812588777
78.8,30.46091865553601,1.6818996583589898
78.9,33.8597111748127,1.8695639911930768
79.0,31.189407192276065,1.722123153747198
79.1,38.473625217844436,2.1243212603492543
79.2,62.21685551387682,3.435303748265064
79.3,0.0,0.0
79.4,31.47169523882568,1.7377096885598748
79.5,38.91472358470404,2.1486765071792457
79.6,41.06789181436779,2.267563693439557
79.7,29.048037536216782,1.6038874257419344
79.8,4.124007915385512,0.22770710175860284
79.9,41.651418706853974,2.2997831314747073
80.0,66.84230385495533,3.690697883701069
80.1,8.14299471150952,0.4496154622972228
80.2,51.30390424656739,2.8327451315754035
80.3,29.84404598378791,1.647839033083804
80.4,34.65616177508075,1.9135400119966117
80.5,16.81032680732892,0.928182213868033
80.6,29.74478889759422,1.6423585529562443
80.7,59.16830270458125,3.2669779014176408
80.8,46.25779435577873,2.5541241681916573
80.9,66.954108897379,3.6968711992462
81.0,56.96841400159849,3.145511044169655
81.1,43.68106022073238,2.411849789981834
81.2,67.17082147102026,3.7088369842473385
81.3,43.68437685728938,2.412032918073117
81.4,50.688787182347056,2.798781442171869
81.5,30.44922283637525,1.681253873690669
81.6,36.98782468546569,2.0422827822568266
81.7,23.238871180595012,1.2831342987808374
81.8,53.607510822707354,2.959938771308235
81.9,14.588034783932418,0.8054783572578124
82.0,49.8823061635179,2.754251591796025
82.1,32.370780964907134,1.7873527079524303
82.2,56.88744768241175,3.1410404887632764
82.30000000000001,49.32314179716268,2.7233773306690234
82.4,68.58163083764242,3.786734825036859
82.5,48.96644444049561,2.703682285713218
82.6,7.518275398241666,0.4151215847015612
82.7,34.61234288783239,1.9111205520871422
82.80000000000001,14.723870533293315,0.8129785283139308
82.9,26.493462837407055,1.4628365808292272
83.0,63.027111798981,3.4800420499725946
83.1,47.30310859615853,2.611841195168224
83.2,23.249252285582564,1.2837074915045825
83.30000000000001,17.58558740407282,0.9709882286027782
83.4,36.4250776717727,2.0112107052529775
83.5,13.9394173111397,0.7696649427566878
83.6,23.759475006861543,1.3118794396427964
83.7,41.45867048792239,2.2891405383462358
83.80000000000001,56.64061664992053,3.1274117130223344
83.9,46.805206500039915,2.5843495303623127
84.0,0.0,0.0
84.1,41.33110112254467,2.282096795691191
84.2,37.1516043181864,2.0513258748645757
84.30000000000001,43.30752513670848,2.3912250498907888
84.4,64.95177426972174,3.5863122904929643
84.5,0.0,0.0
84.6,25.2251383465601,1.3928060426183864
84.7,46.503813810280384,2.5677081326529785
84.80000000000001,7.401300809829035,0.4086628326687451
84.9,62.439582864963164,3.4476016392097035
85.0,42.505419028611854,2.346936760216039
85.1,51.11601174518127,2.822370646896751
85.2,25.6030140926077,1.413670452368028
85.30000000000001,50.53024641939179,2.7900276137642024
85.4,55.11748800780269,3.0433121633080247
85.5,40.07930436246903,2.2129788361537663
85.6,40.10921606857653,2.214630411040658
85.7,40.758678307071065,2.2504904692809733
85.80000000000001,20.354785234691136,1.1238894899834468
85.9,33.24198375567365,1.8354561710397232
86.0,33.15459441585754,1.8306309685419575
86.1,42.803589558362916,2.3634002463568247
86.2,53.9018364443853,2.9761899608453724
86.30000000000001,16.85385052438863,0.9305853759551992
86.4,33.6598374542476,1.8585279634837717
86.5,62.57869985786152,3.4552829841314905
86.6,22.530411881373844,1.2440167177651125
86.7,21.11699968877423,1.165975161936274
86.80000000000001,39.56151145296148,2.1843889000638654
86.9,51.12143342873576,2.8226700051604054
87.0,36.13066900009186,1.9949549301098362
87.1,59.84879062786581,3.304551042879076
87.2,51.35229168619748,2.835416844109849
87.30000000000001,51.08526120402111,2.8206727557314686
87.4,45.90909702383368,2.5348708446100168
87.5,77.83525580622953,4.297673738247223
87.6,32.2470896004112,1.7805230891205028
87.7,0.0,0.0
87.80000000000001,64.82157850730854,3.5791235313226055
87.9,27.708910242777137,1.5299475107050644
88.0,37.8918479981746,2.092198430500657
88.1,59.524412327489486,3.2866404946532803
88.2,7.114328260939342,0.39281764305401023
88.30000000000001,13.427850146089494,0.7414187611541101
88.4,7.136997131860635,0.3940693047878226
88.5,21.66804677954237,1.196401227682463
88.6,43.87845890830589,2.422749158741681
88.7,45.40288117062988,2.506920135697151
88.80000000000001,40.942935227913964,2.260664215375779
88.9,10.542714089937402,0.582115970518165
89.0,0.0,0.0
89.1,36.95586453702688,2.040518102624272
89.2,27.488031394509953,1.5177516848456962
89.30000000000001,44.25144389089901,2.4433435249815973
89.4,48.62016527198286,2.6845624810282542
89.5,38.47584577705627,2.124443868528672
89.6,49.67239553676537,2.7426613763001164
89.7,40.11830473407123,2.2151322417163293
89.80000000000001,45.5361647008264,2.5142793859691928
89.9,23.31338126834212,1.287248373360902
90.0,32.76699455103375,1.809229641562981
90.1,39.54446973982523,2.1834479418535815
90.2,50.77451255751354,2.8035147688596047
90.30000000000001,28.920158899957702,1.5968266066948216
90.4,45.391010603178024,2.5062647023017375
90.5,31.22740174552318,1.7242210230481363
90.6,33.89924098809365,1.8717466298785366
90.7,50.94884275643331,2.813140410992086
90.80000000000001,0.14491332102520005,0.008001389185931686
90.9,12.685998094654302,0.7004573992867456
91.0,9.345662846029224,0.5160207847184596
91.1,0.0,0.0
91.2,23.82124007720682,1.3152897980724614
91.30000000000001,49.52231019509932,2.7343744139885926
91.4,30.90708680511365,1.7065348332475485
91.5,39.59772147495334,2.186388236469506
91.6,55.64591494079427,3.072489257016743
91.7,59.940850380818446,3.309634122243509
91.80000000000001,34.80051717492949,1.9215105955641478
91.9,60.41204601224915,3.3356511895711725
92.0,37.70827985181396,2.0820627150896764
92.1,20.979331971105687,1.1583738387479563
92.2,25.355793660422766,1.4000201759225526
92.30000000000001,9.407842773829703,0.5194540495029871
92.4,20.073590632794257,1.10836332971852
92.5,29.618199614660277,1.6353689255544517
92.6,50.52953034881483,2.7899880759264777
92.7,67.04135696098771,3.7016886011780126
92.80000000000001,11.19073272321328,0.6178963200946831
92.9,43.14339442867854,2.3821625726594395
93.0,17.345209095164385,0.9577157400018301
93.1,44.62204759233764,2.463806408779848
93.2,33.72044028762092,1.8618741489977022
93.30000000000001,3.1261951347444565,0.17261286793576894
93.4,52.79434584823272,2.9150398663137915
93.5,25.19748716944284,1.3912792828422726
93.6,26.47979570927602,1.462081950333861
93.7,16.836956596785583,0.9296525777233
93.80000000000001,24.317901019624,1.34271293257533
93.9,43.799527932508504,2.4183909848228704
94.0,32.6936018631447,1.8051772642173554
94.1,42.018416041084656,2.3200468897034523
94.2,42.61959337071919,2.353240896645909
94.30000000000001,59.879409799507,3.3062416804762185
94.4,29.939849284441173,1.653128812438804
94.5,9.529059296776826,0.5261470199559705
94.6,55.3250034982957,3.054770131352628
94.7,30.150712902249417,1.6647716473369423
94.80000000000001,56.182664002392784,3.1021258570659995
94.9,43.02328803728447,2.375530898121426
95.0,33.76452445633979,1.8643082564238693
95.1,42.40546609283331,2.3414178587528567
95.2,71.24822608227339,3.9339708845150403
95.30000000000001,73.51814952296755,4.059304709885756
95.4,37.383860432390016,2.0641498964756195
95.5,39.020930679707355,2.1545407320511676
95.6,55.512322834394936,3.06511296870931
95.7,20.92060141018775,1.1551310307597884
95.80000000000001,42.140266707128596,2.3267748743682506
95.9,35.681968736830584,1.970179944561343
96.0,41.80034780623596,2.3080062518671958
96.1,21.151861492910697,1.1679000564914894
96.2,7.542785120438559,0.41647488904065844
96.30000000000001,0.0,0.0
96.4,16.047085966187055,0.8860398699525833
96.5,27.906344871092006,1.540848863932987
96.6,30.887551440322287,1.7054561880582797
96.7,71.0376609237313,3.922344529045623
96.80000000000001,56.07788065833137,3.0963402446039607
96.9,18.85485990585071,1.0410711112382536
97.0,42.43375214411722,2.342979673106807
97.1,28.85009174569415,1.5929578486921263
97.2,31.061450915278286,1.7150580477666093
97.30000000000001,39.518361689476876,2.1820063858237755
97.4,47.33008010555708,2.6133304270904727
97.5,30.080847290087725,1.6609140174816313
97.6,55.33932758921845,3.055561036049289
97.7,15.63761192943673,0.863430760545698
97.80000000000001,36.30910312252083,2.0048071703835655
97.9,82.95562707872497,4.580395043906734
98.0,40.215435367254955,2.220495309738515
98.1,62.000361118911115,3.4233500099997443
98.2,37.85236320711775,2.090018277717352
98.30000000000001,46.661487715936346,2.5764140975338736
98.4,35.18790250093155,1.9429000767818374
98.5,33.14516353904432,1.8301102426679432
98.6,22.184316858942452,1.224907080706241
98.7,43.96292446123596,2.4274129243431943
98.80000000000001,20.892330594656176,1.1535700576479206
98.9,48.20303425364172,2.661530591374086
99.0,55.76016608002638,3.078797633799946
99.1,42.825065330270135,2.3645860311272124
99.2,31.077522795997545,1.7159454566788812
99.30000000000001,44.40388042755653,2.451760308527261
99.4,30.678885000164573,1.693934670326625
99.5,53.07734825837268,2.930665844712925
99.6,3.274690484127774,0.18081203882158559
99.7,30.201567373864368,1.6675795770452497
99.80000000000001,0.4103840877680369,0.022659357874867787
99.9,9.336405055910312,0.5155096158264693
100.0,60.79952013665037,3.3570455737925733
100.1,52.365829675490346,2.8913793453463543
100.2,23.304355800873775,1.2867500321643282
100.30000000000001,9.212437791263856,0.5086647631674153
100.4,0.0,0.0
100.5,26.479580857212582,1.462070087276933
100.6,79.83247022045325,4.407949934409876
100.7,44.09541688634565,2.434728493746964
100.80000000000001,26.197698851109195,1.4465059719879585
100.9,44.64394377100551,2.4650154063100054
101.0,8.177749646100025,0.45153445605033593
101.1,30.925679471442564,1.7075614273401367
101.2,38.07059451428329,2.1020679195917698
101.30000000000001,34.73268826722113,1.9177654223475542
101.4,50.51951019042144,2.7894348128693416
101.5,42.49111407224895,2.346146912034121
101.6,48.31986832594394,2.6679815848097057
101.7,23.90179891984633,1.319737854660819
101.80000000000001,52.455677351389866,2.8963402848737734
101.9,65.61836505723184,3.6231181015867384
102.0,18.837308646274572,1.0401020184207095
102.1,20.323978197137926,1.1221884793697576
102.2,60.34911805376419,3.3321766222715468
102.30000000000001,32.863308239488916,1.8145476019810463
102.4,61.57878505719803,3.4000726872707174
102.5,28.346857185940692,1.5651717519005266
102.6,62.505820372872805,3.451258943284593
102.7,38.68424470249814,2.135950615434986
102.80000000000001,40.96811881980852,2.2620547274310026
102.9,64.48742439005828,3.560673211356949
103.0,29.81313140600492,1.6461320846362044
103.1,19.387302273350752,1.0704699171679435
103.2,28.25584425548962,1.5601464728417123
103.30000000000001,44.4745111115765,2.4556601818261004
103.4,8.151336700750743,0.45007606524270544
103.5,47.81197624772018,2.6399383231304476
103.6,26.642116282880625,1.4710444809908476
103.7,57.003127893204145,3.1474277717343124
103.80000000000001,0.0,0.0
103.9,22.189316048124958,1.2251831109426632
104.0,5.993573277786165,0.33093515537904045
104.1,21.480369605448853,1.1860386323005176
104.2,40.812986219960976,2.2534890807532224
104.30000000000001,33.131420741904414,1.8293514341081656
104.4,31.799203758935732,1.7557930718718435
104.5,33.497172315158906,1.8495464076431873
104.6,40.025988331158985,2.2100349914240827
104.7,18.21385124502406,1.0056778172985268
104.80000000000001,49.09329353618291,2.7106862586764846
104.9,48.30048746693871,2.666911470657594
105.0,43.30568287780982,2.391123329563595
105.1,46.395101969522784,2.561705608241373
105.2,41.715524014556394,2.3033227061127195
105.30000000000001,73.01381944916454,4.03145812428466
105.4,34.81730492110503,1.9224375309884059
105.5,30.860002070414406,1.703935049567348
105.6,22.826503557069138,1.2603654199768348
105.7,17.81177195547495,0.9834770088668029
105.80000000000001,13.994507999391942,0.772706775171462
105.9,20.399149467747606,1.1263390611623343
106.0,35.12775952685421,1.9395792823994598
106.1,42.41984641081993,2.3422118680269133
106.2,37.32572456868633,2.0609399246948157
106.30000000000001,22.62862345520052,1.249439469926133
106.4,52.61648695793086,2.905219387482617
106.5,49.7340987889371,2.746068321439258
106.6,33.58446554354395,1.8543663033481772
106.7,24.805903699754246,1.369658001116136
106.80000000000001,46.7158371532638,2.579415001777989
106.9,40.98271254938637,2.262860520226313
107.0,13.367322408315363,0.7380767220437745
107.1,42.29340673477247,2.335230501169529
107.2,56.543022237758585,3.1220230374433364
107.30000000000001,51.053247417944675,2.818905114496691
107.4,96.69300003045498,5.338904107127833
107.5,106.87854084276226,5.901298754713674
107.6,211.87942101130386,11.698922473155521
107.7,277.4946505597707,15.32186744762222
107.80000000000001,322.77880414874187,17.82223203976247
107.9,399.72332103980114,22.070723627791132
108.0,396.2736899555048,21.880252243531416
108.1,435.638242115224,24.053766035993934
108.2,434.3692647771595,23.98369945082323
108.30000000000001,373.8927485729978,20.644488539531967
108.4,340.1982528535268,18.784046919894298
108.5,291.00288838215465,16.06772481441475
108.6,166.67400626135736,9.202905446101958
108.7,118.02100430386227,6.516529887445638
108.80000000000001,97.54888958895052,5.386162050077791
108.9,96.28784424771169,5.316533430120878
109.0,29.86863999469986,1.6491969914243996
109.1,48.049701544016706,2.653064325636999
109.2,72.2719923924218,3.990498142499267
109.30000000000001,7.927523307409359,0.4377182084737132
109.4,13.8498888551023,0.7647216289543202
109.5,29.003475387423954,1.601426926645438
109.6,27.162543645742858,1.499779878425737
109.7,51.131493867085645,2.823225492275385
109.80000000000001,40.84803976234661,2.2554245621360844
109.9,4.548941375377044,0.25116980323740973
110.0,45.77755476696201,2.527607738746595
110.1,26.106834125459358,1.4414888760574138
110.2,59.445056301533796,3.2822588515894937
110.30000000000001,25.210925450039586,1.3920212775207714
110.4,25.05092508037105,1.3831868569267651
110.5,46.25286902035758,2.553852215790753
110.6,50.2476766855668,2.7744255255882946
110.7,44.58328855128845,2.461666328284045
110.80000000000001,6.179248287123663,0.34118720123169516
110.9,46.20711991871384,2.551326179091238
111.0,17.907455069861335,0.98876015213694
111.1,40.76247000858879,2.250699828084606
111.2,10.902780162816924,0.6019970191434885
111.30000000000001,44.56629865577514,2.4607282311838716
111.4,22.01621972246729,1.2156255971237584
111.5,13.450076295310609,0.7426459780087415
111.6,49.38876245668319,2.7270005754594027
111.7,40.89210139018152,2.257857424967318
111.80000000000001,25.493417574927854,1.4076190805191502
111.9,62.66871928237916,3.4602534067590556
112.0,28.618256411744632,1.580157060463293
112.1,37.13043813147683,2.05015718384123
112.2,41.39544205821482,2.2856493805277105
112.30000000000001,25.40351318568495,1.402655009564411
112.4,45.04045328119873,2.486908679368231
112.5,26.960357751034962,1.4886161840184966
112.6,29.155510200108232,1.60982152900146
112.7,61.09506751646014,3.3733642227063543
112.80000000000001,17.839451054776205,0.9850053103663379
112.9,0.0,0.0
113.0,65.5718659102141,3.620550651131041
113.1,82.46540314692605,4.553327328952504
113.2,29.285153221912026,1.6169797685984393
113.30000000000001,1.71941526883667,0.09493751603279538
113.4,30.996288428473015,1.7114601009832253
113.5,31.435486902867954,1.7357104452486103
113.6,33.17137086159938,1.8315572800127558
113.7,16.551515245406733,0.9138919331808752
113.80000000000001,47.02710056457659,2.596601411389161
113.9,46.03863275514955,2.5420231601625827
114.0,9.700698843252482,0.5356240977106768
114.10000000000001,49.18804117050798,2.7159177494139675
114.2,73.55332967502603,4.06124718202185
114.3,39.70278598386708,2.1921893734491866
114.4,30.53814708276689,1.686163826056756
114.5,34.056442140664615,1.8804264916973032
114.60000000000001,47.6896218054341,2.633182522459864
114.7,5.465411100870071,0.3017726801773323
114.8,39.57903265359144,2.185356333176662
114.9,29.59414890966942,1.63404096585091
115.0,69.88585023320881,3.858747300452784
115.10000000000001,33.49239079151076,1.8492823958094933
115.2,66.65197700015136,3.680188986195669
115.3,16.76516743992387,0.9256887393451805
115.4,47.20566500245026,2.606460847030318
115.5,42.386704748242124,2.3403819510898245
115.60000000000001,20.997149538433916,1.1593576357483364
115.7,39.835630063464926,2.1995243594559213
115.8,58.47033906296881,3.2284398381487702
115.9,30.819249322841188,1.7016848865635437
116.0,6.19467231494426,0.3420388389454273
116.10000000000001,36.33636912340598,2.0063126626535834
116.2,20.411384293734773,1.127014607093191
116.3,30.495363104050117,1.68380150862304
116.4,35.19142014566782,1.9430943035399686
116.5,5.960760111720692,0.329123376377255
116.60000000000001,7.5831498922277945,0.4187036299611072
116.7,45.34470303945945,2.503707830118122
116.8,27.261063468945757,1.505219650576418
116.9,0.0,0.0
117.0,50.802192658946424,2.8050431256918387
117.10000000000001,41.58015559493632,2.2958483386687747
117.2,23.830253167343287,1.3157874558546412
117.3,12.979556200951649,0.7166662104612664
117.4,51.72954213365807,2.8562467279972945
117.5,42.975811206087734,2.3729094648326687
117.60000000000001,79.57684108831332,4.393835371586782
117.7,44.25589477704887,2.443589280665446
117.8,43.673656542716266,2.4114409958917173
117.9,33.69279725804583,1.8603478390881385
118.0,51.40196560961424,2.8381595898480447
118.10000000000001,47.95403362246677,2.6477820212393435
118.2,59.23605015417351,3.270718576924261
118.3,27.323687464528877,1.5086774345640712
118.4,28.87266548700868,1.5942042578445927
118.5,28.088642923584356,1.5509144511095796
118.60000000000001,50.94943098122181,2.813172889824455
118.7,63.68823992534118,3.516546240224737
118.8,28.460871123312586,1.5714670315827466
118.9,29.076572899724354,1.6054630058705992
119.0,42.37839002965639,2.339922853893616
119.10000000000001,32.30379299976777,1.7836539673807446
119.2,53.86696575651801,2.9742645757749493
119.3,0.0,0.0
119.4,21.854309155495898,1.2066857049834927
119.5,22.654005988693974,1.2508409665419673
119.60000000000001,0.0,0.0
119.7,19.397008001361527,1.0710058189511447
119.8,20.272189914773328,1.119328989299842
119.9,33.12761621866105,1.8291413673529382
120.0,56.78338604988474,3.1352947256044343
120.10000000000001,32.34140827856736,1.7857308950426292
120.2,18.200353035119235,1.0049325136232137
120.3,35.73231825815648,1.9729599934388633
120.4,55.64512518594429,3.072445650701799
120.5,19.195241309931717,1.0598652708533824
120.60000000000001,20.374652089413924,1.1249864383896584
120.7,46.82138126693602,2.5852426201349568
120.8,32.7823499168456,1.8100774881038217
120.9,48.42722443277054,2.6739092523707617
121.0,36.52935774768466,2.016968529763569
121.10000000000001,49.40744566561221,2.7280321688617595
121.2,18.148593947268466,1.0020746355284125
121.3,36.564976285811184,2.0189352073869102
121.4,32.992579741463175,1.8216853281102137
121.5,14.90146336612565,0.8227843167816211
121.60000000000001,8.647396938363606,0.47746603182911773
121.7,49.13598263494391,2.713043337313334
121.8,30.477857120076397,1.682834915697935
121.9,18.396454930348067,1.0157602799922683
122.0,35.06877913538002,1.9363226800168425
122.10000000000001,57.10683943228745,3.1531542044832603
122.2,0.0,0.0
122.3,9.868003581740123,0.5448618290373735
122.4,20.198044045885187,1.115235025064491
122.5,63.11371960096592,3.4848240998581193
122.60000000000001,41.90156569254734,2.313594997575493
122.7,50.62921032830209,2.795491906107725
122.8,16.29710345572785,0.8998445859231574
122.9,16.670854245130528,0.920481236186938
123.0,44.88564690100879,2.4783610449092186
123.10000000000001,37.87643795683804,2.0913475650506568
123.2,46.707298739554275,2.5789435532552645
123.3,33.454422163287866,1.8471859579587973
123.4,41.84158707618329,2.3102832782044427
123.5,39.68364352829197,2.191132422742742
123.60000000000001,50.83981300352866,2.8071203330609182
123.7,51.36864907500048,2.8363200173512904
123.8,7.68730410094814,0.42445450471456986
123.9,0.0,0.0
124.0,54.88141715772713,3.030277511051454
124.10000000000001,58.23155167871486,3.215255192454437
124.2,18.483785648759923,1.0205822457091314
124.3,3.3804626821786883,0.18665225085778367
124.4,38.64262677812962,2.1336526816934405
124.5,53.61758807430952,2.960495186766959
124.60000000000001,69.22170140381766,3.8220763220793366
124.7,46.160856297826115,2.5487717332110775
124.8,30.17909946145749,1.6663390112360403
124.9,20.796148811472474,1.1482593803795702
125.0,37.08112325007178,2.0474342626081206
125.10000000000001,31.490735330065384,1.7387609872194232
125.2,18.60877769688131,1.0274836817889241
125.3,73.76010171553915,4.072664100474965
125.4,69.01803123729836,3.810830673602334
125.5,57.33637630399771,3.1658280831169274
125.60000000000001,20.314692839435704,1.1216757883336232
125.7,52.282847837351014,2.8867975030587063
125.8,48.40827537096224,2.6728629799013723
125.9,44.863321235672956,2.477128333272199
126.0,59.39397480678799,3.279438386798757
126.10000000000001,48.33918057150299,2.6690479104703075
126.2,50.22525625347804,2.773187581404904
126.3,48.37181310069978,2.6708497156071824
126.4,43.044245344037904,2.3766880558377554
126.5,4.807499665144697,0.2654460995022654
126.60000000000001,38.42017939339003,2.1213702490909565
126.7,26.906044740715743,1.4856172910916823
126.80000000000001,13.882862762479633,0.7665422832878236
126.9,67.19519914741483,3.7101829976773097
127.0,68.04691613594267,3.7572105521717365
127.10000000000001,61.393470805321016,3.389840560641655
127.2,41.52384150340574,2.2927389560405897
127.30000000000001,61.24375217714782,3.3815738464160576
127.4,37.151957250832865,2.051345362041053
127.5,40.58785098416003,2.2410582384513154
127.60000000000001,17.257515331684303,0.9528737287511104
127.7,44.08834348097912,2.434337935661571
127.80000000000001,38.031946711639506,2.099933981124648
127.9,13.499761896979638,0.7453893685616497
128.0,36.02845198730126,1.9893110176318471
128.10000000000002,35.51736785057745,1.961091506438863
128.2,69.31110099960352,3.8270125208627688
128.3,53.05333991324137,2.9293402239090764
128.4,37.16601790364639,2.0521217210022127
128.5,41.44067157641949,2.2881467284270443
128.60000000000002,37.76082280587557,2.0849638743582046
128.7,33.31504827368014,1.8394904284849085
128.8,17.486310447010837,0.965506651305203
128.9,34.25356620307527,1.8913106970284703
129.0,23.545231380254762,1.300049977554986
129.10000000000002,14.471820299383364,0.7990615743606919
129.2,46.18199266185562,2.5499387775751092
129.3,44.02526387879823,2.4308549953551015
129.4,4.824264795374596,0.266371786187059
129.5,34.779176525087706,1.9203322715587576
129.60000000000002,54.912624946198626,3.032000649127554
129.7,56.058527300133775,3.095271648908975
129.8,55.460063171934294,3.062227451386853
129.9,37.69793772422628,2.081491674503109
130.0,21.78918409655528,1.2030898247796982
130.10000000000002,17.495921107554906,0.9660373039381215
130.2,43.207888285506435,2.385723601037859
130.3,43.83454061857293,2.4203242103239107
130.4,60.181960008891174,3.3229469906329494
130.5,56.81213370615751,3.1368820274783724
130.60000000000002,34.6348841824389,1.912365169694588
130.7,14.621794180504349,0.8073423823780926
130.8,31.27608125380384,1.7269088621534565
130.9,40.93266150658945,2.2600969518411107
131.0,33.38750158299072,1.8434909380412514
131.10000000000002,26.6254060546022,1.4701218257173674
131.2,41.581926669458184,2.2959461285505225
131.3,27.96126065460901,1.5438810389826052
131.4,25.729810492943265,1.4206715157573875
131.5,42.64365101746191,2.3545692396382885
131.60000000000002,29.804133557674312,1.6456352684303523
131.7,41.436379001610334,2.287909713904053
131.8,41.96267241133821,2.3169690051233296
131.9,16.537777980351656,0.913133430075168
132.0,28.38765977042258,1.5674246666493
132.10000000000002,62.93248491849633,3.4748172266585478
132.2,16.13756877078283,0.8910358781116919
132.3,0.0,0.0
132.4,3.546787241634796,0.1958358615981346
132.5,37.58647903838005,2.0753374830367974
132.60000000000002,37.62151100458858,2.077271773091016
132.7,34.95050460234783,1.9297921515403726
132.8,58.92541692071303,3.253566962583924
132.9,0.0,0.0
133.0,44.20180973975483,2.4406029752694773
133.10000000000002,65.18338763246432,3.599100822581353
133.2,16.779946231949147,0.926504750363737
133.3,30.24598278778189,1.6700319741754386
133.4,23.532945489884824,1.2993716121041765
133.5,20.989271170604482,1.1589226316596353
133.60000000000002,31.217283909585284,1.7236623667252684
133.7,62.787235106321084,3.466797258113382
133.8,70.16796015877537,3.8743240003151778
133.9,31.05059394927734,1.714458580376466
134.0,71.39108385316047,3.9418587764977477
134.10000000000002,37.742876585723245,2.083972973791995
134.2,68.67143848061946,3.7916935541464176
134.3,35.42812430623715,1.9561639240361761
134.4,39.4690408688306,2.1792831366554553
134.5,43.69104050757102,2.412400851531029
134.60000000000002,94.33436622861564,5.208672139065156
134.7,52.440640347206205,2.895510016670597
134.8,24.389238460873653,1.3466518294754137
134.9,54.56446166496545,3.0127768131565795
135.0,30.612014332481852,1.6902424063341415
135.10000000000002,28.311996707778235,1.5632469305589676
135.2,53.484824478058,2.9531646446482838
135.3,37.692040579880754,2.081166063671335
135.4,42.14936646121251,2.327277317300388
135.5,37.38923399357527,2.064446597662601
135.60000000000002,43.19849627889783,2.385205021382237
135.7,44.79188615385068,2.4731840451477867
135.8,2.279595211302528,0.12586785219590563
135.9,49.14580803497161,2.713585846787087
136.0,19.473650443054588,1.0752376314567709
136.10000000000002,11.191115559930601,0.6179174584244673
136.2,36.103597610543716,1.9934601833050132
136.3,38.66915805966018,2.135117606433455
136.4,24.676889037698942,1.362534456403387
136.5,52.121073438023544,2.8778651294150555
136.60000000000002,13.005847005323673,0.718117857254698
136.7,29.842512522093934,1.6477543629946196
136.8,26.64226557120599,1.4710527239459033
136.9,36.33392913389189,2.006177938629776
137.0,42.1945571236503,2.329772519778509
137.10000000000002,19.0354269067762,1.0510411184006045
137.2,50.21708819421211,2.772736582003206
137.3,38.31654263002459,2.1156479450833565
137.4,3.129967440385613,0.17282115579605425
137.5,1.932854072853445,0.10672253984037917
137.60000000000002,36.96825272727239,2.0412021165628276
137.7,33.21508827984563,1.8339711373111582
137.8,35.3334379556566,1.9509358170807167
137.9,36.69381578245608,2.026049080341323
138.0,41.26007711118326,2.2781752048227437
138.10000000000002,54.2601929772694,2.995976617217895
138.2,17.20511178348395,0.9499802667773706
138.3,16.112011327785698,0.8896247238674125
138.4,17.530170558027116,0.9679283873850655
138.5,42.41300000903672,2.3418338439446336
138.60000000000002,59.62405281563602,3.2921421443201044
138.7,29.45339011168881,1.6262689686596312
138.8,0.0,0.0
138.9,6.550628473013237,0.36169295861979195
139.0,22.230338989671793,1.2274481927070295
139.10000000000002,27.188380025086133,1.5012064341406872
139.2,29.87900470941492,1.6497692791592307
139.3,37.92696021365651,2.094137151518597
139.4,31.62356604519595,1.7460952353070813
139.5,56.12561298978133,3.0989757853394924
139.60000000000002,25.071688497735366,1.3843333090402525
139.7,21.720776729440225,1.1993127119263032
139.8,45.864759693368306,2.5324227588577273
139.9,9.605942741329855,0.5303921394347851
140.0,44.26445069576004,2.4440616957268557
140.10000000000002,39.0984573070728,2.1588213648697043
140.2,34.60103518147299,1.9104961970675916
140.3,65.84646992868673,3.63571291232467
140.4,26.060265984695075,1.4389176161119221
140.5,74.34786706943342,4.105117565161604
140.60000000000002,33.207233913894214,1.8335374584861792
140.7,14.281203990535893,0.7885366946499498
140.8,38.528552457906855,2.1273540679720404
140.9,17.900086394262175,0.9883532907053155
141.0,23.743394739356994,1.3109915676541652
141.10000000000002,44.42409940027884,2.452876699129218
141.2,47.28047759570225,2.6105916244521805
141.3,26.08348139542335,1.4401994550418014
141.4,55.05829261083521,3.04004368939685
141.5,58.12263964438041,3.2092416143542573
141.60000000000002,63.14343161813923,3.4864646489202817
141.7,46.821941328262994,2.5852735439217653
141.8,61.83671681754258,3.4143143897127604
141.9,3.443128296466959,0.1901123328222895
142.0,31.57768212468767,1.7435617545838067
142.10000000000002,21.696405386178327,1.1979670481802596
142.2,39.451065500293055,2.1782906266611226
142.3,27.021414054458724,1.49198740788178
142.4,34.31915884490482,1.8949323948220107
142.5,71.19164784367288,3.9308469170060873
142.60000000000002,34.26004366443319,1.8916683500647464
142.7,44.765761709423856,2.471741583918919
142.8,33.13915206136377,1.829778318920945
142.9,38.68533918322301,2.1360110471894593
143.0,37.43330024784929,2.066879715942675
143.10000000000002,45.39733318751687,2.5066138038032286
143.2,58.30553563984918,3.2193402169529755
143.3,66.98559195685993,3.6986095364114
143.4,42.908161474365,2.3691741848183256
143.5,47.94934394864084,2.6475230808936883
143.60000000000002,16.6244388346598,0.9179184092447794
143.7,35.76071863651883,1.9745281203625804
143.8,54.270210367904596,2.99652972745326
143.9,52.93493549150875,2.922802523627864
144.0,41.158975190310905,2.2725928621462947
144.10000000000002,53.30759127222314,2.94337871298567
144.2,46.188800761888736,2.5503146868262143
144.3,58.963012648667785,3.2556428107458886
144.4,42.568464825228,2.3504178339482125
144.5,30.959930319721373,1.709452587966974
144.60000000000002,43.410142624794425,2.3968910746126677
144.7,0.0,0.0
144.8,44.261943254930884,2.44392324737861
144.9,0.0,0.0
145.0,6.3526586667024745,0.3507620555382149
145.10000000000002,45.50933481693771,2.512797973899633
145.2,45.97552807080232,2.53853883494427
145.3,16.458781957481253,0.9087716645821466
145.4,24.5671632461791,1.3564759466992862
145.5,62.05723779505438,3.4264904557379614
145.60000000000002,28.67745763169183,1.5834258558902994
145.7,77.76506562325373,4.2937981872140405
145.8,37.360442642825774,2.0628568831980814
145.9,44.7421511838628,2.4704379287230966
146.0,66.50373917297493,3.6720040343988
146.10000000000002,39.76098809148156,2.1954030028876006
146.2,19.36280834756558,1.0691174850277372
146.3,35.43240586950278,1.9564003305567783
146.4,36.76900674857836,2.0302007496216508
146.5,12.847150260371823,0.7093554163009124
146.60000000000002,32.81002271586518,1.811605441733297
146.7,24.058042308046137,1.3283648335187381
146.8,54.058439629373815,2.9848368058833907
146.9,38.0455137353346,2.1006830843534696
147.0,32.33467651534374,1.785359200728548
147.10000000000002,35.51622524879363,1.9610284176800643
147.2,41.446196331310986,2.288451777774689
147.3,48.53515559441603,2.679868671584301
147.4,19.44017988395114,1.0733895544976426
147.5,18.688922612817105,1.0319088834138634
147.60000000000002,57.32422587724554,3.1651571972899277
147.7,30.020436300314852,1.6575784246123184
147.8,11.941842333256268,0.6593688380711514
147.9,45.436128768895884,2.5087559018733847
148.0,45.79065650858837,2.52833115142546
148.10000000000002,9.899625369379287,0.5466078260779894
148.2,41.585670878344914,2.29615286504848
148.3,50.69799566371073,2.799289888480882
148.4,44.19895613071274,2.4404454132429585
148.5,48.83816670770511,2.696599430550668
148.60000000000002,12.18815623436652,0.6729690604023026
148.7,43.42622278993152,2.3977789409490797
148.8,32.022844329531964,1.7681413862327646
148.9,28.78227714295639,1.5892134653245005
149.0,53.14500096955508,2.9344012892381364
149.10000000000002,64.10444119213614,3.5395267936462207
149.2,69.77866098280646,3.8528288458693827
149.3,61.14904168710629,3.3763444066002326
149.4,35.50978473065669,1.9606728044637767
149.5,43.83646293447417,2.4204303509985934
149.60000000000002,51.29281169211639,2.8321326561687212
149.7,39.673703087390315,2.190583561287003
149.8,39.848755382407795,2.2002490739563436
149.9,52.325056373771275,2.889128047445363
150.0,36.43291237153322,2.011643298209204
150.10000000000002,24.375335145274093,1.3458841578887033
150.2,30.04448481495455,1.6589062633756184
150.3,48.917886799207366,2.701001175494024
150.4,37.5638792415992,2.074089635231729
150.5,43.636279583630085,2.4093772270530804
150.60000000000002,49.57642635963942,2.7373624380754875
150.7,30.770353667843025,1.6989851129169695
150.8,51.13246694533651,2.8232792207921187
150.9,44.3416668622511,2.448325186447859
151.0,15.298364435593385,0.844699209785637
151.10000000000002,63.4889862413524,3.505544447835702
151.2,28.51659461237551,1.5745438040950053
151.3,7.740783822666689,0.427407387610346
151.4,18.724213227446555,1.033857454740939
151.5,19.158687107790207,1.0578469305403853
151.60000000000002,38.4791197358356,2.1246246401664126
151.7,32.61319090016773,1.8007373728047338
151.8,31.48202458246933,1.7382800232809574
151.9,48.702135378684616,2.689088460563421
152.0,43.667756501468666,2.411115225107492
152.10000000000002,43.241361671597154,2.387571834089093
152.2,44.93191223191647,2.4809155852081317
152.3,48.647924024040286,2.6860951805548123
152.4,0.0,0.0
152.5,31.0026114592397,1.71180922713423
152.60000000000002,0.0,0.0
152.7,38.21657868236032,2.110128435598891
152.8,37.48660649996179,2.0698230207139554
152.9,56.39208094621424,3.113688813858305
153.0,58.95241906898018,3.255057886231337
153.10000000000002,41.22745086854261,2.276373746798074
153.2,28.573500606855802,1.5776858686452344
153.3,46.31540002582329,2.557304865328967
153.4,28.08248252816236,1.5505743048693172
153.5,37.56243227401972,2.0740097409151748
153.60000000000002,55.340453705293825,3.0556232145496773
153.7,27.55261577219038,1.5213177113330913
153.8,52.09721550636502,2.8765478136912783
153.9,49.79072463646144,2.749194917674995
154.0,20.413747291645215,1.1271450800255152
154.10000000000002,55.132594307913216,3.0441462576858824
154.2,50.17919421668709,2.7706442659908777
154.3,39.44216597270783,2.1777992392353394
154.4,23.88817775550226,1.3189857620560024
154.5,22.14679166563974,1.222835127115169
154.60000000000002,27.937073615745597,1.5425455516041344
154.7,47.38420033925528,2.616318675855937
154.8,20.418746986774835,1.1274211381978079
154.9,45.497720475157664,2.512156688004981
155.0,15.273400480188933,0.8433208249594654
155.10000000000002,33.954265480100716,1.874784807267558
155.2,39.603659582332156,2.18671610907521
155.3,81.64484261106051,4.508020078027415
155.4,12.843318200633384,0.7091438291180774
155.5,64.1337621968224,3.5411457529534647
155.60000000000002,40.33716345177104,2.227216526064113
155.7,45.043594524287336,2.487082123108957
155.8,39.77526244098768,2.1961911611118863
155.9,45.65258272751419,2.5207074074457365
156.0,34.88366812148368,1.9261017751731155
156.10000000000002,63.82540326623425,3.5241197142488203
156.2,29.438519403955,1.6254478825151224
156.3,58.03772229922646,3.204552903044586
156.4,26.061391836165583,1.438979780002152
156.5,36.57796676477684,2.019652476697837
156.60000000000002,18.369674058776052,1.0142815741378295
156.7,45.857926966255356,2.532045489822381
156.8,63.68226722467761,3.5162164575507755
156.9,36.280088763224626,2.0032051425018844
157.0,34.13105742332962,1.8845463746148798
157.10000000000002,17.61439466477732,0.9725788215354818
157.2,33.55273223605845,1.8526141487391183
157.3,9.0122033250125,0.49760881688463154
157.4,21.25319623906111,1.1734952546159327
157.5,41.76964882996444,2.306311207857298
157.60000000000002,61.432237559345126,3.3919810670093766
157.7,88.25829550213106,4.873181886962001
157.8,27.136468468723788,1.498340137496845
157.9,63.53290281961792,3.507969301754795
158.0,42.08754464722966,2.32386382577071
158.10000000000002,34.980042358565235,1.9314230787836557
158.2,45.491700131070736,2.511824274699345
158.3,38.82199670623927,2.1435565924788973
158.4,39.69712306101994,2.1918766951577133
158.5,30.362503069119953,1.6764656416426131
158.60000000000002,12.549026123620692,0.6928944917496704
158.7,9.932246354602533,0.5484089938143519
158.8,49.478407899062084,2.7319503486627497
158.9,32.74189837845716,1.8078439563654989
159.0,26.995399806189003,1.4905510311338532
159.10000000000002,37.880601281016766,2.0915774429999408
159.2,52.03878055248129,2.873321327645842
159.3,40.97905097447517,2.2626583463634087
159.4,25.926011140462585,1.4315047347342742
159.5,59.81077320168109,3.3024519106488612
159.60000000000002,66.16533905366938,3.6533192714248113
159.7,46.64451979581136,2.575477213804791
159.8,55.27094320419362,3.0517851921520323
159.9,60.1027799426486,3.318575063184923
160.0,58.09178769528125,3.207538123949506
160.10000000000002,48.806285188027225,2.694839092405237
160.2,48.525246847347894,2.6793215601036153
160.3,47.11139032023705,2.6012554703442317
160.4,18.007921858153214,0.9943074259672329
160.5,50.375516823472545,2.781484218948784
160.60000000000002,13.360348519722027,0.7376916587771277
160.7,23.46470980774901,1.2956039788371063
160.8,61.234171220545576,3.381044833886321
160.9,52.89646292849555,2.9206782610171453
161.0,64.54816921434553,3.5640272368993546
161.10000000000002,32.88736109362874,1.8158756803498506
161.2,17.039520857018186,0.9408371635834195
161.3,33.45463045273383,1.8471974586607938
161.4,39.621563350330334,2.18770466564568
161.5,39.20929689412018,2.16494137279513
161.60000000000002,58.196248617620626,3.2133059338957946
161.7,31.28963234993798,1.7276570859419815
161.8,44.13162049245264,2.4367274758995143
161.9,20.002211310177092,1.1044221203386813
162.0,45.90571100478863,2.5346838855645766
162.10000000000002,37.85845390334146,2.0903545755163013
162.2,24.308359910878686,1.3421861202450593
162.3,33.56257148085265,1.8531574226516685
162.4,34.494836562726015,1.9046324402121735
162.5,32.949707671932266,1.8193181467420945
162.60000000000002,69.6991423608183,3.848438225065477
162.7,36.04547195845817,1.9902507753587169
162.8,33.429870016807925,1.845830311162863
162.9,0.06838276301744628,0.003775754338117575
163.0,21.72926766436941,1.1997815389081168
163.10000000000002,33.09217835978565,1.827184665934654
163.2,25.48465182882043,1.407135079837816
163.3,62.70323668080036,3.462159284952309
163.4,34.866120042868104,1.9251328579923126
163.5,61.029496487728714,3.3697437182800516
163.60000000000002,38.95068341290744,2.1506620291345713
163.7,38.51260105559202,2.1264733112750065
163.8,36.24666394119081,2.0013595909151083
163.9,37.915832529252945,2.093522736411544
164.0,68.78831005516922,3.798146618268677
164.10000000000002,0.0,0.0
164.2,1.8271766041910737,0.10088755828747768
164.3,28.080425056074468,1.5504607015456342
164.4,38.12150192873667,2.104878772538961
164.5,50.28437983181153,2.776452089850121
164.60000000000002,46.38057018633098,2.560903235815839
164.7,30.951075578834825,1.708963673438809
164.8,56.21279276841652,3.103789416916414
164.9,56.416036294223844,3.1150115084260177
165.0,41.18809670799038,2.274200806778231
165.10000000000002,55.20549422844144,3.048171426881117
165.2,42.788047585321436,2.362542096297587
165.3,27.77695329563675,1.5337045079464293
165.4,50.448647712126224,2.7855221410493294
165.5,39.88584492039812,2.2022969728388446
165.60000000000002,37.93166805662799,2.0943970950736452
165.7,64.44643956234566,3.5584102340479826
165.8,0.0,0.0
165.9,12.578493154270184,0.6945215138806405
166.0,16.95206061013951,0.9360080459521133
166.10000000000002,32.21735304161487,1.7788811849925972
166.2,35.002951629925086,1.9326880142279579
166.3,13.978218168988654,0.7718073321671376
166.4,26.08054640600035,1.440037399597458
166.5,32.945359804827575,1.8190780792549426
166.60000000000002,100.31358290344018,5.538814594595272
166.7,100.67137187730148,5.558569913195703
166.8,79.4795654583837,4.388464297569106
166.9,107.89480658814774,5.957411869005949
167.0,132.9084294986435,7.338539086580442
167.10000000000002,172.7502566077321,9.538405615917553
167.2,275.1951504129754,15.194900544390343
167.3,347.6571716088336,19.195891127488412
167.4,470.4090169646406,25.973634409020917
167.5,565.2523358067859,31.210408367223458
167.60000000000002,713.6491778719176,39.404140171353966
167.7,867.5111072771692,47.89962677921163
167.8,1004.0595179112466,55.43914742834277
167.9,1122.6815345288198,61.988862211376464
168.0,1184.2093956544509,65.38612313370754
168.10000000000002,1282.8455025663638,70.83231588951456
168.2,1273.5511894611666,70.31913038079479
168.3,1278.857601886832,70.61212394893909
168.4,1207.796701190128,66.68849623580223
168.5,1090.4070642880304,60.206827300166196
168.60000000000002,991.7961864686022,54.76202756872954
168.7,871.437366918866,48.11641520981264
168.8,738.4280949699672,40.772308107226166
168.9,591.5532589355325,32.662613867819076
169.0,499.5483465653432,27.58256252620771
169.10000000000002,383.7987011849288,21.19144572431468
169.2,272.7292196731333,15.058744175773286
169.3,220.65379666421697,12.18339963485353
169.4,188.46238418140703,10.405950757844979
169.5,149.79302862775526,8.27082224678055
169.60000000000002,64.85705712188957,3.5810824830672217
169.7,51.637420817024136,2.8511602493941273
169.8,82.88848740727796,4.576687926871097
169.9,29.47645110317269,1.6275422813307543
170.0,20.097650588344006,1.1096918001916816
170.10000000000002,32.45358547631952,1.7919247591446479
170.2,47.24997945625618,2.6089076696478295
170.3,37.0179039788533,2.043943610475581
170.4,26.71918311757743,1.4752997263566603
170.5,26.075983906101236,1.4397854811603168
170.60000000000002,25.284584304963687,1.3960883512795417
170.7,22.227101947072363,1.2272694593962048
170.8,79.10694260601632,4.367889926350017
170.9,43.385007995321914,2.395503266017633
171.0,53.989607589411435,2.9810362447182452
171.10000000000002,29.22525335158803,1.6136723971900802
171.2,34.683212654194236,1.9150336263177616
171.3,25.18868625901191,1.390793340562776
171.4,0.0,0.0
171.5,13.23335205421309,0.7306795487889917
171.60000000000002,5.448870050417689,0.3008593660577102
171.7,0.0,0.0
171.8,16.528539084470573,0.9126233044285411
171.9,61.89670241492867,3.4176264945409507
172.0,37.25014903518205,2.0567670215260514
172.10000000000002,61.282647736865655,3.383721464790306
172.2,45.45268638830305,2.509670130847864
172.3,52.14355886394434,2.879106662232956
172.4,21.843854084789406,1.2061084282424914
172.5,47.49361717553476,2.6223601265960883
172.60000000000002,51.18185621335405,2.826006249282121
172.7,27.687848739797168,1.5287845997939684
172.8,48.1417266710918,2.658145493133565
172.9,48.263879654347164,2.664890170243537
173.0,28.18305281965855,1.5561272936291546
173.10000000000002,17.8676682191221,0.986563321127927
173.2,16.7656900258311,0.9257175939266449
173.3,39.639599754586314,2.1887005457272757
173.4,43.971177638207664,2.4278686235191143
173.5,23.82203505175754,1.315333692593187
173.60000000000002,38.56853614386978,2.129561767238154
173.7,48.36216665049274,2.670317086847982
173.8,49.22243286397541,2.7178166868080553
173.9,66.0313421622048,3.6459206329095375
174.0,61.08565497956478,3.3728445094709256
174.10000000000002,20.079254210382206,1.1086760441615078
174.2,68.4095517716844,3.7772334792134323
174.3,28.549922917997137,1.576384026527972
174.4,56.91771062417969,3.14271145712756
174.5,39.3362592689196,2.1719516004647015
174.60000000000002,30.696311187774587,1.6948968572954168
174.7,5.578956524051208,0.30804209084797446
174.8,35.03183881610573,1.9342830202459182
174.9,10.053601764499042,0.5551096329104042
175.0,55.5363862451699,3.066441629962736
175.10000000000002,65.42976782850647,3.612704705387245
175.2,23.785602192659578,1.3133220522364784
175.3,43.56797336534688,2.4056056991325514
175.4,25.07795260385644,1.3846791816668826
175.5,26.82477485753779,1.4811299743991824
175.60000000000002,52.08090466957668,2.8756472108193796
175.7,37.448811286818575,2.0677361579770817
175.8,69.45866475475822,3.835160253772188
175.9,29.467315383347422,1.6270378525501672
176.0,56.138053984540804,3.099662714879347
176.10000000000002,39.90594143324008,2.2034066018183687
176.2,52.4790041753962,2.897628275487928
176.3,30.10866216806096,1.6624498160006946
176.4,37.26794092407151,2.0577494006914057
176.5,36.083520172619174,1.9923516075470766
176.60000000000002,23.115971932775828,1.276348416672121
176.7,50.084967622471545,2.7654415444836378
176.8,49.87448210041056,2.7538195861426162
176.9,48.8564845083002,2.6976108479314487
177.0,65.8403817705176,3.6353767546644074
177.10000000000002,64.26570642225346,3.5484310535113512
177.2,31.430995582715564,1.7354624570012662
177.3,44.897441731815206,2.479012296505667
177.4,26.960187593352174,1.488606788761847
177.5,38.607895690062,2.131735004626116
177.60000000000002,27.394509915860432,1.5125878962952393
177.7,67.35376556444892,3.7189382425749673
177.8,44.74156670617333,2.470405656786805
177.9,34.2729756941204,1.892382392098697
178.0,59.68513429341479,3.2955147581854285
178.1,0.0,0.0
178.20000000000002,1.9511532924247845,0.10773293126991271
178.3,52.532595793955934,2.9005873367679182
178.4,39.298432066112625,2.1698629714185067
178.5,42.72053340469369,2.3588143007371087
178.6,14.339870140266125,0.7917759461743152
178.70000000000002,37.79929320469341,2.087088017472874
178.8,74.28316938722415,4.101545282564518
178.9,53.058093156325526,2.9296026742313974
179.0,41.27971781257062,2.2792596661722815
179.1,30.32452961811112,1.674368937501786
179.20000000000002,31.127688666350913,1.7187153652677436
179.3,0.0,0.0
179.4,42.87252757658089,2.3672066591114738
179.5,53.45619595267337,2.951583920586471
179.6,9.878852110928928,0.5454608305889249
179.70000000000002,26.336995938477312,1.4541972608260991
179.8,17.4106366197984,0.9613283208492309
179.9,20.871178493442258,1.1524021443552332
180.0,39.2126692827942,2.165127579239619
180.1,0.7332612102074592,0.04048701855916247
180.20000000000002,49.31186789042715,2.722754841895744
180.3,51.826891258806285,2.861621860053549
180.4,33.74015341533557,1.8629626093669835
180.5,0.0,0.0
180.6,20.32946473195699,1.122491418396059
180.70000000000002,60.459734813848534,3.338284326805954
180.8,0.0,0.0
180.9,32.01707858051665,1.7678230303942986
181.0,17.034985987589337,0.9405867707627257
181.1,52.75976542852706,2.9131305084002443
181.20000000000002,26.127948861417696,1.4426547262274714
181.3,45.55367237324101,2.5152460721215633
181.4,48.46328754504367,2.6759004771561155
181.5,71.33956511514036,3.9390141693191203
181.6,34.637045013843334,1.912484480003052
181.70000000000002,45.06129865320701,2.488059656607479
181.8,11.564001375706155,0.6385063491684382
181.9,59.72494413928739,3.2977128588707565
182.0,24.61084073471543,1.3588875992787097
182.1,28.208925046420582,1.5575558286593725
182.20000000000002,37.90453969271421,2.092899202429159
182.3,10.175581783882706,0.5618447598200031
182.4,42.427860520720884,2.342654367114249
182.5,55.72689291265019,3.076960455825264
182.6,43.587808822951246,2.406700913946833
182.70000000000002,9.717343844782953,0.5365431514891942
182.8,36.09143270206613,1.992788497869528
182.9,51.67902025363083,2.8534571623338825
183.0,4.521202212613659,0.24963818533374474
183.1,18.98171175128115,1.04807523602859
183.20000000000002,54.10778487346736,2.98756140359238
183.3,43.19421781555116,2.3849687860236637
183.4,45.75048847828157,2.5261132735861884
183.5,71.80840653721961,3.964901248974754
183.6,46.77395001311165,2.5826237034008668
183.70000000000002,50.18448418779723,2.7709363517517667
183.8,87.13841948992987,4.811347931669149
183.9,34.49901795437116,1.9048633157566366
184.0,23.988110254867088,1.3245035351225782
184.1,46.05283516844839,2.542807346429101
184.20000000000002,46.25683852900011,2.554071392214984
184.3,28.876622944968254,1.594422768890351
184.4,19.776853648012743,1.091978996764865
184.5,79.9396995976214,4.413870604592697
184.6,44.24818246698442,2.4431634454564275
184.70000000000002,25.186363134762637,1.390665069254699
184.8,54.85674544103277,3.028915262185994
184.9,36.40788727189598,2.0102615373041495
185.0,33.82313396627904,1.8675443805821108
185.1,48.49841169446088,2.6778398571063065
185.20000000000002,15.126119171829583,0.8351886873501737
185.3,44.729789670509106,2.4697553877491525
185.4,72.81818653917153,4.020656252935937
185.5,46.7786979195516,2.582885859060371
185.6,31.61818213189764,1.7457979625281654
185.70000000000002,29.26460495229164,1.615845195867879
185.8,31.008880479788033,1.7121553711109672
185.9,33.82617179513994,1.8677121143061353
186.0,31.599482410351104,1.744765457381614
186.1,54.896105939342206,3.0310885521451083
186.20000000000002,7.207236142238305,0.39794755182605523
186.3,53.923500907418415,2.9773861641964916
186.4,31.575642547433898,1.7434491393234097
186.5,45.1975601425167,2.495583334895356
186.6,18.12921761638445,1.001004771396519
186.70000000000002,62.33285920328986,3.441708892108508
186.8,60.84142928309372,3.3593595873613125
186.9,55.695129463501324,3.0752066369442277
187.0,11.159414035716289,0.6161670587287633
187.1,53.35167927918896,2.9458130323406464
187.20000000000002,45.71739157744276,2.524285828168569
187.3,9.537617551613781,0.5266195640065685
187.4,37.99764709212533,2.098040127593994
187.5,44.999120802598725,2.4846265065151205
187.6,48.44935492881671,2.67513118773523
187.70000000000002,41.633204605079406,2.29877743982442
187.8,43.687165503252835,2.4121868931631747
187.9,64.97250506055572,3.587456941132542
188.0,60.51861037839224,3.341535141169485
188.1,0.0,0.0
188.20000000000002,32.74110601292172,1.8078002059015545
188.3,35.49378150420888,1.9597891862971815
188.4,6.9222256909145194,0.3822106994306631
188.5,40.15779504818162,2.217312699455042
188.6,60.94263990338912,3.3649479318765296
188.70000000000002,18.909278527369374,1.0440758354875654
188.8,44.5252168964177,2.458459901794025
188.9,21.987677408664116,1.2140496332345139
189.0,26.38058357376582,1.4566039521583414
189.1,65.07058541506063,3.5928724480185616
189.20000000000002,28.713959237987154,1.5854412921235892
189.3,46.802324802191244,2.584190417412307
189.4,4.803073910902235,0.2652017314767126
189.5,72.00921610510784,3.9759889494950746
189.6,49.337744033516984,2.7241835931660057
189.70000000000002,35.20750283229529,1.9439823091004744
189.8,48.8548371799981,2.6975198906973663
189.9,13.120750278939418,0.7244622416386381
190.0,59.78555335154783,3.3010593965949466
190.1,32.670774041064256,1.803916825995109
190.20000000000002,34.83174872912818,1.9232350458649023
190.3,29.65769893062128,1.637549880330356
190.4,28.05827475057947,1.5492376724024273
190.5,51.016571009311356,2.8168800265521092
190.6,43.12132330187601,2.380943915367827
190.70000000000002,50.24896654525472,2.7744967451924363
190.8,38.36169558925972,2.118141065779099
190.9,47.76009659938926,2.6370737882885966
191.0,30.98572260934931,1.7108767092682413
191.1,78.66267314537188,4.343359587573074
191.20000000000002,10.307252504251025,0.569114958795539
191.3,61.22937182413372,3.3807798352079588
191.4,63.157334112977466,3.487232275188654
191.5,23.198641492619313,1.2809130165133071
191.6,78.66692499000752,4.343594353179488
191.70000000000002,56.46132509301573,3.1175121295030426
191.8,56.02550212281241,3.093448163705453
191.9,39.05189936646578,2.1562506681259075
192.0,34.63992915206382,1.9126437276981907
192.1,34.78314111328706,1.9205511763007135
192.20000000000002,45.58455073375131,2.51695102083241
192.3,63.77885295061013,3.5215494385184636
192.4,41.823655921505555,2.30929320947843
192.5,22.156514783528774,1.2233719890805181
192.6,53.40468712292963,2.948739860493335
192.70000000000002,55.148213435106264,3.0450086678116874
192.8,50.35387151206015,2.7802890730544245
192.9,51.991480317449685,2.8707096451145437
193.0,33.698293657159454,1.8606513227714756
193.1,21.855694991649568,1.2067622239283005
193.20000000000002,22.952518248465964,1.2673233213062491
193.3,9.144161527758559,0.5048948891999827
193.4,42.850075007827094,2.3659669405020867
193.5,37.085421901921315,2.0476716126749026
193.6,30.670221318465245,1.6934563051317006
193.70000000000002,0.0,0.0
193.8,16.14328554550496,0.8913515298345042
193.9,58.772631725257,3.2451309278423026
194.0,26.636731998863645,1.4707471877427
194.1,45.09315019782314,2.489818339679841
194.20000000000002,13.57266226044539,0.7494145622136806
194.3,64.50419868246615,3.56159940393141
194.4,36.01750211901582,1.9887064206419593
194.5,43.83322713670363,2.420251686420997
194.6,80.47903625387033,4.4436500786835325
194.70000000000002,65.91342181060926,3.6394096605614976
194.8,33.10181881683296,1.8277169637815331
194.9,27.944536672333534,1.542957624282162
195.0,32.76518979264843,1.809129991826674
195.1,47.805668472577636,2.639590039318747
195.20000000000002,36.73596558348432,2.0283763816532425
195.3,31.51810538993751,1.7402722251065257
195.4,65.04426251276276,3.591419028938118
195.5,36.581721947998936,2.0198598191437345
195.6,80.03260367467175,4.419000303313151
195.70000000000002,40.27586614753911,2.223831995340931
195.8,70.78073109604509,3.908158148316455
195.9,45.07924960879129,2.4890508186405693
196.0,55.98329031849006,3.0911174388815787
196.1,25.609501072680963,1.4140286309801828
196.20000000000002,23.28733399342659,1.2858101730466889
196.3,46.93220719026977,2.5913618736184194
196.4,56.453958364375666,3.1171053755727667
196.5,39.387117036008334,2.1747597121325972
196.6,15.509919968493449,0.8563802487763604
196.70000000000002,14.182849406792116,0.783106046196193
196.8,12.981544760647662,0.7167760087871532
196.9,6.85530196709114,0.3785155059433125
197.0,40.645736470047574,2.244254385620715
197.1,58.92829059074445,3.2537256322779915
197.20000000000002,38.43851583535344,2.1223826957549106
197.3,0.0,0.0
197.4,35.251311713978126,1.9464012165526325
197.5,35.757118060613074,1.9743293145598313
197.6,76.41797750405792,4.21941871517395
197.70000000000002,12.46401756744799,0.6882007442234949
197.8,31.662803153214476,1.7482617122711424
197.9,69.40284824980216,3.8320783453872833
198.0,46.79961014423787,2.5840405275703104
198.1,48.84213532329564,2.696818557665032
198.20000000000002,40.76751986642981,2.250978655991066
198.3,44.64648369583077,2.465155648262133
198.4,52.706971545013644,2.910215494061748
198.5,24.141746259930205,1.3329865473176268
198.6,54.5200544203476,3.0103248670942815
198.70000000000002,14.003445696060297,0.7732002701032142
198.8,44.63062351096769,2.464279928136802
198.9,41.93983733915388,2.315708166586589
199.0,27.63172441254206,1.5256856950004702
199.1,38.31916504413836,2.115792741681643
199.20000000000002,27.52427725202005,1.5197529999095174
199.3,19.441876116488604,1.0734832119791362
199.4,32.3699346509544,1.7873059787265635
199.5,18.86570456331009,1.0416698990122604
199.6,44.55035435367847,2.4598478665253913
199.70000000000002,18.040961105257455,0.9961316880338322
199.8,51.56058641383892,2.846917837734493
199.9,17.480876777281242,0.9652066312248769
200.0,28.556691519541886,1.576757754869997
200.1,27.509638652126775,1.5189447295996896
200.20000000000002,62.6076411197471,3.4568809759395607
200.3,44.70271902109865,2.4682606818110333
200.4,34.9487915542009,1.9296975655849833
200.5,47.739449939255024,2.6359337829257017
200.6,0.8355377480656188,0.04613421771382474
200.70000000000002,37.99109538646366,2.0976783751584014
200.8,74.72525520048573,4.125955051248724
200.9,41.15473711524811,2.2723588568268616
201.0,39.99743704504804,2.2084585321288546
201.1,48.643810833559535,2.6858680707377194
201.20000000000002,54.900894379658226,3.031352945882627
201.3,2.8280995279825234,0.15615351866791316
201.4,8.503123327761514,0.46949996425492874
201.5,42.57274323955064,2.3506540665999243
201.6,25.922221885844824,1.4312955110362264
201.70000000000002,62.40895471995846,3.4459105061482838
201.8,33.12186098206597,1.8288235919577664
201.9,3.975946757163875,0.21953190473827433
202.0,15.97574949680805,0.8821010267143384
202.1,0.0,0.0
202.20000000000002,34.59074032890757,1.909927766771433
202.3,35.4165857092411,1.9555268203898593
202.4,31.169671223925842,1.7210334322321972
202.5,58.2323227025353,3.215297764535563
202.6,60.38835705730048,3.334343203896623
202.70000000000002,35.75050837959,1.9739643610145927
202.8,0.3955139854165921,0.02183830515654759
202.9,49.933568448860655,2.757082038939779
203.0,48.82148411315436,2.6956783010734924
203.1,44.39654826282501,2.4513554630432344
203.20000000000002,56.49663548754609,3.1194617929773685
203.3,17.865594263701283,0.9864488076769977
203.4,74.9925969513325,4.140716326327095
203.5,21.567800443446373,1.1908661261204174
203.60000000000002,52.32601268961538,2.8891808504257876
203.70000000000002,8.470241500559673,0.4676843941284202
203.8,22.100235629139085,1.2202645355066073
203.9,66.14213564105604,3.6520380949708624
204.0,34.1538031859847,1.885802281925861
204.10000000000002,53.97110689239036,2.9800147287110947
204.20000000000002,43.12019699694643,2.3808817264398545
204.3,36.968253191996894,2.0412021422225917
204.4,63.409305848788414,3.501144894869267
204.5,34.60264115626579,1.9105848709676108
204.60000000000002,6.811714063857529,0.376108799816481
204.70000000000002,24.409178344869307,1.3477528101930099
204.8,48.79145111663049,2.694020029136122
204.9,45.99166391452515,2.539429775573857
205.0,10.66795149576211,0.5890309540238271
205.10000000000002,25.83933465065238,1.4267188922503988
205.20000000000002,28.409015714359562,1.568603835118174
205.3,32.30404730594395,1.783668008896553
205.4,14.11855540517207,0.7795560528233033
205.5,27.57682005384939,1.5226541507725406
205.60000000000002,25.77501126532851,1.4231672764562688
205.70000000000002,52.78009867571455,2.914253208666927
205.8,53.45918359782439,2.9517488834168972
205.9,36.27291175440131,2.002808863951507
206.0,31.84328367432683,1.7582269444505125
206.10000000000002,41.421137616704044,2.2870681608190435
206.20000000000002,24.20664806579965,1.3365701006028414
206.3,18.264522520986063,1.0084756318586472
206.4,21.986018239337092,1.213958022198227
206.5,27.48586304851378,1.5176319596190406
206.60000000000002,17.97247160373912,0.9923500401292661
206.70000000000002,41.83457206313175,2.309895944250789
206.8,52.054882128106755,2.874210376162394
206.9,10.354730585631646,0.5717364611132011
207.0,39.3773168018886,2.174218592194482
207.10000000000002,34.96865568520596,1.9307943636011171
207.20000000000002,45.07715633966245,2.4889352387832293
207.3,38.699602174135414,2.1367985782489796
207.4,12.770212961230648,0.7051073232409518
207.5,16.214492620571022,0.8952832285656122
207.60000000000002,39.46962436052951,2.179315354150277
207.70000000000002,57.460556555419174,3.172684695841007
207.8,0.0,0.0
207.9,45.170578436428436,2.4940935399628734
208.0,60.36319609517758,3.3329539413442673
208.10000000000002,36.198034228288165,1.9986745012616423
208.20000000000002,48.85864492847593,2.6977301355339196
208.3,26.30225654383956,1.4522791251114953
208.4,36.81140841301622,2.0325419575720196
208.5,9.78605667045327,0.5403371302370671
208.60000000000002,0.0,0.0
208.70000000000002,55.93728442205496,3.088577223257365
208.8,21.240091300960046,1.1727716654437135
208.9,30.77299878993825,1.6991311633364785
209.0,14.019039441136524,0.7740612787554099
209.10000000000002,13.598045344490234,0.7508160892282101
209.20000000000002,35.85092139829691,1.97950866595719
209.3,25.850110505558366,1.4273138810913415
209.4,45.78847796390457,2.528210863078255
209.5,47.133191541632655,2.6024592248084923
209.60000000000002,44.76529363384293,2.471715739125184
209.70000000000002,43.287314236711985,2.390109105024397
209.8,67.39482768877394,3.7212054878164764
209.9,19.780812157192052,1.0921975658537222
210.0,38.01117240834748,2.098786927944649
210.10000000000002,59.3909167693526,3.2792695372582683
210.20000000000002,61.76671656808466,3.4104493258589845
210.3,13.415754311797688,0.7407508896498718
210.4,33.38760205019434,1.8434964853380136
210.5,63.45867972561069,3.503871073534406
210.60000000000002,48.16042389358317,2.659177860294782
210.70000000000002,42.53223456663591,2.3484173801786667
210.8,35.10167551817618,1.9381390538305079
210.9,32.11408333726058,1.7731791481487167
211.0,44.212943135625835,2.441217705735212
211.10000000000002,34.4847657502793,1.9040763802914251
211.20000000000002,38.263584821200006,2.112723879608616
211.3,40.447276710070675,2.2332964297469027
211.4,26.829712487117014,1.4814026056220393
211.5,48.61582872986589,2.6843230388503123
211.60000000000002,91.49640367147755,5.0519740332311525
211.70000000000002,7.0567404921306505,0.3896379343334595
211.8,44.87722543541964,2.477896053677094
211.9,25.364078404859697,1.400477618096101
212.0,49.44324639534649,2.7300089061949304
212.10000000000002,39.8905345199015,2.2025559090807807
212.20000000000002,52.768385932764346,2.9136064895515528
212.3,60.21661837715803,3.324860652476392
212.4,42.523580119827265,2.347939524888242
212.5,59.4394411914552,3.2819488132800902
212.60000000000002,0.0,0.0
212.70000000000002,67.69564136248842,3.737814915154221
212.8,45.821118734062125,2.5300131232397884
212.9,58.47368040341327,3.2286243302652275
213.0,17.117236592852613,0.9451282380262872
213.10000000000002,24.123642131103956,1.3319869278238063
213.20000000000002,41.70688929460593,2.302845940040792
213.3,38.77581799192567,2.1410068347153253
213.4,44.180234584179814,2.439411703029759
213.5,58.60877289673939,3.2360834624385366
213.60000000000002,7.316034324548717,0.40395484358659783
213.70000000000002,56.621243290911565,3.1263420129825246
213.8,39.24407437924268,2.1668616116758934
213.9,35.42942649975814,1.9562358246529248
214.0,12.619925781071977,0.6968092164168274
214.10000000000002,48.15737603078357,2.659009572546821
214.20000000000002,0.0,0.0
214.3,50.77859220229683,2.8037400264509738
214.4,12.252094961486144,0.6764994372932458
214.5,40.07474242711453,2.2127269488879566
214.60000000000002,36.969960928097436,2.041296434873334
214.70000000000002,60.169186651289905,3.322241709678405
214.8,35.90420695774998,1.9824508281832558
214.9,26.62800589937802,1.470265376149634
215.0,30.006151472518347,1.6567896878292176
215.10000000000002,62.03938983758394,3.425504980745844
215.20000000000002,48.78334544525609,2.693572474481926
215.3,32.191160332583095,1.7774349545334893
215.4,34.878964440638754,1.9258420614298901
215.5,10.928312369461956,0.6034067799625578
215.60000000000002,46.13253561532774,2.547208006694581
215.70000000000002,7.4658172614816145,0.4122251086204353
215.8,52.67733638503822,2.9085791886698544
215.9,41.46268866484279,2.289362401989485
216.0,82.1151323923306,4.533987128837424
216.10000000000002,19.3500600329625,1.0684135868223665
216.20000000000002,37.307082361268606,2.0599105951909524
216.3,71.52667861661513,3.949345641516778
216.4,60.605013525245454,3.346305891021678
216.5,26.630683071561805,1.4704131962148197
216.60000000000002,43.196413710722055,2.3850900323780326
216.70000000000002,39.203488415471575,2.164620657639913
216.8,44.24520561309483,2.442999078465514
216.9,26.596252152273063,1.4685120929669635
217.0,37.567232751386776,2.0742747992784802
217.10000000000002,10.412557245019155,0.5749293601773341
217.20000000000002,41.61222213362548,2.2976188926391243
217.3,47.28287212159297,2.610723838201972
217.4,35.09145057241009,1.937574483438354
217.5,10.116583969473819,0.558587195430027
217.60000000000002,56.98357353132632,3.1463480776208925
217.70000000000002,45.75395068387044,2.5263044392717324
217.8,26.126728241382416,1.4425873296908291
217.9,34.14669195691485,1.8854096354046466
218.0,12.187950749926905,0.6729577145787347
218.10000000000002,20.74511769999772,1.1454416975012018
218.20000000000002,29.524395765571487,1.6301895459198683
218.3,61.31907462104272,3.3857327752417508
218.4,27.698938964025437,1.5293969465374
218.5,50.736345867917656,2.8014073950499725
218.60000000000002,29.525308348491567,1.6302399341868428
218.70000000000002,43.68055609533375,2.4118219546973725
218.8,36.67488096141156,2.025003594175722
218.9,54.93751880166938,3.033375163385806
219.0,29.59839591206596,1.634275464093086
219.10000000000002,10.921991499956064,0.60305777314557
219.20000000000002,14.354917435454617,0.7926067825953352
219.3,29.658705109030368,1.6376054364723633
219.4,16.75192052779505,0.9249573110768565
219.5,46.62131628223192,2.5741960317759984
219.60000000000002,30.8561730325546,1.703723629237545
219.70000000000002,81.98541790047577,4.526824943021495
219.8,7.966137287531623,0.4398502794302703
219.9,42.91289721677642,2.369435668840982
220.0,18.94684557689796,1.0461501001701967
220.10000000000002,30.371275873111784,1.676950032025043
220.20000000000002,41.800550520129796,2.3080174447150754
220.3,0.0,0.0
220.4,43.52287010218449,2.4031153224055215
220.5,73.51483432093502,4.059121661001744
220.60000000000002,31.10311062936533,1.7173582889275105
220.70000000000002,43.94404142249917,2.426370297337774
220.8,57.71859047625719,3.1869320390748133
220.9,36.32133699951406,2.005482663915721
221.0,28.8177166064333,1.5911702553408587
221.10000000000002,0.0,0.0
221.20000000000002,50.81783294910952,2.805906704331059
221.3,37.24546862487985,2.0565085926658693
221.4,21.056690675013087,1.1626451996725655
221.5,41.566240784998485,2.2950800324221627
221.60000000000002,28.783753577488735,1.5892949866588906
221.70000000000002,29.780829639920544,1.6443485425849593
221.8,50.20824080995675,2.7722480736714403
221.9,15.206616596170797,0.839633352727121
222.0,58.151675149327644,3.210844809793084
222.10000000000002,14.144149063868735,0.7809692067174736
222.20000000000002,27.376374649605253,1.5115865575482448
222.3,73.92053149319838,4.081522230831667
222.4,59.602385709563606,3.2909457950335668
222.5,41.069371864917926,2.267645414432373
222.60000000000002,22.385456120978102,1.2360129852892878
222.70000000000002,29.790598479401925,1.6448879290680822
222.8,40.638955662542536,2.243879983326579
222.9,39.99791818211277,2.208485098112433
223.0,37.68932326673267,2.08101602722276
223.10000000000002,38.77251474648468,2.140824446014528
223.20000000000002,35.47124802530794,1.9585450002339275
223.3,13.37688275847977,0.7386045967890225
223.4,30.03780664110501,1.6585375279988883
223.5,55.80073297176324,3.0810375347735333
223.60000000000002,14.70998264407989,0.8122117084951481
223.70000000000002,35.93050079229299,1.983902642287582
223.8,24.589429282124808,1.3577053658994616
223.9,41.351807729166,2.283240110999439
224.0,32.354602740797276,1.7864594272897254
224.10000000000002,65.94558596954404,3.6411856046338205
224.20000000000002,48.47349677542457,2.6764641798232582
224.3,15.745043016010197,0.8693625681135637
224.4,51.442104209046576,2.840375842661549
224.5,25.418766587282864,1.403497226151063
224.60000000000002,28.979065315204398,1.6000791244799533
224.70000000000002,45.01624236192819,2.485571873433054
224.8,30.51854644485757,1.6850815768122043
224.9,55.443904693813195,3.0613352609989395
225.0,25.433818892758882,1.4043283392151145
225.10000000000002,28.23646205335546,1.5590762845287356
225.20000000000002,27.56532391613404,1.5220193915154565
225.3,29.201002529609298,1.6123333880268245
225.4,59.17044799986063,3.267096353898942
225.5,50.70583328498546,2.7997226427485185
225.60000000000002,70.16899117221729,3.874380927723551
225.70000000000002,80.21009567018658,4.428800524048239
225.8,20.842093425217886,1.1507962122800026
225.9,40.6650442918912,2.2453204670258646
226.0,18.228394300418206,1.006480812118726
226.10000000000002,25.405593300531194,1.4027698631080225
226.20000000000002,28.06351481539795,1.549527002587365
226.3,20.378712265511062,1.1252106210174995
226.4,20.47602908782855,1.1305839694729183
226.5,36.81538118663541,2.0327613142719416
226.60000000000002,17.514068469044673,0.9670393105235076
226.70000000000002,54.575785264477396,3.0134020457165662
226.8,22.900436326484748,1.2644476179245665
226.9,89.99474146173506,4.969059752604968
227.0,31.300079882640883,1.7282339464721057
227.10000000000002,40.723817554506944,2.2485656327883263
227.20000000000002,16.113858679611365,0.8897267254005768
227.3,70.1421516462975,3.872898983269233
227.4,59.5860122544525,3.2900417346909046
227.5,44.78198567325003,2.472637390100113
227.60000000000002,15.197554121967816,0.8391329682036519
227.70000000000002,43.23450379904317,2.3871931766481906
227.8,19.25924117168941,1.0633990232934365
227.9,65.76989474252049,3.631484813333034
228.0,54.01550517335711,2.982466179845387
228.10000000000002,41.17040269277925,2.2732238317081372
228.20000000000002,0.0,0.0
228.3,21.756012384137453,1.201258248640658
228.4,51.83970036879771,2.8623291150763563
228.5,61.294406451016805,3.3843707222055928
228.60000000000002,59.43005660685837,3.281430643430857
228.70000000000002,10.811265959653806,0.5969440623113059
228.8,44.89794152263227,2.4790398924562025
228.9,57.751773896692725,3.188764261672065
229.0,9.624959819519589,0.5314421674287532
229.10000000000002,39.33521872328174,2.171894146736119
229.20000000000002,44.409163169552215,2.4520519951325865
229.3,34.06873747275877,1.8811053784729261
229.4,6.146086602778368,0.3393561787926912
229.5,33.62493401867288,1.8566007702486458
229.60000000000002,33.59850225540957,1.8551413404098704
229.70000000000002,36.82719671814043,2.033413708857487
229.8,29.352514342348748,1.6206991129402954
229.9,31.523281241653592,1.7405580097649413
230.0,38.7852869177544,2.141529661465774
230.10000000000002,47.4666828894548,2.620872949959418
230.20000000000002,34.025318268579994,1.8787079870646002
230.3,32.133819289375964,1.774268868767311
230.4,41.172372688580246,2.2733326050285396
230.5,4.936013333886734,0.2725419818686499
230.60000000000002,48.101632290076246,2.6559316818399936
230.70000000000002,39.50736425178674,2.1813991622891526
230.8,40.23448347875612,2.221547051236809
230.9,56.81571753670035,3.1370799086858887
231.0,4.374320459131532,0.2415281091474554
231.10000000000002,3.998490342538659,0.2207766488304931
231.20000000000002,44.45846921582336,2.454774428533767
231.3,39.404396607686714,2.1757138037025565
231.4,42.59818497745478,2.3520588321873617
231.5,31.219212646895983,1.7237688619580815
231.60000000000002,51.498366136318765,2.843482345040147
231.70000000000002,56.329999173840164,3.110260968725758
231.8,48.25668129112749,2.6644927126101408
231.9,34.852587748717504,1.92438567235533
232.0,1.6115910229407433,0.088984000172491
232.10000000000002,53.39875174466832,2.9484121385758573
232.20000000000002,61.54611599191669,3.3982688647938923
232.3,51.159551415711725,2.824774689854823
232.4,23.72643630738517,1.3100552078134704
232.5,51.690799086020576,2.8541075305777364
232.60000000000002,55.054534743309056,3.039836198737101
232.70000000000002,67.62619246039317,3.7339802939457054
232.8,23.800021363926632,1.3141182067944588
232.9,35.496317478296355,1.959929210109318
233.0,53.025896920852915,2.927824959053001
233.10000000000002,40.61088128667721,2.2423298566311076
233.20000000000002,19.468103165337965,1.074931338511311
233.3,47.0455931368175,2.597622478786566
233.4,50.00090942607499,2.7608002710735877
233.5,41.170832180781304,2.2732475458886614
233.60000000000002,43.54252881268057,2.4042007781280175
233.70000000000002,34.935794088515394,1.9289799105023118
233.8,66.20402164988528,3.6554551310190564
233.9,23.385042694331695,1.2912051590787705
234.0,29.028231132408425,1.6027938151330325
234.10000000000002,39.80025081828007,2.1975708943926278
234.20000000000002,55.426199496750456,3.0603576685228973
234.3,12.65484463918979,0.698737261207688
234.4,16.024796665381835,0.8848091661831635
234.5,2.9336899826989793,0.16198369574569152
234.60000000000002,40.204165661309105,2.2198730529118422
234.70000000000002,19.48936772168904,1.0761054610145249
234.8,32.70093027608827,1.8055819025464055
234.9,51.53303420908494,2.8453965427175305
235.0,28.088576612415853,1.550910789738335
235.10000000000002,43.81259955822635,2.4191127346518124
235.20000000000002,34.28380364459701,1.892980257396631
235.3,51.808611620846804,2.8606125498227364
235.4,48.32981932894103,2.6685310294515556
235.5,27.43764506606292,1.51496960366294
235.60000000000002,37.05115205847268,2.0457794032297425
235.70000000000002,59.19736277689456,3.268582453343613
235.8,48.017235982393764,2.6512717396149044
235.9,16.63142786696442,0.918304308671462
236.0,54.89073907982741,3.030792220990869
236.10000000000002,25.57366579404659,1.4120499860294535
236.20000000000002,73.52307262836247,4.059576539155761
236.3,70.91999107021877,3.9158473879495217
236.4,63.977110195339336,3.532496212512643
236.5,70.3528030664176,3.884530101671777
236.60000000000002,75.72120660457543,4.180946509163148
236.70000000000002,107.6418661651725,5.943445763262453
236.8,109.50435677708519,6.046283184526617
236.9,146.76757293134207,8.103771707047311
237.0,190.85044308198243,10.537807432767977
237.10000000000002,204.41536945183913,11.286794857773966
237.20000000000002,249.69062403524285,13.786668091311643
237.3,292.12424068130366,16.129640282893114
237.4,353.07369122193,19.494964264112475
237.5,402.31847636977915,22.21401513230015
237.60000000000002,513.7902195838884,28.368927561194273
237.70000000000002,598.6056481534438,33.052011546541536
237.8,654.227366933735,36.123164812528465
237.9,655.9459997966371,36.21805912801669
238.0,746.0604824777013,41.19373039218369
238.10000000000002,794.9045496755904,43.89065561830661
238.20000000000002,783.7667509145426,43.27568204699335
238.3,801.5335537517009,44.25667608594094
238.4,755.8522556533545,41.7343831592619
238.5,774.1178864005459,42.74291998183174
238.60000000000002,713.8840232598646,39.417107159717716
238.70000000000002,688.8289509143217,38.03369131153975
238.8,600.4947933518696,33.15632070083046
238.9,575.8466344365506,31.795372578167107
239.0,519.1295295392894,28.663737566480492
239.10000000000002,421.1723544648532,23.255032032855247
239.20000000000002,351.8145941868133,19.425443219880318
239.3,274.8644045684443,15.176638412206769
239.4,256.04164974172215,14.137339982949271
239.5,204.1191964182308,11.270441663384984
239.60000000000002,147.30227506236736,8.133295285822628
239.70000000000002,150.75165287344305,8.323752685601178
239.8,108.15389695383861,5.971717543843512
239.9,76.14518778435782,4.204356630489119
240.0,69.58648391154094,3.8422177886599456
240.10000000000002,86.89609358529918,4.797967906568172
240.20000000000002,69.70703661640212,3.848874106396555
240.3,50.245742846107504,2.7743187486403404
240.4,59.3467277014317,3.2768296378225417
240.5,24.310241782937574,1.3422900278129404
240.60000000000002,43.787275791829074,2.417714482861261
240.70000000000002,44.548546855241256,2.459748065497116
240.8,32.604395164842934,1.8002517162687284
240.9,48.378231665159184,2.6712041166511398
241.0,26.1740814360807,1.4452019363901836
241.10000000000002,49.209224337176025,2.7170873779857394
241.20000000000002,49.85597200424013,2.752797551161423
241.3,0.0,0.0
241.4,61.25238864731011,3.3820507091259335
241.5,0.0,0.0
241.60000000000002,28.712463126496836,1.5853586843259424
241.70000000000002,58.25449140767378,3.2165218096151063
241.8,34.08667120186685,1.8820955893461135
241.9,13.407524746955072,0.7402964942176866
242.0,20.11338449585016,1.1105605479126057
242.10000000000002,58.28710655569506,3.2183226550503554
242.20000000000002,5.218056611284254,0.28811500175231414
242.3,60.129401518207764,3.3200449735098307
242.4,38.81818921537318,2.1433463618663775
242.5,18.349395626820804,1.0131619004942578
242.60000000000002,29.318933560708004,1.6188449500436446
242.70000000000002,21.507463861330336,1.1875346416699617
242.8,55.41205442244972,3.059576648229225
242.9,53.00620089458962,2.9267374429403756
243.0,8.880099713672738,0.4903147158336131
243.10000000000002,32.56284191347525,1.7979573534469984
243.20000000000002,24.292658095205,1.3413191444747015
243.3,63.11567943860551,3.4849323122956273
243.4,15.533215875985334,0.8576665323351342
243.5,68.71362388512063,3.7940228213041354
243.60000000000002,39.240694688965846,2.1666750020733976
243.70000000000002,18.927680685249275,1.0450919106559238
243.8,27.65406468786287,1.5269192133278269
243.9,25.418360866177515,1.4034748242597677
244.0,16.906868763723935,0.9335127781006574
244.10000000000002,41.5593834751477,2.2947014060509194
244.20000000000002,17.752520087547108,0.9802054169114875
244.3,0.6109082427126893,0.03373129931918275
244.4,33.02582352473291,1.8235208836414238
244.5,7.411088464478119,0.40920325803137414
244.60000000000002,26.326104374784634,1.4535958831243674
244.70000000000002,23.503648005139596,1.2977539514505043
244.8,24.18811070353535,1.335546560124244
244.9,75.88983582862276,4.190257371961536
245.0,40.890408209052275,2.2577639359693324
245.10000000000002,44.29417816191598,2.445703097804612
245.20000000000002,7.904830665838698,0.4364652342434687
245.3,28.111163594535405,1.5521579299818657
245.4,43.760447338947216,2.416233149804745
245.5,21.44597956756589,1.1841397863195282
245.60000000000002,56.23513118332374,3.105022832521032
245.70000000000002,18.243961453781456,1.0073403525094593
245.8,34.74040955442684,1.9181917532294372
245.9,29.348570480439946,1.620481352600496
246.0,42.85777186887449,2.3663919226936105
246.10000000000002,28.373678706602334,1.5666527021944956
246.20000000000002,35.02891471272313,1.9341215658743076
246.3,35.65715834799626,1.9688100389135161
246.4,26.69102036695658,1.4737447200489615
246.5,48.64418963294803,2.6858889861463875
246.60000000000002,44.205990747073656,2.440833829593362
246.70000000000002,38.32244898544299,2.1159740645045293
246.8,32.171749997684756,1.7763632128699067
246.9,54.260292549359946,2.9959821150909884
247.0,35.67998361134473,1.9700703358553742
247.10000000000002,34.406948819133135,1.8997797183493041
247.20000000000002,41.814420537986265,2.3087832777668633
247.3,70.47106029347532,3.8910596745988473
247.4,15.808588255618332,0.8728712185911105
247.5,53.79492407499639,2.970286794247444
247.60000000000002,5.862919097714105,0.3237210846771237
247.70000000000002,43.85341684811523,2.42136646135965
247.8,68.29649089695715,3.770990822886225
247.9,48.743533440411525,2.691374254588959
248.0,43.02125141371627,2.3754184459487817
248.10000000000002,29.86440956154464,1.648963408052902
248.20000000000002,40.513849608793976,2.2369722524259514
248.3,35.42036932273959,1.9557357326135
248.4,25.812421057235603,1.4252328581591498
248.5,34.74473892145234,1.9184307992346952
248.60000000000002,43.53586089127592,2.4038326088400432
248.70000000000002,26.157592766448474,1.444291514477606
248.8,25.456927227675685,1.405604265953941
248.9,15.488118123340858,0.8551764598713572
249.0,47.00805046960013,2.595549560373276
249.10000000000002,49.79331871540708,2.7493381497469414
249.20000000000002,44.14988799625732,2.4377361161429554
249.3,57.355568869115984,3.166887800621856
249.4,41.56661746745309,2.2951008309443246
249.5,47.04369687258362,2.5975177765547257
249.60000000000002,45.45907366147613,2.5100228041434116
249.70000000000002,38.344779650472255,2.1172070521996273
249.8,30.440207093666352,1.680756069446699
249.9,79.8522470842544,4.409041913967247
250.0,31.86488236263685,1.7594195160502208
250.10000000000002,28.01670119983214,1.5469421887504264
250.20000000000002,47.81717682210193,2.640225472850876
250.3,44.54087947531009,2.4593247111054586
250.4,14.723752143014103,0.8129719913945288
250.5,60.220708582147296,3.3250864931495463
250.60000000000002,38.319497643685004,2.115811106165991
250.70000000000002,20.02074028611703,1.1054451977663693
250.8,61.41811405836974,3.3912012378868885
250.9,51.28466028873077,2.8316825764214735
251.0,17.263244144937545,0.9531900451814318
251.10000000000002,72.01679112463904,3.976407204207142
251.20000000000002,51.88835263059147,2.8650154497668714
251.3,39.84896991874917,2.200260919580678
251.4,68.65893850119203,3.791003367768054
251.5,42.90486010893353,2.368991899922256
251.60000000000002,39.534504648127424,2.1828977193041044
251.70000000000002,28.157097911604204,1.5546941933512872
251.8,50.518307907527415,2.7893684288179745
251.9,48.62635341183164,2.684904159177073
252.0,40.3142425180148,2.225950946680581
252.10000000000002,25.83274563038315,1.426355079488707
252.20000000000002,42.39373737498933,2.340770257583704
252.3,38.801121856281526,2.142403987614637
252.4,16.057462262784384,0.8866127971810571
252.5,13.569877676164658,0.7492608113894393
252.60000000000002,50.23776081857585,2.773878020981063
252.70000000000002,0.0,0.0
252.8,43.76738948530268,2.4166164604236915
252.9,31.467004960431158,1.7374507148329639
253.0,63.623438923838386,3.5129682528527417
253.10000000000002,31.195072235230235,1.7224359491003833
253.20000000000002,51.950715856534124,2.8684588353585285
253.3,32.93805085771975,1.8186745157320354
253.4,42.13246676275058,2.326344200430509
253.5,53.35055755656092,2.945751096424458
253.60000000000002,31.76399710615756,1.7538491364984823
253.70000000000002,58.030487920971275,3.204153456840962
253.8,22.2084382120833,1.2262389412474652
253.9,45.40017116605082,2.5067705027912224
254.0,56.70751501018135,3.131105506060549
254.10000000000002,51.98317485222603,2.870251058842733
254.20000000000002,74.6010077812374,4.119094729853007
254.3,26.365592288408113,1.4557762083201924
254.4,15.285313475725417,0.8439786010216197
254.5,22.21446804708785,1.2265718785941289
254.60000000000002,52.00296619787187,2.8713438380151746
254.70000000000002,49.08011281684881,2.709958485243397
254.8,41.960619873653485,2.316855674252723
254.9,19.909273116071663,1.0992905378449926
255.0,53.928611279923096,2.9776683334201746
255.10000000000002,18.08281400229027,0.9984425957913049
255.20000000000002,60.9910924827842,3.367623241103173
255.3,91.56639161651756,5.05583841769648
255.4,46.731120638287905,2.580258879421052
255.5,50.63344644183938,2.7957258031215253
255.60000000000002,31.26852415987993,1.7264915972038157
255.70000000000002,7.558660220437304,0.4173514327052223
255.8,29.296051465456003,1.6175815151281685
255.9,20.475385660222514,1.1305484426169161
256.0,14.103917624529718,0.7787478277484159
256.1,71.15497895592169,3.928822244327021
256.20000000000005,45.06652532446392,2.488348247266899
256.3,46.9918764510517,2.5946565119206495
256.4,34.5975974264675,1.9103063814210368
256.5,37.05082051601815,2.0457610971127367
256.6,57.526912280308,3.176348527266537
256.70000000000005,39.58543186348613,2.1857096655583064
256.8,49.72249088444519,2.7454273909794784
256.9,36.64442263878971,2.023321837857366
257.0,34.016247966823144,1.8782071703427352
257.1,14.853045019166487,0.8201108976989658
257.20000000000005,4.580516877391695,0.25291324461721537
257.3,35.474385780804774,1.958718251407269
257.4,41.20194045587819,2.2749651893336686
257.5,17.037159339241764,0.940706772376697
257.6,39.569452429376604,2.1848273610856968
257.70000000000005,41.16004613382904,2.272651994293872
257.8,1.386855890931173,0.07657524960188195
257.9,23.725256129368976,1.3099900442829584
258.0,47.53075008723844,2.6244104203582213
258.1,47.16955712912339,2.6044671507633317
258.20000000000005,19.43885150480431,1.073316208041533
258.3,43.059564908995235,2.377533925634373
258.4,58.6133300564885,3.2363350860192894
258.5,54.19981326183617,2.9926427511612816
258.6,38.49985583374918,2.125769583836396
258.70000000000005,31.793926360162736,1.7555016802925643
258.8,28.89179928197892,1.5952607303557298
258.9,48.643256092373825,2.685837440702517
259.0,43.73687151657199,2.414931410745367
259.1,51.556772109839606,2.846707230934814
259.20000000000005,42.60372863618074,2.3523649253102477
259.3,54.970251106253954,3.035182477620832
259.4,41.937665593238606,2.315588253633396
259.5,54.36189689037035,3.0015921988959344
259.6,55.9148098665995,3.08733629065222
259.70000000000005,25.761020655953356,1.4223947849436391
259.8,7.6984071563265815,0.42506755992997275
259.9,68.03037140826197,3.7562970350139486
260.0,44.869857152820714,2.477489213944978
260.1,9.39175388106981,0.5185657012708723
260.20000000000005,27.406249050063202,1.513236072603654
260.3,54.15123726265691,2.9899606273111137
260.4,35.225817039607925,1.9449935280781607
260.5,31.045394452255714,1.7141714901424778
260.6,65.4808734856334,3.6155265043038827
260.70000000000005,21.41633136509141,1.1825027607860346
260.8,25.90323956041299,1.4302474019158256
260.9,44.07745655086882,2.4337368138030953
261.0,47.303188776969876,2.611845622351814
261.1,49.21167461813317,2.7172226702515876
261.20000000000005,56.68228480224104,3.1297124201003066
261.3,43.8569151722673,2.4215596213317023
261.4,49.09391090089136,2.7107203464695666
261.5,35.6217333323285,1.9668540466329574
261.6,41.418569458260855,2.2869263599476692
261.70000000000005,42.22811524096542,2.3316254312643947
261.8,44.16676644474265,2.438668059695352
261.9,54.20321653648969,2.9928306629751633
262.0,50.292622275006956,2.7769071963605714
262.1,41.098406052203295,2.269248537116499
262.20000000000005,25.740732271061283,1.421274561748649
262.3,41.52558264512878,2.292835093182816
262.4,39.80567987187661,2.197870659593162
262.5,43.78976843663757,2.4178521142472094
262.6,80.03245552852724,4.418992123423612
262.70000000000005,30.889589986257768,1.7055687463744356
262.8,47.92120234425647,2.645969242175461
262.9,59.55481721039736,3.288319300297768
263.0,42.0890344537889,2.3239460854415794
263.1,82.40871214509897,4.550197135221867
263.20000000000005,33.525292748833415,1.8510990774206455
263.3,46.16610600176085,2.5490615956198304
263.4,25.956496591926324,1.4331879889716663
263.5,34.01005476742072,1.8778652128306563
263.6,44.820810387139844,2.4747810967218857
263.70000000000005,55.575973121539135,3.0686274193866807
263.8,46.08870701242434,2.544788010335207
263.9,63.01156728802525,3.479183759782418
264.0,38.64062440933191,2.133542120897988
264.1,34.3734664628979,1.8979309900115309
264.20000000000005,89.02673193102896,4.915611105261335
264.3,47.45377768995655,2.6201603893543814
264.4,27.409332172386144,1.5134063072062367
264.5,27.86575227953476,1.5386075439437874
264.6,23.396761538435875,1.2918522150693688
264.70000000000005,57.22574840542218,3.159719763570717
264.8,33.81120872792165,1.8668859285325863
264.9,42.66502456181674,2.3557493799142537
265.0,39.23184386011116,2.1661863035480766
265.1,53.54436334293682,2.9564520831405754
265.20000000000005,25.13860632808764,1.3880281771195893
265.3,21.02219884942572,1.160740733483361
265.4,44.422351529268695,2.4527801904293964
265.5,51.20476712459815,2.8272712752726337
265.6,46.375581635757534,2.560627792990228
265.70000000000005,25.8223328762481,1.4257801392572464
265.8,52.58972715764509,2.9037418450792725
265.9,27.008003312278586,1.4912469337369856
266.0,31.0123043938451,1.7123444225295388
266.1,23.411336555003963,1.2926569746258239
266.20000000000005,63.825850275736556,3.524144395879001
266.3,51.80908773849228,2.8606388386590753
266.4,51.299880762219715,2.8325229748825507
266.5,62.86230558056411,3.470942274434459
266.6,91.04268646829702,5.026922037339287
266.70000000000005,9.651430129617204,0.5329037256310284
266.8,27.129221544212058,1.4979399985516522
266.9,29.331348484858573,1.619530440094799
267.0,25.11024679711153,1.3864623055843501
267.1,21.031001543133176,1.161226774226473
267.20000000000005,35.03624484700342,1.9345262992469667
267.3,18.533633124790715,1.0233345741551092
267.4,46.46576261567344,2.5656071358992927
267.5,41.368069785715065,2.284138020470371
267.6,49.09851596574579,2.710974615130764
267.70000000000005,49.58161212948855,2.7376487703636303
267.8,51.299123361680174,2.832481155010895
267.9,33.726139137170115,1.8621888109820703
268.0,78.63058124740601,4.341587633390232
268.1,44.67226009667776,2.4665788922643426
268.20000000000005,6.930274452753686,0.38265511182480627
268.3,22.41473657620809,1.2376297056582568
268.4,9.13094619749932,0.5041652047246237
268.5,40.77452332472353,2.251365351948753
268.6,38.27250596704,2.1132164606863615
268.70000000000005,32.03583743780976,1.7688588007211643
268.8,76.66667002320926,4.233150272902958
268.9,50.35419173338439,2.780306754075208
269.0,53.54477050603402,2.9564745646514523
269.1,23.71817721704214,1.3095991821307462
269.20000000000005,22.495391956041782,1.2420830925479016
269.3,41.14499898374519,2.2718211658848046
269.4,43.59912851374006,2.4073259306866674
269.5,7.073891791939772,0.39058494337201094
269.6,37.24447358870839,2.0564536517425256
269.70000000000005,40.74579749172309,2.249779255046822
269.8,36.622315016119686,2.0221011654463883
269.9,25.856472577759828,1.4276651629152122
270.0,30.78836672541948,1.6999797039116287
270.1,37.319034515689665,2.060570533410963
270.20000000000005,42.13940042498086,2.326727042598474
270.3,51.39374848591022,2.8377058813533416
270.4,59.96541168911568,3.3109902749091966
270.5,35.21424097650951,1.944354355740959
270.6,32.30418846992356,1.7836758032658482
270.70000000000005,48.39530212361751,2.6721466620344145
270.8,51.51520849539538,2.8444122959158
270.9,32.70689220134006,1.805911090255993
271.0,54.7520825853911,3.0231363024921896
271.1,58.16003614080752,3.2113064619471956
271.20000000000005,63.780356381856116,3.521632450476428
271.3,72.5422763209568,4.005421869922056
271.4,24.939509504130097,1.3770350457573581
271.5,40.787667767985205,2.2520911223984603
271.6,40.74299853913588,2.2496247108765224
271.70000000000005,38.77717576641487,2.1410818042352973
271.8,28.858267447017553,1.5934092700500366
271.9,13.807383941840712,0.7623747201200309
272.0,42.218230028522065,2.3310796192480434
272.1,26.722098128137574,1.4754606786680684
272.20000000000005,42.10288265345725,2.324710713802086
272.3,26.264716249420644,1.450206337712275
272.4,20.766149774801857,1.1466029835355358
272.5,44.77987048678416,2.472520600076984
272.6,43.281587482516926,2.389792902284975
272.70000000000005,50.9945754837768,2.8156655435845943
272.8,79.91554779551726,4.412537062811929
272.9,45.563711561795245,2.5158003859290528
273.0,49.30647180715434,2.722456897151672
273.1,21.181396080388144,1.1695308087727923
273.20000000000005,17.415666070345257,0.9616060219669204
273.3,69.07343004192,3.813889518662797
273.4,23.962363961200534,1.3230819534883709
273.5,21.79650671356444,1.2034941430862232
273.6,39.88621941810205,2.202317650729995
273.70000000000005,38.96903655920701,2.1516753981284658
273.8,24.349882884020747,1.3444788112545272
273.9,35.107982063164194,1.9384872697192246
274.0,62.72876291770188,3.463568716151983
274.1,26.094615041027645,1.4408141992965595
274.20000000000005,15.518895281408916,0.8568758206892398
274.3,57.574185176196266,3.1789587002670046
274.4,49.47134441488466,2.731560338375825
274.5,29.443164828324086,1.6257043796269681
274.6,12.135993709715478,0.6700889065441135
274.70000000000005,27.214279584105864,1.502636478321545
274.8,39.63532013671312,2.1884642466215185
274.9,61.604597617908745,3.401497927839843
275.0,21.966524452346174,1.212881672727257
275.1,39.10614213279348,2.1592456825306496
275.20000000000005,52.78260387810817,2.914391533419952
275.3,0.0,0.0
275.4,59.24315102290019,3.2711106513991157
275.5,19.35338970028413,1.0685974344073337
275.6,46.615918882224825,2.5738980143284413
275.70000000000005,45.08279669299339,2.4892466708988397
275.8,60.16755504634921,3.322151620609741
275.9,50.56413885608373,2.7918989846948614
276.0,0.0,0.0
276.1,26.52647355119216,1.4646592674285779
276.20000000000005,43.14269232835904,2.3821238061894965
276.3,37.14786204984384,2.0511192455137666
276.4,49.25699313562187,2.71972493224649
276.5,54.871098002054694,3.029707738859213
276.6,51.61713125573422,2.8500399612443292
276.70000000000005,36.81055103401963,2.032494617389744
276.8,7.4359337998313535,0.4105750932512821
276.9,32.47383752061329,1.793042975793461
277.0,48.16962666650119,2.6596859914119624
277.1,21.049449454091405,1.1622453756511035
277.20000000000005,52.04294514218837,2.8735512754712755
277.3,57.033579350811486,3.1491091490008847
277.4,42.96860557332517,2.3725116058114533
277.5,0.0,0.0
277.6,17.684409471187536,0.9764446891513954
277.70000000000005,74.64390485400946,4.121463291775115
277.8,30.857319725489198,1.7037869438892388
277.9,4.982921983678068,0.27513204302045924
278.0,62.934452989584905,3.4749258937059513
278.1,40.94290064778611,2.2606623060339803
278.20000000000005,60.59392880123906,3.345693847973004
278.3,45.69275615394858,2.5229255832321984
278.4,48.96406445181904,2.7035508746357233
278.5,47.2466664588613,2.608724742492887
278.6,53.269789614578,2.941291494415615
278.70000000000005,81.71124807400977,4.511686655740008
278.8,58.198114047265385,3.2134089335957605
278.9,12.276392278780367,0.6778410136953996
279.0,48.76490727502026,2.692554410891294
279.1,61.27415382585792,3.383252473484312
279.20000000000005,62.37861451765063,3.4442352718432017
279.3,33.05361030493621,1.8250551307420884
279.4,61.7040000133863,3.4069864312196776
279.5,57.43686319192169,3.1713764667484297
279.6,87.04531386545514,4.806207104507428
279.70000000000005,27.242468747526793,1.5041929430120302
279.8,31.61178962479235,1.7454450002410453
279.9,35.237357127720834,1.9456307140564966
280.0,31.926001299302044,1.762794198208002
280.1,24.73212650425514,1.365584393182382
280.20000000000005,0.0,0.0
280.3,32.93290947298359,1.8183906341679557
280.4,47.408445074598276,2.617657348945594
280.5,31.88450678089361,1.7605030783266837
280.6,75.60186130352398,4.174356858229271
280.70000000000005,41.00826462888553,2.2642713783250454
280.8,64.00852299331444,3.5342306701887196
280.9,45.47806742913943,2.511071545046636
281.0,55.65033157807864,3.0727331216494447
281.1,45.80384797080413,2.5290595180267705
281.20000000000005,65.41812337426413,3.612061756832953
281.3,41.789408302383215,2.307402227149471
281.4,49.71517274559814,2.7450233199346794
281.5,47.38149280570079,2.616169179387633
281.6,35.60086175370826,1.9657016223956003
281.70000000000005,48.08218174064419,2.6548577197308854
281.8,81.01395243155828,4.473185476045573
281.9,35.930355042282045,1.9838945947005613
282.0,48.35036807135847,2.6696656282876066
282.1,63.442521115649974,3.502978875866968
282.20000000000005,61.32955905699704,3.3863116733849443
282.3,41.01839551894858,2.264830755431449
282.4,0.0,0.0
282.5,50.11315073567239,2.766997675111214
282.6,0.8644633447850509,0.04773134456972806
282.70000000000005,67.27637015694216,3.7146648550610784
282.8,43.87052968147869,2.4223113464733603
282.9,58.816632357695795,3.2475604228126698
283.0,24.58699951274108,1.3575712061801637
283.1,12.882365480599024,0.7112998247259814
283.20000000000005,45.523578914541005,2.5135844617650687
283.3,40.22763808078945,2.22116908258026
283.4,31.987265129171018,1.7661768806441953
283.5,42.36140305318975,2.338984917968607
283.6,90.65384605658068,5.005452213562221
283.70000000000005,55.86395985264304,3.084528607073532
283.8,59.735974905539734,3.2983219226419793
283.9,56.0383640479604,3.0941583349171906
284.0,67.48031858933948,3.725925867988853
284.1,37.43120988778659,2.066764296709426
284.20000000000005,3.869296461844719,0.2136432085604073
284.3,37.46294960589182,2.06851680528086
284.4,55.47124277993703,3.0628447334554934
284.5,23.406092887928672,1.292367445542272
284.6,37.690412891192054,2.0810761908385293
284.70000000000005,28.415644625958365,1.5689698504796739
284.8,67.90652653317635,3.749458940094636
284.9,54.362726277318146,3.001637993497204
285.0,52.60273117159126,2.9044598617241637
285.1,52.06632363617748,2.874842119043588
285.20000000000005,40.20951345406172,2.2201683312947864
285.3,44.43851308549506,2.453672550774895
285.4,19.551677550418283,1.0795458982789825
285.5,1.531544382489784,0.08456422482855912
285.6,43.59146034621044,2.4069025328077602
285.70000000000005,46.72432461289864,2.579883636871421
285.8,62.661762231657164,3.4598692731954936
285.9,69.1815446894856,3.819859069051624
286.0,69.15997273000383,3.8186679732841977
286.1,22.93807532087346,1.2665258550427316
286.20000000000005,34.5642293720025,1.9084639642556376
286.3,49.55351733280661,2.7360975161327463
286.4,86.48428424057442,4.775229853128811
286.5,67.55428589673056,3.73000997295094
286.6,61.06415012045635,3.37165711865069
286.70000000000005,33.93732272879817,1.8738493132350351
286.8,25.022434053171303,1.3816137248273876
286.9,55.122960981727786,3.04361435356955
287.0,21.113583167912125,1.1657865187329706
287.1,36.637508419934555,2.0229400692553807
287.20000000000005,38.87070489367514,2.1462460151038054
287.3,69.62761039352924,3.8444885874099057
287.4,34.6225660820331,1.9116850257666118
287.5,0.0,0.0
287.6,50.62383638814916,2.7951951839960425
287.70000000000005,29.950993996613267,1.6537441677341158
287.8,45.64984245260943,2.5205561031637393
287.9,48.54174000066379,2.680232229582792
288.0,56.019521844118046,3.093117962610513
288.1,96.20815606263655,5.312133446890932
288.20000000000005,92.44991271181274,5.104622035982393
288.3,174.85835964364972,9.654804527453695
288.4,296.876192262002,16.392019294849224
288.5,419.186274337618,23.145370616361383
288.6,596.3809204782449,32.929173205414266
288.70000000000005,877.1015473676733,48.429162939763366
288.8,1152.94089083075,63.65963260415087
288.9,1398.8738698426102,77.23882232120432
289.0,1594.1742038798427,88.02233048814927
289.1,1798.3047774980353,99.29340034364313
289.20000000000005,1811.1020181344456,100.0
289.3,1791.1607090406617,98.89894059560903
289.4,1613.5050758069353,89.0896846036841
289.5,1378.8216764363788,76.13164043937492
289.6,1124.7908071752129,62.105325702956335
289.70000000000005,861.7931951730686,47.58391225585251
289.8,613.7736927380237,33.88951514560461
289.9,440.87145930168936,24.342718128922193
290.0,276.57426101363006,15.271048137780763
290.1,201.85305138287518,11.145316462669348
290.20000000000005,125.15259750368791,6.910300814119977
290.3,69.4809958717623,3.8363932664230758
290.4,45.419275859856725,2.5078253684815377
290.5,20.51249123296813,1.1325972268584488
290.6,50.185681214330835,2.7710024455731874
290.70000000000005,36.2258115019578,2.000208223459039
290.8,0.0,0.0
290.9,31.59493548059667,1.7445143986500296
291.0,24.87850500871816,1.3736666824735062
291.1,69.41238944839057,3.8326051626782403
291.20000000000005,10.386692961630164,0.5735012637404678
291.3,15.09004834236703,0.8331970364601975
291.4,61.0149395000332,3.3689399541878156
291.5,65.45935591518082,3.6143384116267656
291.6,27.630334516901996,1.5256089519111167
291.70000000000005,29.664961118125007,1.6379508620216694
291.8,52.13723834244513,2.8787576746311574
291.9,0.0,0.0
292.0,7.548513720115217,0.41679119367834855
292.1,35.999298791628966,1.9877013238995014
292.20000000000005,68.95303019142261,3.8072416407800582
292.3,33.214358413161946,1.833930837721385
292.4,42.87686225125558,2.367445998178588
292.5,61.47070690615521,3.394105152037437
292.6,78.988925199007,4.361373595087194
292.70000000000005,30.684227483330417,1.6942296555407295
292.8,40.766938972798336,2.2509465819485404
292.9,73.86949398417116,4.078704194712433
293.0,13.67541304655429,0.7550879469860492
293.1,59.573959269968796,3.28937622913887
293.20000000000005,22.75032041749735,1.2561589678383593
293.3,42.92700260785682,2.370214498025598
293.4,36.71785714679506,2.027376524300761
293.5,23.843291187377872,1.3165073501457434
293.6,23.394165302151052,1.2917088638799366
293.70000000000005,46.06795855656758,2.5436423843213767
293.8,59.01470790692828,3.2584971644897904
293.9,38.76224834260694,2.140257586512692
294.0,42.36203685719789,2.3390199134576406
294.1,51.38363319323885,2.8371473654569375
294.20000000000005,23.615862085766725,1.3039498520405062
294.3,54.421965151432616,3.0049088679990996
294.4,55.85817574707544,3.08420923767801
294.5,87.97777337750738,4.857692857530481
294.6,34.34512456992752,1.8963660923587984
294.70000000000005,32.8720275699737,1.815029039823723
294.8,54.961385688327425,3.034692973559892
294.9,55.86637504041849,3.084661961669312
295.0,31.493431239219184,1.7389098418464297
295.1,33.87057181525912,1.870163661467731
295.20000000000005,50.87035508792473,2.8088067142857334
295.3,26.235983666776093,1.4486198681287366
295.4,33.74538821572973,1.8632516488767268
295.5,42.750169812631825,2.3604506750352647
295.6,59.066896326800645,3.2613787481526546
295.70000000000005,30.259724908768263,1.6707907454013977
295.8,7.982079683447907,0.4407305388389978
295.9,6.648745584672206,0.3671104950521148
296.0,18.480564799289596,1.0204044065019482
296.1,17.515481072401133,0.967117307419448
296.20000000000005,38.37200634484164,2.118710374160332
296.3,19.75765723524311,1.0909190668118627
296.4,28.51041072321832,1.5742023606481275
296.5,27.228954070323105,1.5034467300947918
296.6,33.235858504736115,1.8351179653022107
296.70000000000005,64.97257796741621,3.5874609666849273
296.8,53.0850566097493,2.93109146134299
296.9,41.46282947496807,2.2893701768207135
297.0,32.87652694954491,1.8152774730718868
297.1,33.37931218078562,1.8430387601891423
297.20000000000005,47.07943645913509,2.5994911378669885
297.3,51.697543320341225,2.8544799134834546
297.4,24.847884890189196,1.371975992593954
297.5,41.84415360105616,2.31042498887823
297.6,4.620847764065516,0.2551401145709778
297.70000000000005,45.00334811507075,2.4848599175780923
297.8,54.913686355256345,3.0320592548298886
297.9,36.15626471614424,1.996368197600905
298.0,73.8974859305219,4.080249770062163
298.1,25.340207946151093,1.3991596106912396
298.20000000000005,45.118927475458705,2.491241632093932
298.3,40.5626545600128,2.239667017863246
298.4,39.40464198601865,2.175727352267435
298.5,39.154700975914544,2.1619268591090446
298.6,43.14289054017049,2.3821347504548918
298.70000000000005,56.480757382346596,3.118585083380642
298.8,66.01925225294539,3.6452530885559704
298.9,41.18199559892516,2.2738639340342255
299.0,55.9006892990894,3.0865566235010213
299.1,28.595694967197915,1.5789113302768756
299.20000000000005,55.0171981490722,3.037774658643666
299.3,27.516652571114175,1.5193320031445903
299.4,60.86687884958638,3.360764785204274
299.5,81.02903579307831,4.47401830386913
299.6,39.04249001651495,2.1557311308576246
299.70000000000005,1.7767171654666427,0.09810144032067164
299.8,31.379687201593192,1.7326294646789877
299.9,63.42125241720746,3.501804524658171
300.0,51.205382166454406,2.8273052348094296
300.1,45.73294477615053,2.525144598052984
300.20000000000005,59.411030407187106,3.2803801117942752
300.3,49.977661906471596,2.759516659252132
300.4,63.17905337412046,3.4884315042174734
300.5,57.812126179645745,3.1920966130442525
300.6,68.65560814926526,3.790819482382614
300.70000000000005,47.72582951031258,2.635181730926087
300.8,57.56466922689118,3.178433277115255
300.9,35.74421268445586,1.9736167442005699
301.0,30.448705391937892,1.6812253029954694
301.1,71.99931752754152,3.9754423995234442
301.20000000000005,45.17168417380839,2.4941545932535703
301.3,55.77035018552282,3.0793599491965646
301.4,43.51232025940502,2.402532812824403
301.5,30.730218283440642,1.6967690376213478
301.6,41.48769206648322,2.2907429648396214
301.70000000000005,67.14039231981886,3.707156838628996
301.8,51.289321337029634,2.8319399362086193
301.9,10.490983124851734,0.5792596452218709
302.0,37.42559978162921,2.066454534691538
302.1,73.38378826868481,4.051885953077063
302.20000000000005,37.456656486700794,2.0681693306975393
302.3,8.898883548784752,0.4913518653107785
302.4,75.38487993760579,4.162376231862255
302.5,53.59556517663027,2.9592791924464437
302.6,40.05476854136959,2.211624090763735
302.70000000000005,34.631980750522764,1.9122048566980223
302.8,60.80233473625124,3.35720098191275
302.9,31.566798795928534,1.7429608315739396
303.0,61.99361564128779,3.4229775584450675
303.1,51.08701514303661,2.820769599476213
303.20000000000005,45.7342746587723,2.525218027523464
303.3,43.95176649604072,2.426796837282194
303.4,38.1855753391448,2.1084165859678325
303.5,60.15902216376678,3.3216804774882056
303.6,25.763829022166988,1.4225498488873327
303.70000000000005,12.147847717056234,0.6707434255729733
303.8,52.40492221206454,2.8935378397979514
303.9,52.70978990520865,2.910371109823134
304.0,49.9943407452118,2.7604375813522237
304.1,48.6916106531247,2.6885073378296083
304.20000000000005,35.585273189924145,1.9648408998284548
304.3,55.532188678939455,3.0662098613385274
304.4,40.53995371841826,2.2384135908686735
304.5,32.59445590532679,1.7997029200431915
304.6,35.7509563794028,1.973989097324768
304.70000000000005,77.73901457796498,4.292359778718666
304.8,10.140430523182214,0.5599038829202745
304.9,50.36868587732438,2.7811070482494102
305.0,11.15101230277309,0.6157031570347079
305.1,39.42929991018648,2.1770888395785266
305.20000000000005,33.57470526722462,1.8538273896800568
305.3,3.851990659762201,0.21268766867865377
305.4,48.387676627807735,2.671725620274568
305.5,34.54681488054048,1.9075024230896707
305.6,3.604285833897606,0.19901064643560265
305.70000000000005,56.50472563393654,3.119908490419558
305.8,67.22511120380084,3.71183459190483
305.9,68.2197381613383,3.7667529205013603
306.0,47.86121593172648,2.6426570923390984
306.1,42.231546494388084,2.3318148879260465
306.2,65.31181917612435,3.6061921704112403
306.3,71.69040453612178,3.9583857683493506
306.40000000000003,61.81423665176125,3.413073147333466
306.5,24.46482315986358,1.3508252387164783
306.6,45.03920735786859,2.486839885710135
306.7,49.32879059724572,2.7236892291720607
306.8,8.846894559489876,0.4884812932074782
306.90000000000003,49.870991873173935,2.753626873241759
307.0,82.338852867629,4.5463398551365675
307.1,52.946350984414245,2.92343283008168
307.2,67.95143546595162,3.751938586869119
307.3,44.7249651423167,2.469489001419498
307.40000000000003,40.117070168291214,2.2150640751653756
307.5,48.30038502145756,2.666905814130235
307.6,26.75512033628021,1.477283999928383
307.7,24.094546629781007,1.3303804196850257
307.8,64.23848202904858,3.5469278586094477
307.90000000000003,66.14966217159733,3.652453672363296
308.0,23.610086319427694,1.3036309430954993
308.1,58.876478481969556,3.2508648266328035
308.2,39.88972043909162,2.202510959607933
308.3,47.57405434082775,2.626801464769619
308.40000000000003,49.74393550983115,2.746611455994659
308.5,59.360808426237725,3.27760710505879
308.6,42.953927633537404,2.371701163349306
308.7,66.85041591543485,3.6911457911297116
308.8,47.039431115678646,2.597282242782345
308.90000000000003,52.70781690445159,2.9102621705840797
309.0,26.476273352329564,1.461887463391039
309.1,80.33336219268702,4.435606685228901
309.2,49.9368486176894,2.757263153465405
309.3,54.31645365621179,2.9990830506699626
309.40000000000003,12.537655398192253,0.6922666571321512
309.5,26.678863584576177,1.4730734832959418
309.6,63.77190638253715,3.521165883754379
309.7,46.65654012926689,2.576140916530268
309.8,7.046964773079338,0.38909816799487507
309.90000000000003,60.18671872170874,3.3232097429666068
310.0,31.71190952165098,1.7509731204604553
310.1,66.90620574578082,3.6942262266759895
310.2,39.92395778513341,2.2044013747087376
310.3,45.19222034836954,2.4952884981554213
310.40000000000003,62.73118241464968,3.46370230867872
310.5,25.35762652461608,1.4001213775210801
310.6,23.643757458989086,1.3054900951048418
310.7,37.98052843283406,2.0970949208016734
310.8,56.409110393182004,3.1146290947920816
310.90000000000003,17.56670945295717,0.9699458825103644
311.0,11.500377201996258,0.6349933403443724
311.1,56.35447668678827,3.1116124946311468
311.2,30.676390373793936,1.693796929528721
311.3,34.472431767434905,1.9033953594145832
311.40000000000003,8.112412765077018,0.44792688009002035
311.5,29.315872341664324,1.6186759248306508
311.6,41.403788660639286,2.286110238190111
311.7,58.28930143721206,3.2184438454358233
311.8,27.662857007776502,1.5274046812819009
311.90000000000003,71.38027016418494,3.9412616986486113
312.0,29.227991564763585,1.6138235876336962
312.1,29.256847571466857,1.6154168720767776
312.2,69.22743593416044,3.8223929541787633
312.3,45.36378274255051,2.504761315946089
312.40000000000003,31.623554877791623,1.7460946186988389
312.5,38.77010363874932,2.140691316698166
312.6,65.92032439575706,3.639790786808318
312.7,67.95915075326228,3.7523645864667903
312.8,26.86772277313539,1.4835013436079605
312.90000000000003,40.80869141857606,2.2532519432898486
313.0,43.19782289801632,2.3851678406560954
313.1,23.825178010701244,1.315507231074854
313.2,40.5776690523001,2.240496043072039
313.3,41.67831148813061,2.301268016423615
313.40000000000003,62.10877062086124,3.4293358407737498
313.5,63.321150509601615,3.496277397715374
313.6,35.66423082953786,1.9692005459899142
313.7,37.741343410505394,2.0838883195205904
313.8,53.55226143700144,2.956888176413375
313.90000000000003,31.0641079193138,1.7152047542474653
314.0,52.19552273127325,2.881975847226877
314.1,40.02018322735413,2.209714462610867
314.2,24.15582560070483,1.3337639381345796
314.3,24.384439168166363,1.3463868365230989
314.40000000000003,67.65705652855983,3.7356844535047813
314.5,38.79691337542062,2.142171616339095
314.6,71.1413736901696,3.928071029562979
314.7,32.372047307131616,1.7874226290398019
314.8,46.861693620366886,2.5874684667756878
314.90000000000003,84.69068101432835,4.6761960489429155
315.0,22.592038596060974,1.2474194368869547
315.1,7.4668390018040185,0.4122815240135039
315.2,64.7886223631702,3.5773038577863634
315.3,26.749936102924675,1.4769977524777358
315.40000000000003,41.262285446087795,2.2782971380370203
315.5,31.090972211871474,1.7166880661917225
315.6,46.46693005719569,2.565671596184277
315.7,24.53284827065664,1.3545812452866177
315.8,38.40607841810049,2.120591663724238
315.90000000000003,49.744175878017614,2.7466247279243494
316.0,23.500440047063282,1.2975768240416563
316.1,29.050987466374004,1.604050306138935
316.2,35.40210899522643,1.9547274886090034
316.3,15.938822183926991,0.8800620850914311
316.40000000000003,34.05390230962257,1.8802862549234158
316.5,43.80083771825223,2.418463304644207
316.6,34.47311905140829,1.903433307799959
316.7,36.78272312722896,2.030958099484511
316.8,41.31176992368147,2.2810294235238784
316.90000000000003,29.869117676218348,1.6492233666099885
317.0,54.11412618560379,2.987911539149236
317.1,67.52510624643196,3.7283988185263723
317.2,33.32115294048192,1.839827497669342
317.3,50.416068166598734,2.7837232614058154
317.40000000000003,37.37189120217636,2.0634890154157004
317.5,48.26627221069309,2.66502227524491
317.6,69.87403156165857,3.8580947324896377
317.7,50.848371774325784,2.8075929056002575
317.8,9.773538301425749,0.5396459284769135
317.90000000000003,49.869421366045266,2.753540157688856
318.0,63.89154737956217,3.527771861541774
318.1,37.71376894003415,2.082365795102024
318.2,59.62642651012098,3.2922732078638024
318.3,29.285420259264974,1.6169945130661876
318.40000000000003,14.970295128599073,0.8265848626252132
318.5,44.25354233898752,2.4434593907952014
318.6,10.09841902656635,0.5575842180866425
318.7,37.40162176791535,2.0651305886369387
318.8,64.88316072761906,3.5825237936873915
318.90000000000003,7.34676769656695,0.4056517867576893
319.0,18.69405767354984,1.0321924157980868
319.1,23.150919587091604,1.278278051445085
319.2,40.590242525202726,2.2411902873927194
319.3,35.14959785836824,1.9407850858989513
319.40000000000003,66.91945487052956,3.6949577771141247
319.5,58.91576992365055,3.2530343036301
319.6,50.65491302923476,2.7969110807690813
319.7,44.36384565818992,2.4495497886909545
319.8,48.82313598572689,2.695769509219472
319.90000000000003,26.231817604359254,1.448389838987632
320.0,57.17978636401902,3.1571819694021417
320.1,21.735703421534378,1.2001368892473316
320.2,56.791785890240156,3.1357585227992537
320.3,63.10806503813896,3.4845118831651694
320.40000000000003,45.555562837585576,2.515350454112508
320.5,38.59066493868444,2.130783608669122
320.6,48.97057834957412,2.7039105395077105
320.7,0.0,0.0
320.8,47.210647932738304,2.606735979531864
320.90000000000003,39.732128038883474,2.1938094950504325
321.0,40.86369396497416,2.2562889089520457
321.1,54.495085232160896,3.008946193340032
321.2,40.4341594118349,2.2325721581098312
321.3,21.258776580279154,1.1738033731626611
321.40000000000003,39.239751925143196,2.1666229473678533
321.5,43.00349871345484,2.3744382305835687
321.6,43.858810408458226,2.421664266800149
321.7,44.70704861113123,2.4684997401296274
321.8,60.50364280853396,3.3407087067826637
321.90000000000003,22.248878045385343,1.2284718266894292
322.0,44.962608210967296,2.4826104637264854
322.1,65.02123457512835,3.5901475413353303
322.2,10.581993055130486,0.584284758626167
322.3,45.04114025404097,2.4869466105745004
322.40000000000003,31.27318696448522,1.7267490539654227
322.5,35.13971307948411,1.9402392978215732
322.6,25.528464942140403,1.4095542209398233
322.7,38.76558711739201,2.1404419369662633
322.8,74.96260105968429,4.139060103135477
322.90000000000003,19.06275349881016,1.0525499562109732
323.0,20.77201995538111,1.1469271055629247
323.1,18.392677737056918,1.0155517222603831
323.2,72.92352915930582,4.026472745826978
323.3,33.51038530061684,1.8502759626503396
323.40000000000003,41.37349691374187,2.2844376793505696
323.5,34.587407060087685,1.9097437203297356
323.6,24.840388188744356,1.3715620622151143
323.7,37.609788360940165,2.076624507308579
323.8,86.09338490325808,4.75364634577239
323.90000000000003,66.9047765775366,3.6941473151497517
324.0,26.497119279739103,1.4630384712967677
324.1,53.50883385511034,2.9544903224296535
324.2,26.887590092005226,1.4845983176420516
324.3,9.882882500768027,0.5456833685684943
324.40000000000003,60.21119651796333,3.3245612845147634
324.5,62.744171239583906,3.4644194866622993
324.6,60.69394051886219,3.351215995075802
324.7,33.40992551404769,1.844729075420175
324.8,38.86803678796425,2.146098695643931
324.90000000000003,55.36827996584622,3.057159641557862
325.0,48.92192867226593,2.701224347519569
325.1,34.7920255166532,1.921041728642723
325.2,12.736707237873038,0.7032573046874899
325.3,43.93225349455622,2.425719426882939
325.40000000000003,61.307173506250045,3.3850756551748793
325.5,20.330910797385172,1.122571262900328
325.6,53.38766887016759,2.94780019764764
325.7,47.860250512406466,2.6426037867102417
325.8,55.397668738182006,3.058782342655951
325.90000000000003,57.59305899494213,3.1800008181906163
326.0,29.399625645343647,1.623300363588971
326.1,12.797230797030974,0.7065991130755276
326.2,32.301648537708175,1.7835355609056742
326.3,57.91179171548613,3.1975996457195213
326.40000000000003,32.153929736532525,1.775379267130031
326.5,29.41972017056245,1.6244098828218798
326.6,9.130693845356511,0.5041512711007703
326.7,73.46515598191691,4.056378671456114
326.8,56.782845545655576,3.135264881662804
326.90000000000003,55.78062766294576,3.0799274201242115
327.0,59.34405696203052,3.2766821729434548
327.1,52.30825050778123,2.8882001115355265
327.2,37.532080606768474,2.0723338735732284
327.3,38.98474612580038,2.1525428018658626
327.40000000000003,34.238841437341755,1.8904976690716748
327.5,89.36283357946999,4.934168958163913
327.6,51.94641656338996,2.868221449882663
327.7,33.59409205567418,1.8548978312264435
327.8,50.32394193499304,2.778636511422477
327.90000000000003,23.75185947858629,1.3114589482403798
328.0,69.0311209346061,3.8115534212541315
328.1,30.053256275471476,1.65939057957808
328.2,50.97453778720438,2.8145591621454606
328.3,61.14509733537642,3.3761266192149626
328.40000000000003,48.88583379568987,2.699231368868193
328.5,43.66295985275349,2.4108503781432042
328.6,42.15943752740828,2.3278333912318905
328.7,40.951560256032074,2.2611404463131723
328.8,31.589427199304957,1.7442102588922155
328.90000000000003,33.88179826414533,1.8707835298558066
329.0,68.60762672571684,3.7881701880265815
329.1,40.02384061166718,2.20991640508989
329.2,27.835667151110087,1.5369463935434546
329.3,32.68914325649285,1.8049310822459808
329.40000000000003,61.791672252550015,3.4118272540052437
329.5,54.148419396960605,2.9898050388534734
329.6,52.07592520818063,2.875372269852709
329.7,37.35711841962375,2.062673336210185
329.8,52.315524463113015,2.8886017429874795
329.90000000000003,30.41339975088834,1.6792759019845906
330.0,37.326947435776056,2.0610074453025717
330.1,59.458980773051415,3.2830276913002434
330.2,57.74199822054316,3.1882244977023007
330.3,24.33312277288554,1.343553401699053
330.40000000000003,26.61052384764564,1.469300104643262
330.5,43.96913875064138,2.427756046339813
330.6,73.08538274405117,4.035409491693567
330.7,7.5373270395581,0.41617352109860956
330.8,47.02999291226908,2.5967611123703054
330.90000000000003,17.253720031683333,0.9526641712572217
331.0,30.60704211654018,1.6899678654252424
331.1,35.46778847484366,1.9583539811510904
331.2,34.46084981813596,1.9027558620708132
331.3,32.424173086134246,1.790300753986972
331.40000000000003,42.16472708677467,2.328125454258348
331.5,32.40289980064959,1.7891261495046378
331.6,15.715767072625251,0.8677460968661239
331.7,56.08015302540998,3.096465713354802
331.8,55.59669900867985,3.069771799268829
331.90000000000003,57.22463758040804,3.1596584293662917
332.0,14.316779067246522,0.7905009725511624
332.1,47.43302674651471,2.619014625988538
332.2,54.22261940452462,2.993901992355875
332.3,23.495862768087473,1.2973240895777787
332.40000000000003,42.22511846727833,2.3314599644018386
332.5,39.969700384413414,2.206927052380232
332.6,75.22371185422875,4.153477335954499
332.7,76.70842866622633,4.235455976424843
332.8,12.111584920056387,0.6687411751952062
332.90000000000003,86.96318610310382,4.801672420015391
333.0,25.600937019240174,1.4135557667596674
333.1,59.72961929789366,3.297970997758542
333.2,59.548963655547155,3.2879960962600276
333.3,24.160075916847482,1.333998619345251
333.40000000000003,50.96382028910378,2.813967395475594
333.5,40.15189260321085,2.216986795949239
333.6,52.067940083383036,2.874931371177889
333.7,46.24460144285126,2.5533957214892977
333.8,63.629110736664444,3.5132814220044115
333.90000000000003,43.454691776629126,2.399350856082106
334.0,39.0782667503264,2.1577065432558893
334.1,61.83165619502925,3.4140349674349064
334.2,52.552127367454865,2.901665772620971
334.3,55.28014109777598,3.052293053856688
334.40000000000003,30.147439899345258,1.6645909284778506
334.5,23.297769934827464,1.2863863935630584
334.6,31.896001421451373,1.7611377549182103
334.7,30.942715057749403,1.7085020472575276
334.8,56.27158683575246,3.107035731411525
334.90000000000003,59.69021290529294,3.2957951737460816
335.0,39.33265478841679,2.1717525790696213
335.1,67.88404233883834,3.7482174752785804
335.2,66.76244908777234,3.686288702639847
335.3,46.513680495209705,2.568252921672621
335.40000000000003,27.340948112225284,1.5096304812463441
335.5,70.49427968983973,3.8923417335956305
335.6,41.04168768148865,2.2661168322127043
335.7,44.41347353575754,2.452289992007537
335.8,36.032109539081766,1.9895129693575855
335.90000000000003,26.131274126650446,1.442838330751096
336.0,15.714490254324744,0.867675597342203
336.1,53.54412982403119,2.9564391893939344
336.2,28.053781029860836,1.548989551607815
336.3,97.22906212194283,5.368502776121644
336.40000000000003,22.610675512975384,1.2484484742756716
336.5,19.529615450335342,1.0783277393977029
336.6,51.34749688104194,2.835152098937709
336.7,69.69514262141132,3.8482173794495527
336.8,43.33261382497799,2.392610321842247
336.90000000000003,52.472863563370936,2.897289221587939
337.0,8.991146485743222,0.49644616348032644
337.1,29.982292177548203,1.6554722968301885
337.2,22.854916875523795,1.2619342613877635
337.3,8.071674700938146,0.44567752783206016
337.40000000000003,44.29064421242997,2.445507970779705
337.5,1.8166028110121957,0.10030372628502818
337.6,18.39047261042592,1.0154299661909338
337.7,32.52301170775848,1.795758128592851
337.8,27.231854952880624,1.5036069023285188
337.90000000000003,49.332853039727226,2.7239135369383174
338.0,47.70044345424464,2.633780039811299
338.1,58.29087742683822,3.218530863704832
338.2,55.74790718882821,3.0781207591084363
338.3,62.74213020850486,3.4643067911289385
338.40000000000003,42.17546879983703,2.3287185579573553
338.5,47.67490421470005,2.6323698906706725
338.6,51.422246634545445,2.839279406662787
338.7,44.767320553038466,2.4718276554708805
338.8,35.07050242149267,1.936417831261521
338.90000000000003,36.238534381884136,2.000910717288704
339.0,27.508948830060625,1.5189066410735192
339.1,49.81660293837693,2.750623788144818
339.2,40.5377268664672,2.238290635235652
339.3,30.295372488538234,1.6727590265591146
339.40000000000003,30.31459325215733,1.6738203010442976
339.5,20.450322899909803,1.1291646022776223
339.6,59.8591441422696,3.305122712188707
339.7,43.65761805157218,2.4105554305848766
339.8,26.71459964768114,1.4750466500611012
339.90000000000003,56.80135949283633,3.1362871292775365
340.0,32.16192142370129,1.775820528146183
340.1,16.93548871377981,0.9350930286756833
340.2,60.637001205944394,3.3480720908480075
340.3,32.589754187809966,1.7994433147051296
340.40000000000003,34.899816376241795,1.9269934010780299
340.5,43.0037403662852,2.374451573444873
340.6,62.83160601022207,3.4692471976229564
340.7,42.62817123559361,2.3537145234647485
340.8,20.685891729385858,1.1421715354662179
340.90000000000003,52.06228607401924,2.8746191850444087
341.0,33.54518496328897,1.8521974260645304
341.1,76.2601314875304,4.210703247191087
341.2,42.25984500403798,2.3333773901686885
341.3,2.051861037824011,0.11329350954716307
341.40000000000003,48.717569498802135,2.6899406555233396
341.5,77.29026026068411,4.267581808577419
341.6,70.65656519381702,3.901302327883105
341.7,75.24967719761818,4.154911012419406
341.8,23.93931666313366,1.321809396899283
341.90000000000003,58.71624312758202,3.242017431357269
342.0,29.304098284739187,1.618025820264081
342.1,46.339709189504646,2.5586470958294
342.2,19.391856282684817,1.0707213667985256
342.3,30.707296232111112,1.6955033965310056
342.40000000000003,30.137559447454926,1.66404537931544
342.5,58.48649504256709,3.2293318905807435
342.6,56.7279441900538,3.1322335032505406
342.7,47.30025512795478,2.6116836409180944
342.8,18.012414475003062,0.9945554858117289
342.90000000000003,36.712990188905046,2.0271077952153047
343.0,28.894903307030933,1.5954321191025225
343.1,57.98166362050084,3.201457623034718
343.2,63.53732735070932,3.5082136022440604
343.3,61.347440548555895,3.387298999961791
343.40000000000003,28.74105045049363,1.5869371334530789
343.5,0.0,0.0
343.6,10.534685833659026,0.5816726903385844
343.7,67.93178560547975,3.7508536198007203
343.8,35.12241109224317,1.9392839685763017
343.90000000000003,28.834456871227978,1.5920945690806179
344.0,71.91788528185222,3.9709461179846945
344.1,65.12537901878989,3.5958978769110597
344.2,42.79507699455616,2.3629302251365116
344.3,37.07624436084847,2.0471648747340825
344.40000000000003,39.98217816936375,2.207616013290517
344.5,46.451430370974386,2.5648157809918635
344.6,71.16585106375294,3.9294225477733415
344.7,49.97191363627008,2.7591992685063893
344.8,55.43852259470455,3.0610380883905086
344.90000000000003,63.419361963263086,3.501700143241473
345.0,21.32083198156046,1.1772297622152903
345.1,55.96501406453277,3.0901083154984508
345.2,37.077762416091,2.0472486941560333
345.3,0.0,0.0
345.40000000000003,4.0779482442553885,0.22516391696454208
345.5,24.06138299266366,1.3285492894237105
345.6,51.952018114666465,2.868530739542793
345.7,44.44089217612533,2.453803912266763
345.8,45.71360072916195,2.5240765164764145
345.90000000000003,77.51448268836046,4.279962250177684
346.0,19.556386932523377,1.0798059268172946
346.1,41.90869962469298,2.3139888976470635
346.2,47.88483941064868,2.643961462754772
346.3,29.15458390230996,1.6097703834674701
346.40000000000003,42.91988141149294,2.369821301160232
346.5,13.613411986481793,0.7516645583833265
346.6,67.79331191095051,3.743207794599118
346.7,30.148438054452196,1.6646460416132203
346.8,78.98520296601305,4.361168071988182
346.90000000000003,41.837962169485806,2.3100831289770007
347.0,60.9299641771853,3.364248041639707
347.1,41.46804835815922,2.289658337462074
347.2,41.87661101931046,2.312217125264215
347.3,31.919972002003867,1.7624612905507961
347.40000000000003,44.579230728593,2.4614422755992806
347.5,48.16147649945285,2.659235979929079
347.6,28.32334683952676,1.5638736280964265
347.7,40.19170051452209,2.219184789817759
347.8,31.463220410971953,1.7372417509302507
347.90000000000003,83.8414532530671,4.629305937134856
348.0,40.834846141590866,2.2546960763509856
348.1,70.26667873053808,3.8797747463678154
348.2,38.93379804546161,2.1497297035517624
348.3,47.124677547628345,2.6019891246198195
348.40000000000003,18.675446710385152,1.0311648114456906
348.5,34.41519334637844,1.900234939930571
348.6,46.25462407420645,2.5539491210910223
348.7,71.0155689572776,3.9211247210926476
348.8,46.46568999817288,2.565603126323916
348.90000000000003,67.37946650147398,3.720357319842163
349.0,54.00812398365257,2.9820586274474197
349.1,71.77072411036434,3.962820613732898
349.2,41.417240088509004,2.2868529587953024
349.3,85.50650879173247,4.721241980604153
349.40000000000003,33.74786834754579,1.8633885893577833
349.5,28.691186984441956,1.5841839221180796
349.6,20.709048705597386,1.143450147934188
349.7,84.45094408804526,4.662958974284359
349.8,57.24505630712216,3.1607858493851353
349.90000000000003,36.48332679915445,2.0144269308878955
350.0,64.98240854372291,3.5880037619669305
350.1,54.88095933212007,3.0302522322100374
350.2,77.89529448476063,4.300988773950896
350.3,14.646509010681598,0.8087070117545596
350.40000000000003,37.73351805034342,2.0834562422503087
350.5,34.18711508902915,1.8876415986905104
350.6,6.988711824645172,0.38588173138054394
350.7,61.60338968603449,3.4014312318800264
350.8,37.65286199553955,2.0790028180921847
350.90000000000003,55.83586168975812,3.082977166977746
351.0,85.00089481793302,4.693324504463284
351.1,36.16911354710305,1.9970776458169717
351.2,34.94924631217121,1.9297226750468335
351.3,44.66845505503193,2.4663687968855217
351.40000000000003,60.30545235370138,3.329765620592702
351.5,32.3366655444173,1.7854690249711165
351.6,31.182691251621648,1.7217523330762934
351.7,61.57190686434459,3.3996929078444578
351.8,49.36050782908464,2.7254404961642753
351.90000000000003,5.742391265913227,0.31706614030656693
352.0,20.49294760955605,1.1315181256694273
352.1,69.57474554888978,3.841569654952753
352.2,49.78970909541862,2.7491388445751554
352.3,28.83797324132952,1.5922887254597913
352.40000000000003,39.492626169770325,2.1805853990737822
352.5,42.80076011043006,2.36324401838598
352.6,55.808200485042946,3.0814498535278023
352.7,18.11875889254179,1.0004272929476004
352.8,27.432915503931753,1.5147084608844654
352.90000000000003,47.485703587541,2.621923177825974
353.0,40.7779775510819,2.2515560770610756
353.1,52.87096528746078,2.919270408738286
353.2,20.44886684752724,1.1290842063436557
353.3,49.010816172883786,2.7061322709677147
353.40000000000003,62.2335051487945,3.436223057876061
353.5,51.3502338486871,2.8353032206093625
353.6,45.094011315708656,2.489865886304873
353.7,40.866595153812526,2.2564490980970695
353.8,27.567679250112967,1.522149441283793
353.90000000000003,41.30152533608381,2.280463768607972
354.0,65.2747053518473,3.604142930561391
354.1,40.45998688119774,2.2339982218602015
354.2,26.58852819172862,1.4680856144766794
354.3,33.74705240222305,1.8633435369358562
354.40000000000003,46.22530535096674,2.552330287753853
354.5,35.889248050744754,1.981624872115876
354.6,51.350459095136536,2.8353156575923255
354.7,52.028687693482546,2.872764050424698
354.8,58.62169724728367,3.236797080468602
354.90000000000003,68.24657050077059,3.7682344681537625
355.0,60.55045703870249,3.3432935545548914
355.1,25.81119684533672,1.4251652632977547
355.2,26.366379961627104,1.4558196996978785
355.3,41.26861342372316,2.278646537329385
355.40000000000003,34.51384356969054,1.9056819121234307
355.5,22.147618914703035,1.2228808036731438
355.6,34.6895477048861,1.915383416148949
355.7,34.1012671948573,1.8829015071157533
355.8,30.5517406842983,1.68691439678084
355.90000000000003,36.9632892492099,2.0409280581159375
356.0,63.86211530572996,3.5261467695515103
356.1,46.23878474248631,2.553074552372003
356.2,87.14756336899845,4.811852810962365
356.3,45.72664734835369,2.5247968855699883
356.40000000000003,37.43881606912947,2.067184272020961
356.5,42.73689188778759,2.359717534399824
356.6,47.281855611983715,2.6106677116227357
356.7,50.50207122907915,2.7884719205989077
356.8,80.05080386546243,4.420005226868446
356.90000000000003,27.456731630403766,1.5160234683348213
357.0,58.13782904719924,3.2100802972482487
357.1,46.41701075705423,2.562915301969947
357.20000000000005,14.400240633728881,0.7951093030398186
357.3,56.555078077705744,3.1226887006597894
357.40000000000003,65.5022240944703,3.616705378195199
357.5,27.258324732006265,1.5050684312131757
357.6,42.52919037794452,2.3482492952965948
357.70000000000005,11.636123283861338,0.6424885604096069
357.8,20.036483725681943,1.106314471799929
357.90000000000003,61.562032397110556,3.399147689124851
358.0,34.30450289186618,1.8941231663582418
358.1,22.744046451115295,1.255812550777408
358.20000000000005,46.83528656025173,2.5860104009212668
358.3,33.304076234241585,1.838884607314776
358.40000000000003,34.23521016004035,1.8902971680913299
358.5,56.020368462148255,3.093164708626018
358.6,21.803799539181764,1.2038968164610138
358.70000000000005,26.42092617172702,1.4588314687508501
358.8,45.493439858679636,2.5119203337612572
358.90000000000003,60.1718762334677,3.3223902149614246
359.0,65.01188542681729,3.5896313281006567
359.1,30.756389033490784,1.6982140556152596
359.20000000000005,59.602785404553664,3.290967864192899
359.3,28.617938717532642,1.580139518977015
359.40000000000003,75.6067682443224,4.1746277949710615
359.5,22.329621542444887,1.2329300789718
359.6,66.65261859425115,3.680224411814622
359.70000000000005,30.92575007726297,1.7075653258405912
359.8,78.98343618630281,4.361070519244463
359.90000000000003,53.39127311934472,2.9479992062700724
360.0,24.461702470652003,1.3506529298580965
360.1,33.35220736823487,1.8415421679331925
360.20000000000005,56.816261694027354,3.1371099543333205
360.3,61.7050995170801,3.407047140317386
360.40000000000003,41.48711934895968,2.2907113422409053
360.5,43.5663490573424,2.405516012964229
360.6,56.41535458759318,3.1149738679936267
360.70000000000005,45.13987168619476,2.4923980667136467
360.8,19.48691253190924,1.0759698977080288
360.90000000000003,28.13896755647675,1.5536931257722157
361.0,47.00715897672997,2.5955003365934317
361.1,64.65618349695849,3.5699912456372074
361.20000000000005,71.86768363491686,3.968174233991816
361.3,56.8140295738861,3.1369867078171714
361.40000000000003,47.95623369865455,2.647903498448565
361.5,56.26614994768459,3.106735533630647
361.6,30.788484696276598,1.6999862176726392
361.70000000000005,40.034342715352146,2.210496278756851
361.8,27.96064701588942,1.543847156920002
361.90000000000003,20.32013300726119,1.1219761672063215
362.0,48.803882209451686,2.6947064119404436
362.1,46.141739518525384,2.547716200220152
362.20000000000005,55.18274472116223,3.0469153128107105
362.3,52.63751295606406,2.906380337993558
362.40000000000003,47.177596883829516,2.604911065828613
362.5,52.831599982195975,2.9170968533631254
362.6,42.04670426790542,2.3216088241796724
362.70000000000005,50.24954511400321,2.774528690866545
362.8,29.749400751645528,1.6426131964829553
362.90000000000003,49.47720666150435,2.731884022329627
363.0,54.85651833514817,3.0289027225343164
363.1,30.773234294700345,1.6991441667321867
363.20000000000005,43.76297778187124,2.4163728682136854
363.3,31.60765482667153,1.7452166973580814
363.40000000000003,33.35787946270993,1.8418553526361119
363.5,22.588771608161217,1.247239050146338
363.6,65.623948652998,3.6234263998333445
363.70000000000005,62.024833144960866,3.4247012329460342
363.8,52.518809376092065,2.899826119689817
363.90000000000003,78.34702713498866,4.3259311927492226
364.0,39.44357746176897,2.177877174605462
364.1,97.42422347199144,5.379278610287498
364.20000000000005,38.75947052346211,2.1401042092254374
364.3,47.45098033160852,2.62000593321
364.40000000000003,35.69999754907683,1.9711754054501127
364.5,49.56436008108701,2.7366961984914338
364.6,57.90606870195633,3.197283649520936
364.70000000000005,40.817004925054476,2.25371097355955
364.8,74.85095724814227,4.132895689953661
364.90000000000003,47.17718712346441,2.604888440909586
365.0,47.743736950135236,2.6361704902363496
365.1,26.51554149911829,1.464055654160832
365.20000000000005,50.41298334277434,2.783552932854828
365.3,40.470010027463324,2.2345516498927043
365.40000000000003,31.93668487662311,1.7633840919419879
365.5,28.910960664025488,1.5963187260873177
365.6,90.98174085965653,5.023556925488588
365.70000000000005,38.149909550049266,2.106447299382184
365.8,16.66926254238183,0.9203933503178505
365.90000000000003,30.329513975846112,1.6746441488198167
366.0,41.971779423167355,2.3174718487918784
366.1,52.742507706321746,2.9121776232489656
366.20000000000005,52.89133970575564,2.920395382267709
366.3,55.08656665327118,3.041604840682248
366.40000000000003,31.302523978181807,1.7283688972101898
366.5,49.04044682648775,2.707768327540303
366.6,27.145966517778103,1.4988645722862282
366.70000000000005,31.76399746252865,1.7538491561755125
366.8,26.401373892968614,1.4577518896568713
366.90000000000003,21.53175484790636,1.188875868521503
367.0,62.08124147027653,3.42781581869277
367.1,55.323370018164184,3.0546799387453003
367.20000000000005,60.51152427473555,3.341143881947987
367.3,43.6428838376164,2.4097418809444786
367.40000000000003,56.92235322891546,3.1429677985533493
367.5,11.242608335295923,0.6207606320750805
367.6,58.48974703861125,3.229511449546036
367.70000000000005,46.15447107084229,2.5484191728958723
367.8,54.27243998286336,2.996652835645755
367.90000000000003,49.85242929742505,2.7526019406005813
368.0,25.287000632985837,1.3962217688340446
368.1,16.15312262711223,0.8918946843066858
368.20000000000005,30.397282666816036,1.678385997169129
368.3,53.526949761921685,2.955490592244934
368.40000000000003,55.99316927253504,3.0916629053404563
368.5,19.259432939326075,1.063409611743714
368.6,26.66995524348417,1.4725816092323711
368.70000000000005,31.946144913782735,1.7639064279045622
368.8,39.4201835784155,2.176585481309379
368.90000000000003,22.556921075898,1.2454804229710437
369.0,23.135048763719777,1.2774017439144814
369.1,36.154370226286396,1.9962635933412398
369.20000000000005,55.41436534898381,3.059704246040444
369.3,36.38515488878659,2.0090063687447985
369.40000000000003,60.361415084839976,3.3328556028564424
369.5,87.53186319594658,4.833071926346268
369.6,52.48709763242658,2.8980751557271054
369.70000000000005,81.23041415196695,4.485137410185188
369.8,114.15804377428168,6.303236517392431
369.90000000000003,100.80046707716534,5.565697904803643
370.0,112.52562552522382,6.213102541906094
370.1,160.20246572776628,8.845579328147696
370.20000000000005,151.9312840133523,8.388886020338685
370.3,197.07107705677623,10.88127974479165
370.40000000000003,205.90284881804305,11.368926032677969
370.5,213.81809867655883,11.805966562657003
370.6,250.72126128565054,13.843574728270136
370.70000000000005,269.63298819748434,14.887785751308702
370.8,303.0330718492611,16.731971408292345
370.90000000000003,293.9022341592985,16.227812194811484
371.0,321.2735692794743,17.739120494736525
371.1,333.20125373185647,18.397707605399045
371.20000000000005,357.24103579722237,19.725064199597334
371.3,332.4413519685694,18.355749628671163
371.40000000000003,371.34058686828143,20.50357092809088
371.5,359.2934953676297,19.838390757121772
371.6,320.8717179223037,17.716932271591343
371.70000000000005,356.07226682337523,19.660530619371354
371.8,360.76553553175563,19.9196694564654
371.90000000000003,321.8304652927377,17.769869508744975
372.0,310.3729068812816,17.137240407969184
372.1,265.43658181707787,14.656081168221272
372.20000000000005,212.21974317957674,11.717713362065437
372.3,186.84013430790793,10.316378229226732
372.40000000000003,202.82294856734867,11.198869336817904
372.5,166.58954806392475,9.198242086634245
372.6,141.0405484249262,7.787554042383943
372.70000000000005,138.19510075879393,7.630442646248276
372.8,134.00221514216975,7.398932462137106
372.90000000000003,82.25466226197985,4.541691270749483
373.0,87.71262540171419,4.8430527117442
373.1,112.2091100995111,6.195626142313831
373.20000000000005,56.65394206187568,3.128147475658659
373.3,84.22861387435931,4.6506830112817354
373.40000000000003,53.82072455644375,2.9717113678600304
373.5,67.56514068164616,3.730609319912453
373.6,73.72369142658155,4.0706537063285815
373.70000000000005,64.40547736734987,3.5561485064045018
373.8,65.21685339409085,3.6009486346477875
373.90000000000003,26.470152429900917,1.4615494966521498
374.0,66.02754938456097,3.645711214687602
374.1,29.75091119729023,1.6426965957409525
374.20000000000005,49.14149563819913,2.7133477377943684
374.3,48.675825298149476,2.687635749436621
374.40000000000003,52.45372985903009,2.8962327540809043
374.5,49.57865886809259,2.7374857060322793
374.6,28.18567804466423,1.5562722454308417
374.70000000000005,18.98522516282809,1.0482692290511675
374.8,58.926269653961604,3.2536140462512178
374.90000000000003,46.532032309890454,2.5692662171411804
375.0,63.85325031741908,3.525657289211799
375.1,42.346121315370105,2.33814113679744
375.20000000000005,17.85121322160957,0.9856547584214772
375.3,60.53115187693564,3.342227620025884
375.40000000000003,36.4731436754429,2.013864669700531
375.5,49.296310882757446,2.7218958616994913
375.6,31.487277902497866,1.7385700853523336
375.70000000000005,72.74079018475064,4.016382813138182
375.8,27.367303835534837,1.5110857125389856
375.90000000000003,37.07401865676407,2.04704198248052
376.0,45.08421208252498,2.4893248216334434
376.1,23.493289269215612,1.2971819938346294
376.20000000000005,49.10438838634523,2.71129886084087
376.3,72.17190743787475,3.9849719516196314
376.40000000000003,34.331690605166955,1.8956243359791989
376.5,50.27507546386478,2.7759383491633134
376.6,0.0,0.0
376.70000000000005,42.46677551049788,2.344803058319236
376.8,37.535239387067506,2.0725082856310477
376.90000000000003,28.439543407645488,1.5702894217378263
377.0,62.64110856975822,3.4587288812301518
377.1,37.305113784043,2.0598019001971917
377.20000000000005,39.985405256351626,2.207794196902239
377.3,36.393028264492756,2.009441097193408
377.40000000000003,8.682314312922898,0.479393994705293
377.5,22.811744080646605,1.2595504754693059
377.6,60.48968275103131,3.3399379021917093
377.70000000000005,5.213388356525712,0.28785724406048896
377.8,29.40132370706895,1.623394122069073
377.90000000000003,36.00253898684637,1.9878802312821315
378.0,74.58519361127327,4.118221550440374
378.1,57.037367778944635,3.1493183270645835
378.20000000000005,33.17593051304814,1.831809041172707
378.3,66.68874654808144,3.682219216826628
378.40000000000003,29.880715230980428,1.649863725609424
378.5,61.37629646721232,3.388892279543366
378.6,18.7552095733858,1.0355689180173795
378.70000000000005,62.53614097220486,3.4529330952113453
378.8,35.90959438152227,1.9827482947929964
378.90000000000003,24.709423663057155,1.3643308557797031
379.0,39.31641496462635,2.1708558971804828
379.1,48.219695234963865,2.662450527476819
379.20000000000005,34.324528250537185,1.895228866560135
379.3,53.20366310791583,2.937640319274731
379.40000000000003,32.74111009404679,1.8078004312408797
379.5,54.40420309076444,3.0039281357990175
379.6,51.19999711665879,2.8270078992788137
379.70000000000005,42.14588501525717,2.327085089257987
379.8,35.30011837741291,1.9490960765299326
379.90000000000003,45.97523432377479,2.5385226157018095
380.0,53.154567374606586,2.9349294983039824
380.1,80.36488474916895,4.437347203221057
380.20000000000005,60.16456759236726,3.321986668334715
380.3,60.82531909668514,3.3584700634003615
380.40000000000003,98.85321950748511,5.458180628019532
380.5,52.549752581821195,2.9015346488294957
380.6,51.988583203610645,2.870549680970612
380.70000000000005,55.93977133778977,3.0887145383125034
380.8,25.108612403411446,1.386372062534333
380.90000000000003,35.28227054446239,1.9481106084131834
381.0,34.163953199537985,1.8863627149357995
381.1,54.934551589952115,3.0332113287874485
381.20000000000005,40.14485788001843,2.216598373700134
381.3,45.77052165853745,2.5272194056568993
381.40000000000003,62.859183162672366,3.4707698701269996
381.5,58.8242132966745,3.2479790043670382
381.6,40.379021945257556,2.229527742829783
381.70000000000005,31.232588256192,1.7245073962406394
381.8,63.7299451697574,3.518848995342816
381.90000000000003,57.227541256377584,3.1598187558382667
382.0,14.387377270683118,0.7943990524345539
382.1,37.665729099650946,2.079713275260392
382.20000000000005,46.28427831630172,2.5555864801021855
382.3,57.32643490817857,3.1652791689354185
382.40000000000003,59.691826908915885,3.2958842909579658
382.5,48.422808021158524,2.6736654001985602
382.6,53.849455564459404,2.9732977505004325
382.70000000000005,44.47196244280677,2.455519457077069
382.8,31.190669612749907,1.7221928582951032
382.90000000000003,38.619740961257435,2.1323890412887017
383.0,43.66684135952195,2.411064695543859
383.1,42.703273499665386,2.357861295061256
383.20000000000005,9.389687720017527,0.5184516181860105
383.3,36.17779997127024,1.9975572667372847
383.40000000000003,44.346701755604734,2.448603188090131
383.5,38.27284014569738,2.113234912361311
383.6,38.89717168079146,2.1477073787846646
383.70000000000005,52.126344674482574,2.878156180742162
383.8,23.92377063312459,1.320951022834575
383.90000000000003,14.042740148878202,0.7753699133604384
384.0,37.082943764939856,2.0475347823386407
384.1,57.10655929903221,3.1531387369252526
384.20000000000005,73.7309547107595,4.071054748572764
384.3,57.43580830370532,3.1713182210943582
384.40000000000003,16.93125232236075,0.9348591163186408
384.5,39.179889691218115,2.163317654053303
384.6,47.98441885946753,2.649459742135048
384.70000000000005,46.564140104624656,2.5710390490641046
384.8,53.07748195297174,2.9306732266603643
384.90000000000003,26.86561896370631,1.4833851817679309
385.0,44.543975575913365,2.459495662303805
385.1,50.94331093597032,2.812834971518903
385.20000000000005,58.24207715946587,3.215836356886127
385.3,28.879573000969742,1.594585656235843
385.40000000000003,37.17217638962784,2.052461761812713
385.5,0.0,0.0
385.6,32.203684583600065,1.778126481067697
385.70000000000005,33.95303192652122,1.874716696605257
385.8,25.04247885298603,1.3827204984720536
385.90000000000003,46.378518704187734,2.560789963226956
386.0,42.39298222318517,2.340728561875975
386.1,2.7366502036029985,0.15110414411784096
386.20000000000005,47.28414344743162,2.610794034459605
386.3,26.697665645797507,1.4741116391277538
386.40000000000003,52.152401265429276,2.8795948954410466
386.5,20.339177540884023,1.1230277111520595
386.6,43.95511769355692,2.4269818736568793
386.70000000000005,38.320560080042895,2.1158697685907057
386.8,48.87583392910595,2.69867922622334
386.90000000000003,45.667050997724246,2.5215062730019104
387.0,38.832044849613816,2.1441114007268007
387.1,15.774598347203597,0.8709944657591664
387.20000000000005,16.84025665770143,0.9298347905905381
387.3,32.92253509634006,1.8178178129497333
387.40000000000003,43.285962089267436,2.3900344462017014
387.5,32.489036950415894,1.7938822123273732
387.6,54.69381475043038,3.0199190439182773
387.70000000000005,38.416523454189694,2.1211683864038338
387.8,26.074770953968816,1.4397185080069397
387.90000000000003,38.44176672621764,2.1225621936976906
388.0,47.51547705369794,2.6235671197938375
388.1,49.30042493884252,2.722123019310928
388.20000000000005,77.26582437587632,4.266232581169845
388.3,31.417131879938452,1.7346969726365922
388.40000000000003,42.137384091372795,2.326615710736001
388.5,51.132731042749676,2.8232938029310883
388.6,43.04338673438533,2.3766406477048077
388.70000000000005,34.45637337220424,1.90250869510358
388.8,15.583370825803616,0.8604358379466395
388.90000000000003,34.277477937045724,1.8926309834469615
389.0,24.148356571079585,1.3333515356552903
389.1,12.39857973977199,0.6845875944936191
389.20000000000005,29.15778084992945,1.6099469029339322
389.3,24.63484902620382,1.3602132171206645
389.40000000000003,53.993157815273065,2.9812322704432503
389.5,54.307153073457286,2.998569518982549
389.6,27.220172787544254,1.5029618715561273
389.70000000000005,38.80838464986382,2.142805002770579
389.8,10.046632081974366,0.554724801881843
389.90000000000003,34.59938089671151,1.9104048557325968
390.0,50.68167421264222,2.7983886995414915
390.1,58.35138201305385,3.221871624501839
390.20000000000005,30.670152529556354,1.6934525069520177
390.3,62.44088748949535,3.4476736740547382
390.40000000000003,16.227545412757514,0.8960039385010986
390.5,21.055199615411738,1.1625628708149738
390.6,56.28891358148177,3.10799242769676
390.70000000000005,73.59768211413845,4.0636961019981035
390.8,52.40177578730652,2.893364109951343
390.90000000000003,42.796337042387776,2.3629997986789735
391.0,4.0116925626002455,0.2215056094262737
391.1,7.123452991217377,0.3933214650467345
391.20000000000005,45.85937166412564,2.532125258816939
391.3,37.08737194771886,2.0477792844558413
391.40000000000003,23.62996672126188,1.304728639505482
391.5,44.71708645494091,2.4690539796870445
391.6,45.61236461514057,2.5184867643250883
391.70000000000005,60.541985633724906,3.3428258059193783
391.8,46.00384109422862,2.5401021385650933
391.90000000000003,65.65859863001893,3.625339598354134
392.0,43.69389253187864,2.412558326056432
392.1,41.47647009346795,2.2901233435867656
392.20000000000005,62.71261935244928,3.4626773491781213
392.3,25.945564159254182,1.4325843546891865
392.40000000000003,94.2200541587909,5.202360397999212
392.5,50.31713460700124,2.7782606447996345
392.6,50.41992655107811,2.7839363021092516
392.70000000000005,53.01922753150676,2.927456708712635
392.8,77.35845655596955,4.271347267099501
392.90000000000003,57.837633410106925,3.193504994803302
393.0,14.683992377929378,0.8107766559199607
393.1,68.83996692581508,3.8009988524403933
393.20000000000005,37.443861569989686,2.067462859356721
393.3,45.511291311107826,2.5129060017274703
393.40000000000003,20.558428500845203,1.1351336531567524
393.5,53.05913632623012,2.9296602728588708
393.6,31.865262778784064,1.759440520728224
393.70000000000005,45.39555348388253,2.5065155374650256
393.8,38.48121790350591,2.124740490496725
393.90000000000003,78.24773043124534,4.320448525138615
394.0,79.2806854026206,4.377483135062978
394.1,44.439737063865344,2.4537401327420088
394.20000000000005,44.75659880463939,2.4712356541207785
394.3,36.88552660570873,2.0366343936661977
394.40000000000003,63.51811324705015,3.507152695488573
394.5,37.69194233399921,2.0811606390248736
394.6,36.03092905637742,1.9894477890037165
394.70000000000005,61.232171545969365,3.3809344218523116
394.8,33.930616284300314,1.8734790168944255
394.90000000000003,42.942909379926455,2.371092790463592
395.0,15.16140593280213,0.8371370458975788
395.1,56.302926212217,3.1087661351188114
395.20000000000005,78.56560490527363,4.337999964585174
395.3,56.61455671039626,3.125972813431735
395.40000000000003,69.9473850158515,3.8621449435466872
395.5,28.407661548808047,1.5685290648657004
395.6,47.893837076507616,2.64445826888545
395.70000000000005,26.665621361350986,1.472342313925437
395.8,39.54522017953583,2.1834893773830593
395.90000000000003,57.54730659234509,3.1774745992289604
396.0,45.48277103585937,2.5113312546970503
396.1,18.224961593178016,1.0062912751845379
396.20000000000005,19.98447610032044,1.1034428707061883
396.3,18.796549233166072,1.0378514873793667
396.40000000000003,52.50614661891263,2.899126945537691
396.5,80.81260164182004,4.462067891960186
396.6,68.18924839200383,3.765069427852731
396.70000000000005,9.539766415370849,0.5267382135213695
396.8,69.24936688525611,3.823603871668561
396.90000000000003,60.52770750626365,3.342037439095296
397.0,15.859600980482359,0.8756878862527464
397.1,38.219870899211045,2.1103102153560642
397.20000000000005,63.39940340692457,3.500598131530444
397.3,53.59030319682614,2.9589886522255484
397.40000000000003,20.121289057016263,1.110996998266421
397.5,54.68085880433149,3.019203681339629
397.6,5.214989270549417,0.28794563853013644
397.70000000000005,39.6817008363702,2.191025157006062
397.8,64.17822184920088,3.5436005927103253
397.90000000000003,44.02859588028376,2.431038971820931
398.0,34.71912410068498,1.917016476876767
398.1,59.710732567902284,3.2969281669404946
398.20000000000005,61.25053267155846,3.381948231422686
398.3,67.2882144716051,3.715318838908721
398.40000000000003,59.44816371203497,3.2824304272638654
398.5,63.17724629086864,3.4883317261136604
398.6,56.90735403387563,3.142139617982092
398.70000000000005,48.497015684096496,2.6777627763924428
398.8,45.33116199574865,2.5029601613741637
398.90000000000003,39.45182505624677,2.1783325655439745
399.0,21.90237072492494,1.2093394245944147
399.1,26.53189284124344,1.4649584935349493
399.20000000000005,38.65373932516623,2.13426626099076
399.3,48.078638872843726,2.6546621002812363
399.40000000000003,69.66962676407674,3.846808521357678
399.5,42.98514989824077,2.3734251007305653
399.6,61.80257323579795,3.4124291518077303
399.70000000000005,63.17018181577817,3.487941661113471
399.8,39.57895764160177,2.185352191389566
399.90000000000003,54.45192380466331,3.006563035071452
400.0,39.36649524895249,2.173621080136754
400.1,67.55094609341258,3.7298255657069226
400.20000000000005,55.20018008878678,3.047878006654015
400.3,22.328792415609605,1.232884298732643
400.40000000000003,46.667443738769244,2.576742959341395
400.5,73.42851891282984,4.054355755644624
400.6,40.50284137815938,2.2363644329588888
400.70000000000005,51.82637054171123,2.86159310865855
400.8,53.59581907930462,2.959293211682898
400.90000000000003,25.113287815037193,1.3866302153925891
401.0,52.96774308584325,2.9246139949865175
401.1,18.68846726337674,1.0318837412939936
401.20000000000005,32.51876608477487,1.7955237065149614
401.3,63.145513414895454,3.4865795953305545
401.40000000000003,50.20661322555045,2.7721582065965875
401.5,38.30689946056252,2.115115497470493
401.6,51.82629838241337,2.861589124382837
401.70000000000005,42.71083954040764,2.358279054009482
401.8,44.021413042333,2.4306423714152756
401.90000000000003,55.620233480962476,3.071071255182796
402.0,30.707380668135624,1.6955080586661953
402.1,44.52855529998443,2.4586442317507755
402.20000000000005,38.18417249708025,2.1083391280416364
402.3,15.266639257195404,0.8429475040241546
402.40000000000003,27.241796387512608,1.504155818653079
402.5,72.04021604714899,3.9777006113302855
402.6,50.74001966253421,2.801610243623922
402.70000000000005,19.992910574774996,1.1039085802228308
402.8,16.09362123472861,0.8886093148582596
402.90000000000003,41.80354979800949,2.3081830498466287
403.0,71.92635759717669,3.9714139168850124
403.1,40.465853573521656,2.2343221512835676
403.20000000000005,67.35599196127228,3.7190611730781122
403.3,50.167253874735835,2.7699849799964005
403.40000000000003,52.317508241226086,2.888711277298259
403.5,19.79453083251775,1.0929550425275005
403.6,60.715412591495635,3.3524015755907834
403.70000000000005,37.813723329075074,2.08788477680709
403.8,59.38066416499635,3.278703439697027
403.90000000000003,29.19244032424997,1.611860625848129
404.0,47.036888255178425,2.597141838736921
404.1,50.18855317087737,2.7711610206571846
404.20000000000005,41.08240030163441,2.2683647795805553
404.3,51.13931347555082,2.823657251965722
404.40000000000003,39.064852646534845,2.1569658834997165
404.5,32.17942444525697,1.7767869575013724
404.6,72.76370089029136,4.017647827770783
404.70000000000005,62.74865159450596,3.464666869464438
404.8,30.174434589132822,1.6660814403053053
404.90000000000003,54.10449750070303,2.9873798913014427
405.0,30.506780615379245,1.6844319265241194
405.1,22.553176414078163,1.245273661464384
405.20000000000005,62.488569945181574,3.4503064608999177
405.3,13.208706738346699,0.7293187576452781
405.40000000000003,60.56840644437774,3.344284631009754
405.5,39.33849837368495,2.1720752326368777
405.6,40.08216114455048,2.213136573379657
405.70000000000005,51.26802195321921,2.8307638907071975
405.8,54.356578615896545,3.0012985503647887
405.90000000000003,29.023322817079652,1.6025228024965477
406.0,56.81906095750114,3.1372645156692225
406.1,45.94316968445403,2.5367521666050883
406.20000000000005,21.296013728375314,1.1758594223373242
406.3,40.849759295564695,2.255519506164685
406.40000000000003,68.77302228006067,3.797302503748597
406.5,74.09120636842255,4.090946044262121
406.6,56.82727223695619,3.1377179014737124
406.70000000000005,22.491317212969342,1.2418581056045026
406.8,52.75092424420599,2.9126423423978576
406.90000000000003,59.23799626946547,3.270826031682329
407.0,56.987743699736995,3.1465783334744515
407.1,58.05667719638253,3.205599497712709
407.20000000000005,50.46873542645555,2.786631284218968
407.3,42.629077901050216,2.3537645849989706
407.40000000000003,32.98438507372767,1.8212328595218374
407.5,9.774660666973062,0.5397078998918905
407.6,50.05355180084031,2.763706919856385
407.70000000000005,47.2914511857394,2.611197531238616
407.8,53.98136517084669,2.9805811395677786
407.90000000000003,19.871713520727912,1.0972166847451856
408.0,55.560300407671086,3.0677620504725547
408.1,80.93431170317399,4.468788113136866
408.20000000000005,45.367102354002405,2.5049446082961966
408.3,42.84752425428227,2.365826100642196
408.40000000000003,49.52204240954262,2.7343596282087734
408.5,80.54456644478608,4.4472683282497965
408.6,25.539340289401967,1.4101547032512927
408.70000000000005,47.62522480109029,2.629626841791464
408.8,29.576166398642407,1.633048061484013
408.90000000000003,34.12641502479009,1.8842900445742172
409.0,43.082374458125095,2.378793354915632
409.1,68.22931834904406,3.7672818905764767
409.20000000000005,76.39783081239727,4.218306315570896
409.3,52.04905860328071,2.873888830232472
409.40000000000003,37.206294985577266,2.0543456201270316
409.5,88.85679959949333,4.906228291381492
409.6,36.29401933606864,2.003974319097378
409.70000000000005,33.712053541524725,1.861411074802421
409.8,12.046025197582921,0.665121295043949
409.90000000000003,69.12714824640538,3.816855569384816
410.0,61.428420662683294,3.3917703170558338
410.1,87.52299965009603,4.832582525652005
410.20000000000005,18.99357966007374,1.0487305226261288
410.3,70.25457453462397,3.8791064131765927
410.40000000000003,45.272439330590295,2.4997177893503695
410.5,58.522303902402456,3.2313090768174555
410.6,14.35501146011952,0.7926119741673154
410.70000000000005,70.44297280797535,3.889508824054884
410.8,58.17730152397295,3.212259770098396
410.90000000000003,43.32211937384808,2.392030870711122
411.0,55.63702837790018,3.071998585436395
411.1,30.24858458123952,1.6701756322041734
411.20000000000005,33.60007845952941,1.8552283705221482
411.3,35.69049695474287,1.9706508301231112
411.40000000000003,10.685898489575003,0.5900218973077056
411.5,59.54915289566061,3.288006545153108
411.6,65.4886850552862,3.6159578201311846
411.70000000000005,31.418305304250854,1.7347617632613415
411.8,50.31265428700674,2.77801326392602
411.90000000000003,39.26777145667374,2.168170045833317
412.0,49.95893131745855,2.758482449758382
412.1,32.756109658201474,1.808628632192814
412.20000000000005,28.153347190422554,1.5544870972769582
412.3,62.99484794842737,3.4782606014274235
412.40000000000003,42.910329467759134,2.369293890576059
412.5,80.46046111536256,4.442624452389608
412.6,44.89857936629452,2.4790751109947418
412.70000000000005,27.39809527369114,1.512785861831957
412.8,66.1549357758469,3.6527448544279597
412.90000000000003,55.42690295462836,3.060396509950429
413.0,57.15871154653563,3.1560183233307235
413.1,65.50831221962254,3.617041534032435
413.20000000000005,32.3296667107757,1.7850825843636013
413.3,41.791940438264824,2.3075420390350665
413.40000000000003,40.998903033219726,2.263754477809665
413.5,20.85406233551887,1.1514570756759426
413.6,39.34537729715162,2.172455052403947
413.70000000000005,68.14733024178284,3.7627549171403984
413.8,48.367085868289244,2.670588701464235
413.90000000000003,19.868396098790225,1.0970335132891067
414.0,16.09489059003117,0.8886794023127405
414.1,74.06846905746889,4.089690603611843
414.20000000000005,42.479257815407664,2.345492268799087
414.3,32.45411629737089,1.7919540684296056
414.40000000000003,39.178148231853946,2.163221499372521
414.5,17.52096042228802,0.9674198497297112
414.6,69.73071269120916,3.8501813808940697
414.70000000000005,37.04254712345147,2.0453042817327174
414.8,68.7332274992916,3.7951052348829775
414.90000000000003,45.05223086005167,2.4875589783980496
415.0,69.85657554223192,3.8571308983570565
415.1,48.74800098277554,2.6916209299456906
415.20000000000005,59.48818793164337,3.28464036459526
415.3,57.07617482959006,3.1514610584102973
415.40000000000003,55.35423919253548,3.056384380243472
415.5,50.400320589288796,2.78285375890666
415.6,39.948687109919476,2.205766804405047
415.70000000000005,78.62032444831148,4.341021304216512
415.8,27.82013426827379,1.5360887453999064
415.90000000000003,44.22503756217687,2.441885499511042
416.0,44.41794575373672,2.4525369255283658
416.1,51.39643356018339,2.837854137732401
416.20000000000005,36.42449237389898,2.0111783880302117
416.3,49.82293350061258,2.75097333014589
416.40000000000003,41.12083346634661,2.270486866814039
416.5,15.687354686117814,0.866177306912662
416.6,44.33694115262323,2.4480642563853583
416.70000000000005,24.357324005457272,1.3448896727831445
416.8,12.951056275919782,0.7150925870680782
416.90000000000003,46.63621977240893,2.575018928003145
417.0,52.95690015635219,2.9240153026222835
417.1,53.65806475788238,2.9627301068966685
417.20000000000005,54.3890727263545,3.00309271271084
417.3,9.395897623069018,0.5187944979900918
417.40000000000003,19.68669529766555,1.0870009033474626
417.5,79.71088586264608,4.401236653954676
417.6,25.34024231861335,1.3991615085667823
417.70000000000005,55.18763856046041,3.047185526153149
417.8,31.83012281001477,1.757500267312489
417.90000000000003,45.631609306816166,2.519549359997938
418.0,32.80142435907531,1.8111306834533232
418.1,54.31024078315361,2.9987400068769583
418.20000000000005,46.666934111700584,2.5767148202822168
418.3,36.1382840744038,1.995375396446668
418.40000000000003,25.306901845747216,1.3973206143193961
418.5,49.032435554865195,2.707325985168513
418.6,22.38606161723338,1.2360464177657147
418.70000000000005,51.912158758175096,2.8663299051285933
418.8,91.4967283626642,5.0519919610553945
418.90000000000003,68.52556092271622,3.7836389246201643
419.0,57.15526196409493,3.1558278546323204
419.1,42.68656864065934,2.3569389362521562
419.20000000000005,9.332452713936547,0.5152913872598733
419.3,20.431344873796686,1.128116730544109
419.40000000000003,67.32527140984884,3.717364937796177
419.5,30.02189055775396,1.65765872143848
419.6,31.65346223304716,1.7477459533534345
419.70000000000005,41.260791437687615,2.278214646361498
419.8,25.12816734076202,1.3874517884224815
419.90000000000003,22.165662778070548,1.2238770956095915
420.0,43.34146668993441,2.3930991327909275
420.1,28.204969815903347,1.5573374406018454
420.20000000000005,30.916665563979898,1.7070637244292899
420.3,30.19606152935389,1.6672755718343146
420.40000000000003,53.66248384902044,2.962974107018904
420.5,40.08423757108357,2.213251223273053
420.6,41.050704577910636,2.2666147001589434
420.70000000000005,55.0125261515599,3.0375166942956873
420.8,41.71328705180708,2.3031991922119612
420.90000000000003,39.26393216777089,2.167958059492161
421.0,52.74310640026307,2.91221068013562
421.1,56.30506118403736,3.1088840175903116
421.20000000000005,41.63267700884513,2.2987483085977414
421.3,45.73343996116939,2.525171939694366
421.40000000000003,30.2127758648001,1.6681984538850687
421.5,28.795205223038543,1.5899272892810037
421.6,58.13465503540254,3.2099050441832677
421.70000000000005,52.301457125803196,2.8878250149418494
421.8,52.49037189149837,2.898255943945494
421.90000000000003,49.3528782770594,2.725019230440487
422.0,45.131658964669164,2.49194460128523
422.1,56.83791403480985,3.1383054883543577
422.20000000000005,61.13695769841011,3.37567718915057
422.3,60.709604093431665,3.3520808593635465
422.40000000000003,42.49599751297224,2.3464165512192356
422.5,69.27836913835908,3.8252052311067692
422.6,48.42729227118178,2.673912998068716
422.70000000000005,55.700271466184375,3.0754905526282457
422.8,49.39758203502784,2.7274875484877765
422.90000000000003,48.76862073471514,2.6927594495725886
423.0,31.081464175494247,1.7161630799522936
423.1,56.95181509020687,3.1445945352582063
423.20000000000005,95.5452991083375,5.2755337994021705
423.3,37.58618865377851,2.0753214494506915
423.40000000000003,45.612904877649065,2.5185165949201114
423.5,36.305805241749276,2.0046250778929973
423.6,35.55564177188518,1.9632048010475869
423.70000000000005,72.14259060613611,3.983353222721696
423.8,32.23152168090564,1.7796635064272208
423.90000000000003,35.8140514794055,1.9774728933434866
424.0,15.775129172836579,0.8710237752970978
424.1,30.715488958239547,1.6959557579135451
424.20000000000005,13.603801926839743,0.7511339389292137
424.3,55.72998458581472,3.077131162562575
424.40000000000003,94.75454999307158,5.23187258609954
424.5,37.7622817142906,2.085044427988007
424.6,14.363357206175731,0.7930727845453419
424.70000000000005,60.5674939597352,3.3442342481691734
424.8,31.285350739257183,1.7274206768033504
424.90000000000003,67.76074474996372,3.7414095987680334
425.0,39.298477139781,2.1698654601611573
425.1,33.004817596509945,1.8223610412905995
425.20000000000005,41.17676399657765,2.273575071104632
425.3,58.02248169685137,3.2037113931670373
425.40000000000003,40.29142864639819,2.224691278733211
425.5,35.446455349713304,1.9571760726226504
425.6,40.81103114638031,2.2533811313632324
425.70000000000005,21.49910667898407,1.1870731998371669
425.8,51.54156884129165,2.8458677824445724
425.90000000000003,12.23642131079162,0.6756340166522447
426.0,36.40581382142072,2.0101470517337896
426.1,58.07143375895338,3.2064142813319143
426.20000000000005,49.859869092788905,2.753012728910095
426.3,55.033270313755025,3.0386620832349864
426.40000000000003,43.23917789106144,2.3874512566443187
426.5,65.46793125773931,3.614811899175928
426.6,61.05958554185625,3.371405085438072
426.70000000000005,52.44803807645815,2.895918482299693
426.8,61.11582399164378,3.374510291507328
426.90000000000003,57.93012397926438,3.198611861684977
427.0,36.51465675975597,2.0161568146982947
427.1,20.237319589555998,1.1174036242531369
427.20000000000005,51.996518265167225,2.8709878154035224
427.3,54.26210615496572,2.996082253326583
427.40000000000003,64.06349584049418,3.5372659960085406
427.5,27.583717049184717,1.5230349683778588
427.6,28.12424093301106,1.5528799952407362
427.70000000000005,52.720704793539866,2.91097377539481
427.8,43.16399420064444,2.3832999890920665
427.90000000000003,10.503791009719698,0.5799668325994852
428.0,51.201946947575436,2.827115559195103
428.1,11.108887530198814,0.6133772376689028
428.20000000000005,27.440382066279227,1.5151207271330098
428.3,68.78776471148193,3.7981165071163607
428.40000000000003,77.30782232052808,4.268551497731764
428.5,22.58068536750469,1.2467925683592513
428.6,38.535952326571504,2.1277626517288115
428.70000000000005,45.234705415416705,2.497634311180959
428.8,76.53208469646822,4.225719143933223
428.90000000000003,35.60085893916077,1.9657014669903576
429.0,35.891087585400996,1.9817264420240215
429.1,72.35456005233152,3.995057115935494
429.20000000000005,37.733795251071356,2.0834715478888177
429.3,57.482130761396235,3.173875915648673
429.40000000000003,17.896426627976304,0.9881512167056609
429.5,41.405310606338126,2.2861942724236113
429.6,14.61725691012472,0.8070918569888988
429.70000000000005,25.49469194279732,1.4076894447425183
429.8,59.60062439274074,3.2908485439231807
429.90000000000003,43.59920296043917,2.407330041261244
430.0,38.75609667004646,2.139917921905238
430.1,31.02500676834348,1.7130457841519762
430.20000000000005,40.53319068165691,2.2380401697861707
430.3,49.92753700781249,2.756749012915415
430.40000000000003,62.20249171631172,3.4345106511660997
430.5,0.0,0.0
430.6,29.543298863269428,1.6312332804808518
430.70000000000005,47.3812323594021,2.6161547988449536
430.8,42.740463912678855,2.359914763758275
430.90000000000003,51.783272365481054,2.859213442808773
431.0,49.34072515027797,2.7243481955313684
431.1,39.03987846611867,2.155586934099511
431.20000000000005,35.046642472230815,1.9351004041357738
431.3,40.113473184760984,2.2148654677156454
431.40000000000003,65.21236229680937,3.6007006587062613
431.5,31.36135720769714,1.7316173740450802
431.6,43.4094789834088,2.396854431652802
431.70000000000005,47.84265985197158,2.6416325183742364
431.8,72.63131673774025,4.010338236636459
431.90000000000003,39.14195135174636,2.1612228885960354
432.0,61.80851980819729,3.4127574918095522
432.1,66.7281292587704,3.6843937332423033
432.20000000000005,43.407423230168334,2.396740923235282
432.3,40.76455837661828,2.2508151373277396
432.40000000000003,38.637033903132114,2.1333438710940644
432.5,39.95768358363352,2.206263544711444
432.6,59.941317490382986,3.309659913698649
432.70000000000005,48.725679590599256,2.690388454251181
432.8,48.80521476505765,2.6947799889997492
432.90000000000003,24.318476813162977,1.3427447250162423
433.0,27.160178607245783,1.4996492928224197
433.1,83.15954284598564,4.591654253228951
433.20000000000005,41.379136944803584,2.284749093672085
433.3,30.636604079589517,1.6916001292487783
433.40000000000003,70.34478498060736,3.8840873830546068
433.5,49.660053876303934,2.741979931503641
433.6,54.99678850356139,3.036647740043474
433.70000000000005,42.107652644932394,2.324974088886834
433.8,38.85888436961753,2.1455933448544626
433.90000000000003,41.54494529504878,2.2939042019202653
434.0,19.71071293462472,1.088327037199597
434.1,43.01980663044184,2.375338672238634
434.20000000000005,49.93359538676712,2.757083526316315
434.3,77.91583820918757,4.302123095718596
434.40000000000003,46.15798317009388,2.5486130934600606
434.5,2.597313240214504,0.14341065352518947
434.6,42.92326220987682,2.3700079719468596
434.70000000000005,93.92857439594951,5.186266342560986
434.8,60.21459222973072,3.3247487787438788
434.90000000000003,30.026499011445406,1.6579131772143172
435.0,55.26491725975002,3.0514524696226957
435.1,31.27125835198467,1.7266425656240019
435.20000000000005,20.26146464815657,1.1187367936913466
435.3,38.3618514617867,2.1181496722808544
435.40000000000003,46.28247590629951,2.5554869600318546
435.5,10.938700956198879,0.6039803857911031
435.6,23.955132770304555,1.3226826832747898
435.70000000000005,44.82854013728238,2.4752078948848353
435.8,37.29788283219883,2.0594026431828563
435.90000000000003,51.75410288062963,2.8576028496693837
436.0,22.78597010844589,1.2581273655648035
436.1,57.506547473959415,3.1752240844607384
436.20000000000005,23.34733625291649,1.2891231978729605
436.3,74.22671743487734,4.098428287951209
436.40000000000003,13.776350881190304,0.7606612296407715
436.5,24.996523133098574,1.3801830533459756
436.6,52.17767445457292,2.880990354608481
436.70000000000005,74.6236985269575,4.1203475994038605
436.8,50.34077465009108,2.7795659298058424
436.90000000000003,54.80394256328304,3.025999751230729
437.0,44.99066423011505,2.484159576855775
437.1,26.20232782592652,1.4467615608377844
437.20000000000005,35.857509731691174,1.9798724407930797
437.3,22.868125040337024,1.2626635502230128
437.40000000000003,21.668220580016314,1.1964108240758304
437.5,51.91898054775544,2.866706570248064
437.6,24.472796322416688,1.3512654768959553
437.70000000000005,50.44447212102051,2.7852915857816583
437.8,21.262190460020243,1.173991870536465
437.90000000000003,50.03239436210159,2.7625387118522595
438.0,35.903713758666676,1.9824235961953078
438.1,70.0215796057116,3.86624159791056
438.20000000000005,50.531940120423165,2.7901211314685845
438.3,66.95159207389455,3.6967322328346306
438.40000000000003,31.108359104346533,1.7176480834795929
438.5,45.72308012439501,2.524599921295035
438.6,27.055431153906994,1.493865662066672
438.70000000000005,37.272605630600474,2.0580069624677306
438.8,40.00212399059667,2.2087173218326757
438.90000000000003,31.657052027631497,1.7479441638655093
439.0,22.84594854077749,1.2614390747745021
439.1,19.28418817425225,1.064776472068439
439.20000000000005,2.6145339172668542,0.14436149322830508
439.3,25.71826365693776,1.4200339571941545
439.40000000000003,56.0298901400932,3.093690448084624
439.5,15.964526423760905,0.8814813447232209
439.6,20.11378876744051,1.1105828697689288
439.70000000000005,76.97867428219247,4.250377588419099
439.8,33.288071102731436,1.8380008839601618
439.90000000000003,50.52632816496705,2.7898112673416646
440.0,56.311708637008905,3.1092510567137284
440.1,56.67797033606304,3.1294741968453597
440.20000000000005,17.353343849054927,0.9581649004471883
440.3,40.598425761809175,2.2416421248112917
440.40000000000003,15.631909148668946,0.863115881499091
440.5,88.79622146038582,4.902883469361476
440.6,16.057245247719198,0.8866008146939849
440.70000000000005,25.906376060343234,1.4304205837630564
440.8,26.03918461285292,1.4377536081415776
440.90000000000003,17.832611418988154,0.9846276598684882
441.0,69.12169037561782,3.8165542130430463
441.1,88.38156221950292,4.879988058902488
441.20000000000005,36.216515852372886,1.9996949641565904
441.3,21.014883356800617,1.16033680854971
441.40000000000003,4.520341022931625,0.24959063474446755
441.5,40.39354306660218,2.230329526561413
441.6,39.09542238309401,2.158653791538749
441.70000000000005,33.0691697255174,1.8259142441672513
441.8,48.77975457157211,2.693374204387364
441.90000000000003,51.910616570678755,2.8662447532442212
442.0,50.61549864288221,2.7947348153816045
442.1,39.112252304567235,2.1595830556721167
442.20000000000005,24.975807067663286,1.3790392157693034
442.3,56.79249576052089,3.135797718287615
442.40000000000003,45.03524766958755,2.486621251517174
442.5,60.80293544702371,3.357234150158738
442.6,59.036359890500165,3.259692678787444
442.70000000000005,19.225782757151922,1.0615516168965315
442.8,19.004000265763143,1.049305896381172
442.90000000000003,31.222767062670492,1.7239651190291312
443.0,25.81222265076798,1.4252219031458133
443.1,58.422031967569815,3.2257725618211364
443.20000000000005,51.153574167782516,2.824444656103584
443.3,64.61781188813559,3.567872557212221
443.40000000000003,51.97176271339653,2.8696209375842265
443.5,48.59319247372064,2.6830731779413965
443.6,66.43513604619507,3.6682161126752892
443.70000000000005,53.29759211523087,2.94282660952092
443.8,46.070817341878936,2.543800232155608
443.90000000000003,71.49565461075234,3.947632650997627
444.0,46.92325589675022,2.590867627936513
444.1,39.37436911147741,2.174055835465061
444.20000000000005,29.77418134200231,1.6439814568078102
444.3,57.5119582628174,3.175522841173713
444.40000000000003,67.12690975316444,3.706412398695772
444.5,43.951926774198256,2.426805687040846
444.6,68.4074812280371,3.777119154143581
444.70000000000005,9.407229424511634,0.5194201834196893
444.8,43.87183925345754,2.422383654491668
444.90000000000003,44.15079158212015,2.4377860076374036
445.0,31.789101296667752,1.7552352644061773
445.1,87.78699868367372,4.847159232592546
445.20000000000005,43.6885326116023,2.4122623780522514
445.3,37.5433461111202,2.072955898408877
445.40000000000003,45.352318041803095,2.5041282924812247
445.5,8.836852706535069,0.48792683228510836
445.6,31.21237734379153,1.7233914506893617
445.70000000000005,62.59081945001727,3.4559521674262137
445.8,33.57398361121006,1.8537875434423885
445.90000000000003,29.977747069595114,1.655221338689367
446.0,68.47146145725921,3.7806518225731605
446.1,69.02707921713292,3.8113302578192343
446.20000000000005,54.210828498900554,2.9932509574883737
446.3,36.715387987303984,2.0272401896566405
446.40000000000003,40.59952082790618,2.241702588887089
446.5,30.43780069165074,1.6806231999566583
446.6,27.00908385748439,1.4913065960417584
446.70000000000005,26.118003210448222,1.4421055770978317
446.8,33.79502067786627,1.8659921053302875
446.90000000000003,26.29752216767459,1.4520177165261385
447.0,16.778307866223315,0.9264142879983138
447.1,48.8767480555703,2.6987296997171133
447.20000000000005,49.152720456081866,2.713967516126585
447.3,75.54676965170971,4.171314972611419
447.40000000000003,32.90490936961535,1.816844608428496
447.5,50.26731061321887,2.77550961292603
447.6,50.56882642694643,2.7921578089253996
447.70000000000005,40.37342389974041,2.2292186467401596
447.8,58.34300459749417,3.2214090654921423
447.90000000000003,58.90162536331286,3.252253311714898
448.0,50.843399713555726,2.807318373259159
448.1,40.35098530913968,2.2279796999345103
448.20000000000005,38.51945804601837,2.12685192000923
448.3,20.33792982165294,1.12295881833329
448.40000000000003,30.45347998488155,1.681488932150307
448.5,33.766364569769614,1.8644098582889987
448.6,24.73350827627019,1.365660687725771
448.70000000000005,52.886131400377955,2.9201078056803316
448.8,66.50930164176617,3.6723111661194623
448.90000000000003,28.62737621807531,1.5806606105802583
449.0,50.07694584340351,2.764998621943233
449.1,26.363499488465372,1.4556606543689632
449.20000000000005,39.49140092309571,2.1805177470772437
449.3,32.55656757480244,1.7976109158300124
449.40000000000003,55.81912167492495,3.0820528670396117
449.5,32.76931287087355,1.8093576475955837
449.6,63.19988744683558,3.489581857566236
449.70000000000005,40.56952607447949,2.240046428542373
449.8,33.30213322862912,1.8387773242576642
449.90000000000003,22.438005282137564,1.2389144872827311
450.0,49.557681199094226,2.7363274240145734
450.1,61.11643128251024,3.374543823073213
450.20000000000005,49.92478274480387,2.756596936280248
450.3,85.30647036591552,4.710196858694178
450.40000000000003,70.7461751943159,3.906250144163006
450.5,39.477003128789875,2.1797227728482014
450.6,39.29051394886123,2.1694257725654267
450.70000000000005,53.47206117694204,2.9524599189625875
450.8,29.93570604432923,1.6529000434312904
450.90000000000003,66.01581602645268,3.6450633573062503
451.0,51.53411287218224,2.8454561011016803
451.1,49.64446845955629,2.741119382700118
451.20000000000005,57.39677278640875,3.16916287496224
451.3,76.04698414977463,4.198934316693437
451.40000000000003,48.11980874587976,2.6569352948679463
451.5,43.01866651028873,2.3752757205030774
451.6,72.22922598835308,3.9881367954497633
451.70000000000005,62.522145387141926,3.452160328966109
451.8,39.38979503900102,2.1749075780708975
451.90000000000003,45.36958947487973,2.5050819346782793
452.0,48.982479799353065,2.704567678070849
452.1,52.29965782938953,2.887725666788314
452.20000000000005,21.898754826816965,1.2091397727762527
452.3,19.403486401837842,1.071363523840844
452.40000000000003,32.51895215371446,1.7955339803116734
452.5,33.12465317485986,1.8289777628860704
452.6,41.82418513694236,2.3093224301093778
452.70000000000005,68.98071199476198,3.8087700915830602
452.8,60.199819704336306,3.3239331137373527
452.90000000000003,74.32130670514078,4.103651034616847
453.0,58.42892672180002,3.226153255683833
453.1,84.14486001510927,4.6460585418475775
453.20000000000005,117.33460670949708,6.478630443488736
453.3,133.90297944354606,7.3934531629242475
453.40000000000003,128.2464382557589,7.081127234779474
453.5,163.23824830022795,9.013200066353749
453.6,218.93243415564808,12.088354601976697
453.70000000000005,196.91584382759586,10.872708541865144
453.8,200.29204646050752,11.059125574097783
453.90000000000003,221.70207608376768,12.241280384201406
454.0,234.1385401168259,12.927959759992097
454.1,232.3814691475701,12.830943084417648
454.20000000000005,231.91996756916586,12.805461274238914
454.3,198.85775674742345,10.979931265951546
454.40000000000003,195.4570629395244,10.792161953464005
454.5,194.56457228691042,10.742883081060487
454.6,176.40334933256224,9.740111134891745
454.70000000000005,150.166918397916,8.291466570867048
454.8,138.13752261376538,7.627263468904758
454.90000000000003,124.33210259381933,6.864997186734382
455.0,122.81841101553141,6.781418704510223
455.1,90.71860843361736,5.009028068284276
455.20000000000005,87.70524579792928,4.842645246912786
455.3,61.09739838914681,3.373492921844411
455.40000000000003,73.60326754295427,4.064004501456549
455.5,64.38906579416432,3.555242341372315
455.6,69.07272344568416,3.8138505039508273
455.70000000000005,63.4122334730648,3.5013065436470323
455.8,59.17421376161926,3.2673042804387458
455.90000000000003,45.48669598642588,2.5115479708470634
456.0,50.82145823052144,2.806106874248359
456.1,65.03018553862731,3.59064176879515
456.20000000000005,33.833281063204396,1.8681046525504348
456.3,34.07489338247379,1.8814452770348724
456.40000000000003,48.54819732901454,2.680588770975054
456.5,52.70127232407965,2.909900811571368
456.6,30.36335578179459,1.676512724173917
456.70000000000005,43.8376670445341,2.4204968359369277
456.8,43.485634470386536,2.4010593569532657
456.90000000000003,5.301004168269095,0.2926949512059778
457.0,41.223914959876375,2.276178511597029
457.1,42.34648707283031,2.338161332096023
457.20000000000005,42.295030508183395,2.3353201578202682
457.3,70.66908345125876,3.9019935234820493
457.40000000000003,23.300681918831806,1.2865471787631844
457.5,30.344313944522657,1.6754613291071974
457.6,0.0,0.0
457.70000000000005,36.53600290256162,2.017335441997691
457.8,38.07341707558035,2.1022237673170108
457.90000000000003,36.01791119643927,1.9887290078523623
458.0,65.13819223784782,3.596605358815979
458.1,60.69361544450434,3.351198046094762
458.20000000000005,46.606421050589404,2.5733735915438425
458.3,38.536465040632976,2.1277909612363017
458.40000000000003,63.68141402725962,3.5161693482543663
458.5,44.85685852335374,2.476771494604112
458.6,30.4861392995837,1.683292216248891
458.70000000000005,14.325023805310828,0.7909562057728005
458.8,37.27633910988671,2.058213106530785
458.90000000000003,58.80608510910937,3.246978056469923
459.0,86.20269641177623,4.759681980840079
459.1,46.336486231410724,2.5584691401945627
459.20000000000005,31.453600727834562,1.7367106001148318
459.3,23.903126250884156,1.3198111432455888
459.40000000000003,55.17018813350078,3.0462220008086405
459.5,13.474411057083167,0.7439896219078093
459.6,55.14621182528799,3.0448981489232847
459.70000000000005,59.96130891273242,3.3107637401065078
459.8,53.098030158191555,2.9318077958350477
459.90000000000003,41.29358990510597,2.280025613777466
460.0,55.418931763842664,3.0599563806420917
460.1,48.329390680309395,2.6685073616168706
460.20000000000005,31.248770846509352,1.7254009179834964
460.3,78.56492180275046,4.337962247078577
460.40000000000003,38.92977116701071,2.1495073594534966
460.5,59.22604140809837,3.2701659439982897
460.6,1.7299429114771385,0.0955187998332139
460.70000000000005,68.24397589005672,3.7680912067202326
460.8,71.70774740378248,3.959343354807046
460.90000000000003,45.809508168279486,2.529372045836838
461.0,55.33287862527965,3.055204956498042
461.1,55.330773268936134,3.0550887092451298
461.20000000000005,33.70989574646696,1.861291932145842
461.3,55.13070149790812,3.044041746179289
461.40000000000003,30.729651542294008,1.696737745008289
461.5,34.32987537438413,1.8955241080094518
461.6,65.57497657782137,3.62072240664653
461.70000000000005,62.836338432603654,3.4695084983301614
461.8,32.580240961915734,1.7989180419265134
461.90000000000003,32.09312581698127,1.7720219786425562
462.0,33.6792611557619,1.8596004431850701
462.1,58.490012196378835,3.2295260902324765
462.20000000000005,27.305273945412853,1.5076607320850475
462.3,51.72832750264715,2.8561796621446387
462.40000000000003,58.753242591417305,3.2440603567951967
462.5,43.7240818947242,2.414225231760433
462.6,63.4961465435687,3.5059398039307537
462.70000000000005,39.83991694918374,2.1997610598557817
462.8,41.47059918210954,2.2897991812094043
462.90000000000003,27.732067839626588,1.5312261574415584
463.0,63.6341922571637,3.513561998164582
463.1,31.530131954380334,1.7409362718759733
463.20000000000005,51.625892718871064,2.850523725441438
463.3,44.048810791733175,2.432155138179701
463.40000000000003,26.384904863990073,1.4568425522030097
463.5,34.373643411180225,1.8979407602111416
463.6,70.23170030273322,3.8778434124366163
463.70000000000005,48.97233576742065,2.704007575336114
463.8,27.180293855396844,1.5007599562720568
463.90000000000003,50.84340917227646,2.8073188955224357
464.0,42.71994743129819,2.358781946215407
464.1,107.52533524039526,5.937011508117773
464.20000000000005,50.48722914416091,2.7876524148631936
464.3,38.50625275280544,2.1261227897293944
464.40000000000003,70.92050252016787,3.9158756276590463
464.5,12.223848988728776,0.6749398358751841
464.6,47.06276281485976,2.5985705025792805
464.70000000000005,81.26721290425931,4.487169253335043
464.8,43.27841288152443,2.3896176166875485
464.90000000000003,14.173081196334586,0.7825666944446228
465.0,38.24847664060924,2.11188968140004
465.1,71.55882473726265,3.951120589605049
465.20000000000005,52.149252733773885,2.8794210492620977
465.3,30.28309002877468,1.6720808505292406
465.40000000000003,33.05062947077757,1.8248905439806147
465.5,35.31289511930336,1.949801544348008
465.6,51.89156191297193,2.8651926502971743
465.70000000000005,69.48003039289576,3.8363399575063566
465.8,64.33861423038508,3.5524566582206165
465.90000000000003,53.60571927796431,2.9598398511632014
466.0,21.430394318965302,1.1832792468002447
466.1,21.49971474811806,1.1871067743750947
466.20000000000005,55.00353638184774,3.0370203241507623
466.3,21.189020237207902,1.1699517766003038
466.40000000000003,41.349793620765126,2.2831289020017844
466.5,50.887208031351186,2.8097372495762754
466.6,24.9383080834716,1.3769687093143268
466.70000000000005,26.980777981540463,1.4897436870691825
466.8,43.72582083777927,2.4143212475032048
466.90000000000003,54.48820517543297,3.0085663109999405
467.0,64.53233786744762,3.563153109062304
467.1,56.35446182586993,3.1116116740855237
467.20000000000005,46.755818709859504,2.581622583471089
467.3,32.00099443597311,1.766934944334955
467.40000000000003,26.158674074798657,1.4443512189193966
467.5,36.241712410075344,2.001086192118912
467.6,52.8188405296502,2.9163923401762366
467.70000000000005,51.50172671929217,2.8436678996328624
467.8,7.646764256947797,0.4222160971817848
467.90000000000003,31.305313491184954,1.7285229201738448
468.0,67.13113592891081,3.706645746994435
468.1,46.87837086047451,2.58838930060728
468.20000000000005,19.94883956414625,1.101475199320625
468.3,87.86228126876674,4.851315960614448
468.40000000000003,44.939048818334236,2.4813096318353405
468.5,52.38051126764134,2.8921899894737413
468.6,52.656445608812426,2.907425704436685
468.70000000000005,38.85078160911665,2.1451459509241517
468.8,32.3736737272149,1.787512431826558
468.90000000000003,83.66264973118693,4.619433300470007
469.0,63.532705653119514,3.5079584152063608
469.1,60.27236961995618,3.327938957411173
469.20000000000005,55.853205450927796,3.0839348027705404
469.3,27.42278697348968,1.5141492140645372
469.40000000000003,68.48054345132493,3.781153284885873
469.5,30.31111215578851,1.6736280923043172
469.6,50.589162366711626,2.793280657862763
469.70000000000005,15.98348170163776,0.882527960412843
469.8,8.75954068834465,0.4836580491124158
469.90000000000003,51.226741647756064,2.8284845985938984
470.0,30.936213190491657,1.7081430466494647
470.1,9.697483716649081,0.5354465744915975
470.20000000000005,55.235971053047365,3.049854204786545
470.3,83.66895387891421,4.61978138399397
470.40000000000003,70.52208465444112,3.893876984747856
470.5,40.880778065217896,2.2572322075665174
470.6,45.674215520545026,2.5219018621376437
470.70000000000005,61.496212622110434,3.3955134501730377
470.8,65.71830435702833,3.6286362501391562
470.90000000000003,39.338857061137425,2.172095037564976
471.0,46.14019888304234,2.547631134030196
471.1,50.93856652176166,2.8125730086829526
471.20000000000005,55.49977376501897,3.0644200718293826
471.3,43.13712404379719,2.381816353351054
471.40000000000003,43.373465588762606,2.3948659520262767
471.5,70.37448193557898,3.885727100457286
471.6,67.31137264397195,3.716597517422409
471.70000000000005,54.135890321849594,2.989113245956908
471.8,76.48896326041272,4.223338193792164
471.90000000000003,38.59147627992449,2.1308284068766183
472.0,74.76352207532885,4.1280679567868965
472.1,55.317777983639914,3.0543711745526556
472.20000000000005,104.43347019986261,5.766294176373121
472.3,24.092825317915405,1.3302853774484003
472.40000000000003,33.15178546008785,1.8304758720459255
472.5,53.10086090760986,2.9319640956674125
472.6,52.71521295362185,2.9106705434474636
472.70000000000005,80.67000171515033,4.454194236846235
472.8,33.53925570060839,1.85187004181885
472.90000000000003,61.861033336489925,3.415657026334213
473.0,66.49933408427593,3.671760807421253
473.1,58.261160979971656,3.216890070057152
473.20000000000005,28.282065845362236,1.56159429795648
473.3,70.92215849457557,3.915967062287858
473.40000000000003,67.71284876367744,3.738765021830528
473.5,56.38002135622679,3.1130229435833727
473.6,49.26825836976118,2.72034694216236
473.70000000000005,49.66244418079869,2.742111912169049
473.8,44.1777557396912,2.4392748336284886
473.90000000000003,57.13163241654756,3.1545231491375016
474.0,46.160427353009595,2.5487480490225436
474.1,30.329050443652456,1.6746185548892147
474.20000000000005,26.730350393103347,1.4759163274875795
474.3,32.070847434258745,1.7707918777150846
474.40000000000003,49.608380365890135,2.73912677856712
474.5,45.127294944166266,2.4917036418881775
474.6,49.49118827919749,2.732656017366524
474.70000000000005,54.632136403829996,3.0165134739402863
474.8,34.32822333349618,1.895432890569937
474.90000000000003,72.00438303021626,3.975722091259416
475.0,40.80620511314546,2.2531146619326576
475.1,37.825814273932835,2.088552378341222
475.20000000000005,54.312952271984145,2.9988897217358335
475.3,12.575316357248688,0.69434610702947
475.40000000000003,31.405379904987456,1.7340480873262492
475.5,63.296810376452996,3.4949334572357706
475.6,14.36640527688201,0.7932410837728707
475.70000000000005,65.7588355447968,3.6308741797180883
475.8,72.84545819446443,4.022162057414085
475.90000000000003,38.99730391917253,2.1532361804412496
476.0,50.90262981367358,2.810588763304821
476.1,65.79606752731848,3.632929943675551
476.20000000000005,37.252794615216644,2.0569130972306837
476.3,61.277459369471266,3.3834349890786983
476.40000000000003,33.57932168764792,1.854082285339002
476.5,37.06565872000277,2.0465803885626963
476.6,31.27694364215047,1.7269564789270004
476.70000000000005,51.835149585506464,2.8620778435717322
476.8,66.5134429461799,3.672539828247396
476.90000000000003,42.35846722189104,2.3388228160400955
477.0,22.79251512157674,1.2584887484722993
477.1,26.188777198837318,1.4460133629475762
477.20000000000005,52.78278958466973,2.914401787207961
477.3,78.87659544109685,4.355171307375878
477.40000000000003,52.77204998765916,2.913808800346755
477.5,38.723362088277455,2.138110481935472
477.6,59.481311403305114,3.2842606770752085
477.70000000000005,41.38152455943857,2.284880925816883
477.8,38.885866087444285,2.1470831404350865
477.90000000000003,28.44523609748526,1.5706037436138316
478.0,71.0520791964344,3.9231406339893944
478.1,0.0,0.0
478.20000000000005,60.06646560502685,3.3165699669916586
478.3,37.36009111964434,2.062837473845217
478.40000000000003,38.32386683387097,2.1160523510071
478.5,76.17417281012062,4.2059570387197205
478.6,32.86064034039908,1.8144002939297534
478.70000000000005,33.47625522748862,1.8483914706235802
478.8,43.37290369944845,2.3948349273071536
478.90000000000003,53.171752944620295,2.9358783995719193
479.0,37.77159591872835,2.0855587117966765
479.1,17.39803925035406,0.9606327570809725
479.20000000000005,30.147432744128224,1.6645905334025337
479.3,68.79650941636135,3.7985993460062666
479.40000000000003,47.0809822044392,2.5995764861957205
479.5,53.8570711066688,2.9737182426722226
479.6,41.034418270885325,2.265715451697938
479.70000000000005,33.87154146888115,1.870217200893579
479.8,75.9412500977574,4.193096210890532
479.90000000000003,42.36004657308055,2.3389100199178285
480.0,37.76934216851171,2.0854342709758904
480.1,65.4830625943961,3.6156473759467165
480.20000000000005,32.75251354038707,1.808430072543584
480.3,35.05240781206806,1.9354187373814729
480.40000000000003,45.94444031230417,2.536822324323285
480.5,45.76736187358724,2.5270449381272644
480.6,50.43800426225786,2.7849344629526906
480.70000000000005,83.41754360911878,4.6058997656600456
480.8,51.82246843434267,2.8613776537957385
480.90000000000003,2.967528670485592,0.16385209893048114
481.0,51.64838098176809,2.851765414902984
481.1,46.45933990081278,2.5652525056909252
481.20000000000005,46.56210043832624,2.5709264288871077
481.3,50.20955156913107,2.772320447240748
481.40000000000003,45.268790821853614,2.4995163369363063
481.5,44.840482325003,2.4758672827934705
481.6,56.82479577587415,3.1375811636722393
481.70000000000005,36.035045650498986,1.9896750867528412
481.8,28.73664595849484,1.5866939394223345
481.90000000000003,100.22556614720304,5.5339547492991015
482.0,32.914566011937794,1.8173777999453595
482.1,47.60507242428138,2.6285141282829416
482.20000000000005,18.883115484243387,1.0426312430314797
482.3,47.9039314709256,2.645015630884769
482.40000000000003,29.01194008759197,1.6018943050748837
482.5,37.847987028699805,2.0897766470210066
482.6,64.62616398388022,3.5683337181883013
482.70000000000005,54.31367223080533,2.998929474262968
482.8,56.05137144234674,3.09487653821309
482.90000000000003,13.940812908946473,0.7697420006911829
483.0,78.88911305692224,4.355862467547976
483.1,24.37363640304625,1.3457903618346523
483.20000000000005,73.34409465728956,4.049694270278535
483.3,64.22028958766676,3.54592336293777
483.40000000000003,56.22698935212424,3.1045732813020517
483.5,30.447773943649132,1.6811738730771415
483.6,48.56861720675142,2.6817162545476205
483.70000000000005,37.36591460839252,2.0631590177830996
483.8,46.36771228709525,2.5601932868948514
483.90000000000003,41.349799336459924,2.283129217593879
484.0,9.155010881696654,0.5054939362900671
484.1,66.04461471772258,3.646653477077613
484.20000000000005,44.3950711821115,2.451273906029951
484.3,37.131092808959735,2.0501933318591963
484.40000000000003,35.77410980906418,1.9752675139699676
484.5,52.31477237460182,2.8885602164194752
484.6,29.7773859106995,1.644158397072086
484.70000000000005,5.274339947467219,0.29122268622394537
484.8,53.19833645774897,2.937346208279684
484.90000000000003,55.216353963222794,3.048771047149474
485.0,42.28162715580261,2.3345800917032533
485.1,25.215248246579836,1.3922599607366792
485.20000000000005,47.48083973600714,2.621654620257976
485.3,19.520917370355406,1.0778474749016755
485.40000000000003,27.394849259622138,1.5126066331614294
485.5,32.374937142925106,1.7875821913264403
485.6,61.08090327604801,3.3725821441558197
485.70000000000005,39.36550289213549,2.1735662871539696
485.8,37.83340458802371,2.0889714775424197
485.90000000000003,81.08196527740243,4.476940805406544
486.0,52.24432494939685,2.884670461756315
486.1,52.00440118854687,2.8714230710269337
486.20000000000005,39.25038658624205,2.167210140192574
486.3,35.172809982538,1.9420667433614984
486.40000000000003,6.554684079691292,0.3619168889471532
486.5,63.34982957462405,3.497860912323346
486.6,53.984574703614825,2.9807583539232367
486.70000000000005,42.69251212215856,2.3572671055899246
486.8,43.4499193669474,2.3990873474760788
486.90000000000003,59.17309672069899,3.267242603023058
487.0,17.94021868456264,0.9905691951600964
487.1,35.309636032031506,1.9496215938405697
487.20000000000005,25.47654846793445,1.4066876527572407
487.3,77.81966708476143,4.296813006973556
487.40000000000003,61.696799573359414,3.406588858915368
487.5,6.289032459563444,0.34724893443835714
487.6,18.692290720480436,1.0320948534823415
487.70000000000005,43.56027787956525,2.4051807928763287
487.8,37.44107618269636,2.067309064194138
487.90000000000003,22.108620254616014,1.2207274926118932
488.0,80.95572027770882,4.46997018760426
488.1,51.578218451686425,2.847891390724383
488.20000000000005,54.501693811535645,3.009311086057757
488.3,33.50123091382015,1.849770503172904
488.40000000000003,58.96093464920405,3.255528074003125
488.5,39.114710302323786,2.1597187740210524
488.6,40.86482287326501,2.256351241624614
488.70000000000005,56.96553527685468,3.1453520953796374
488.8,16.648043828914606,0.919221759029521
488.90000000000003,74.71900147731769,4.125609751916857
489.0,49.258005865029766,2.719780850101904
489.1,69.03449575804764,3.811739762134312
489.20000000000005,26.622444380861275,1.4699582968983793
489.3,29.365527767492527,1.6214176492244734
489.40000000000003,25.07079601120338,1.3842840303953696
489.5,50.492858107967095,2.7879632181061815
489.6,47.177699434528435,2.6049167281655716
489.70000000000005,37.63308725383875,2.0779109557065873
489.8,27.741754528064973,1.5317610079547483
489.90000000000003,23.19876714484484,1.2809199544010834
490.0,45.12728979152819,2.4917033573852607
490.1,37.621937967405195,2.0772953478434233
490.20000000000005,33.66407413755128,1.8587618919572237
490.3,73.85511075036897,4.077910024441615
490.40000000000003,44.52813779253079,2.4586211790762458
490.5,68.87327281068465,3.80283783691151
490.6,36.416460711711466,2.010734919793354
490.70000000000005,50.42347310837582,2.7841321252744957
490.8,45.02143170738597,2.4858584031484328
490.90000000000003,15.465298428673794,0.8539164704042498
491.0,71.73508951275042,3.960853049384942
491.1,43.594735073416516,2.4070833468741846
491.20000000000005,59.46552795339329,3.2833891938702986
491.3,32.49598299569193,1.7942657382252234
491.40000000000003,43.06780113156424,2.3779886886729282
491.5,30.434157521379618,1.680422042305977
491.6,68.28797268974108,3.7705204900650595
491.70000000000005,51.64786825411217,2.8517371046448763
491.8,52.651963480255986,2.9071782237033217
491.90000000000003,70.49481464788963,3.8923712713049667
492.0,66.86414334418241,3.6919037511236876
492.1,59.82866565045314,3.303439842228248
492.20000000000005,20.46390775332567,1.1299146899744965
492.3,33.5352758486997,1.8516502942911652
492.40000000000003,27.990013551795652,1.5454686302336083
492.5,59.15810648526438,3.2664149171564136
492.6,49.13673495150093,2.713084876472889
492.70000000000005,21.0382761946493,1.1616284441182452
492.8,42.67260416579791,2.356167887756732
492.90000000000003,19.178477957061993,1.058939682305533
493.0,45.11818321474433,2.4912005377377375
493.1,16.280794928230677,0.8989441105587729
493.20000000000005,55.59889488092303,3.0698930443572445
493.3,52.885827268613326,2.9200910130446
493.40000000000003,80.42807288024386,4.440836135950534
493.5,61.349219210952164,3.387397208808033
493.6,38.47754339519496,2.124537602516139
493.70000000000005,60.81776167894075,3.3580527805709726
493.8,20.937050142986788,1.1560392475600756
493.90000000000003,28.772993133740467,1.588700848745039
494.0,52.09656557735198,2.876511927860081
494.1,7.254006070537308,0.40052995347050696
494.20000000000005,45.43610587119011,2.508754637576534
494.3,27.74276074186843,1.5318165660510557
494.40000000000003,47.93352699275874,2.6466497476565918
494.5,26.713245555149257,1.4749718838404067
494.6,53.7514664741934,2.967887282769468
494.70000000000005,46.46539362601301,2.565586762134771
494.8,71.32658650386395,3.9382975552826687
494.90000000000003,46.2437216138292,2.55334714172884
495.0,32.28942951069361,1.7828608873151082
495.1,41.6835545951089,2.30155751458141
495.20000000000005,21.933744853698837,1.2110717471505024
495.3,53.44297058469792,2.9508536818785998
495.40000000000003,56.75230443367491,3.133578554129906
495.5,90.58302866047072,5.00154203095512
495.6,34.94695216912071,1.9295960039356796
495.70000000000005,41.32219767384671,2.281605191761163
495.8,35.78134656011212,1.975667091187346
495.90000000000003,49.96554662036203,2.758847713715754
496.0,53.020429620633045,2.9275230820651164
496.1,45.19175280028681,2.4952626824874993
496.20000000000005,65.70886650371457,3.6281151390576567
496.3,35.051868932414,1.9353889831407585
496.40000000000003,63.91113286203282,3.5288532739787626
496.5,55.85546136553948,3.084059363098402
496.6,45.948461441818964,2.5370443509940377
496.70000000000005,40.498640466371384,2.236132479609716
496.8,89.85001965716465,4.961068938000306
496.90000000000003,31.46634428664257,1.7374142357289721
497.0,51.53779718543146,2.8456595304619436
497.1,32.67355673564162,1.8040704724793764
497.20000000000005,78.32117347518351,4.324503682893551
497.3,62.14537391838567,3.431356891888371
497.40000000000003,33.97470218085941,1.8759132197232926
497.5,55.41420988176211,3.0596956619176203
497.6,50.828522982977994,2.8064969545633174
497.70000000000005,36.893254284454706,2.037061077456983
497.8,59.84195591010712,3.3041736639302224
497.90000000000003,53.20499703987939,2.937713972329623
498.0,50.082576849947145,2.765309537975972
498.1,45.447945197638084,2.509408345999882
498.20000000000005,53.96398086679372,2.9796212651996368
498.3,50.336477906864275,2.7793286851236667
498.40000000000003,47.27367999445031,2.6102162948912904
498.5,34.67421351222386,1.9145367386835879
498.6,76.70279233372487,4.235144766319338
498.70000000000005,27.309941019726153,1.5079184245985873
498.8,53.91745193983541,2.9770521704444866
498.90000000000003,40.45816663857421,2.2338977171616645
499.0,77.89685085008739,4.301074708664191
499.1,29.964814329970867,1.6545072574562418
499.20000000000005,32.995261288314026,1.8218333897226464
499.3,28.775774861287147,1.5888544418347064
499.40000000000003,52.05737091711099,2.874347794650105
499.5,21.522588127764443,1.1883697280583967
499.6,37.62648709436021,2.077546527893441
499.70000000000005,7.499915188622872,0.41410782570648774
499.8,50.572584374305634,2.7923653039931304
499.90000000000003,37.243632542387274,2.056407213368945
500.0,19.464978609226645,1.0747588161420556
